Account IG,Nome attivita,Comune (prov),Segmento,Follower,Gancio (1-6),Esito verifica sito,DM inviato (data),Esito DM,Messaggio,Scheda,Lista,Prodotto,Letto (data),Chat
@beautyzone_olgiatecomasco,BeautyZone,Olgiate Comasco (CO),Estetica/parrucchieri,688,2,Dominio morto: beautyzoneolgiate.it non risolve più,2026-09-03,,"Buongiorno, sono Patrick Sappa — ho una piccola software house a Seveso, DenkiCode.

Le scrivo perché ho guardato il profilo di BeautyZone e il dominio beautyzoneolgiate.it, che compare ancora nelle ricerche, non si apre più.

Le sue foto erano già metà del lavoro: l'altra metà l'ho fatta io. La bozza del suo sito è già pronta, con le sue immagini e il suo nome — non deve scrivere testi, non deve mandarmi materiale, non deve decidere niente.

Gliela mando qui, la guarda con calma, e se non le piace me lo dice e non ci sentiamo più. Non le costa un euro e non la impegna a niente.

Sul costo non le faccio girare la testa: se poi decidesse di metterlo online, si parla di poche centinaia di euro una volta — non di migliaia — più una quota annuale per tenerlo attivo. Il numero preciso glielo faccio solo se la cosa le interessa davvero.

Gliela mando?","Piazza Italia, Olgiate Comasco - tel. 031 940162 / 347 8222418. Estetica e parrucchieri sotto lo stesso tetto.
⚠ beautyzoneolgiate.it non ha più DNS: NXDOMAIN sia da Google sia da Cloudflare, verificato il 3 settembre 2026. Le pagine /chi-siamo e /catalogo compaiono ancora nelle ricerche. È il gancio più forte della lista: il sito se l'erano pagato e non c'è più.",,,,
@hcparrucchieri_olgiate,HC Parrucchieri,Olgiate Comasco (CO),Parrucchieri,450,4,L'unico sito che risulta è una scheda Google che dà 404,2026-09-03,,"Buongiorno, sono Patrick Sappa — ho una piccola software house a Seveso, DenkiCode.

Le scrivo perché ho guardato il profilo di HC Parrucchieri e l'unico sito che mi risulta è una vecchia scheda Google che non si apre più.

Le sue foto erano già metà del lavoro: l'altra metà l'ho fatta io. La bozza del suo sito è già pronta, con le sue immagini e il suo nome — non deve scrivere testi, non deve mandarmi materiale, non deve decidere niente.

Gliela mando qui, la guarda con calma, e se non le piace me lo dice e non ci sentiamo più. Non le costa un euro e non la impegna a niente.

Sul costo non le faccio girare la testa: se poi decidesse di metterlo online, si parla di poche centinaia di euro una volta — non di migliaia — più una quota annuale per tenerlo attivo. Il numero preciso glielo faccio solo se la cosa le interessa davvero.

Gliela mando?","Via Lomazzo 4, Olgiate Comasco - tel. 031 803074. Titolare Natascia Lanzotti. Nel centro commerciale Bennet, aperto sette giorni su sette.
⚠ Il sito indicato su Google è hc-parrucchieri-milano-olgiate-comasco-di-natascia-lanzotti.business.site e risponde 404: Google ha chiuso il servizio delle schede-sito nel 2024. Verificato il 3 settembre 2026.",,,,
@beautyfarm_appianogentile,Beauty Farm,Appiano Gentile (CO),Estetica,n.d.,2,Dominio morto: beautyfarm-como.com non risolve più,2026-09-03,,"Buongiorno, sono Patrick Sappa — ho una piccola software house a Seveso, DenkiCode.

Le scrivo perché ho guardato il profilo di Beauty Farm e il dominio beautyfarm-como.com, che compare ancora nelle ricerche, non si apre più.

Le sue foto erano già metà del lavoro: l'altra metà l'ho fatta io. La bozza del suo sito è già pronta, con le sue immagini e il suo nome — non deve scrivere testi, non deve mandarmi materiale, non deve decidere niente.

Gliela mando qui, la guarda con calma, e se non le piace me lo dice e non ci sentiamo più. Non le costa un euro e non la impegna a niente.

Sul costo non le faccio girare la testa: se poi decidesse di metterlo online, si parla di poche centinaia di euro una volta — non di migliaia — più una quota annuale per tenerlo attivo. Il numero preciso glielo faccio solo se la cosa le interessa davvero.

Gliela mando?","Via XX Settembre 6, Appiano Gentile - tel. 031 890346. Titolare Teresa Costanzo. Luce pulsata, percorsi sposa, solarium.
⚠ beautyfarm-como.com è senza DNS, verificato il 3 settembre 2026, mentre le sue pagine /il-centro, /promozioni e /contatti sono ancora nei risultati di ricerca.",,,,
@sararusso_beauty,Little Beauty Diamond,Appiano Gentile (CO),PMU/estetica,n.d.,1,Nessun sito: solo Fresha e Facebook,2026-09-03,,"Buongiorno, sono Patrick Sappa — ho una piccola software house a Seveso, DenkiCode.

Le scrivo perché ho guardato il profilo di Little Beauty Diamond e su Google non trovo un suo sito: c'è Instagram, ci sono le schede degli altri, ma un sito suo no.

Le sue foto erano già metà del lavoro: l'altra metà l'ho fatta io. La bozza del suo sito è già pronta, con le sue immagini e il suo nome — non deve scrivere testi, non deve mandarmi materiale, non deve decidere niente.

Gliela mando qui, la guarda con calma, e se non le piace me lo dice e non ci sentiamo più. Non le costa un euro e non la impegna a niente.

Sul costo non le faccio girare la testa: se poi decidesse di metterlo online, si parla di poche centinaia di euro una volta — non di migliaia — più una quota annuale per tenerlo attivo. Il numero preciso glielo faccio solo se la cosa le interessa davvero.

Gliela mando?","Via Grilloni 14, Appiano Gentile - tel. 351 3292266. Titolare Sara Russo, microblading e trucco semipermanente. 4,9 su 19 recensioni.
Nessun dominio proprio: su Google escono solo la scheda Fresha e la pagina Facebook.",,,,
@newfantasy_parrucchieri,New Fantasy Acconciature,Lurate Caccivio (CO),Parrucchieri,3199,1,"Nessun sito: solo directory, Fresha e Facebook",2026-09-03,,"Buongiorno, sono Patrick Sappa — ho una piccola software house a Seveso, DenkiCode.

Le scrivo perché ho guardato il profilo di New Fantasy Acconciature e su Google non trovo un suo sito: c'è Instagram, ci sono le schede degli altri, ma un sito suo no.

Le sue foto erano già metà del lavoro: l'altra metà l'ho fatta io. La bozza del suo sito è già pronta, con le sue immagini e il suo nome — non deve scrivere testi, non deve mandarmi materiale, non deve decidere niente.

Gliela mando qui, la guarda con calma, e se non le piace me lo dice e non ci sentiamo più. Non le costa un euro e non la impegna a niente.

Sul costo non le faccio girare la testa: se poi decidesse di metterlo online, si parla di poche centinaia di euro una volta — non di migliaia — più una quota annuale per tenerlo attivo. Il numero preciso glielo faccio solo se la cosa le interessa davvero.

Gliela mando?","Via Unione 28, Lurate Caccivio - tel. 031 492577. New Fantasy S.a.s. di Oldani Mattia & C.
3.199 follower e 1.366 post: il profilo è pieno di foto utilizzabili. Nessun dominio proprio - Virgilio, PagineGialle, Fresha, Facebook e nient'altro.",,,,"Grazie per averci contattato! Non gestiamo le richieste tramite i messaggi privati, scrivici su WhatsApp | Grazie per averci contattato! Non gestiamo le richieste tramite i messaggi privati"
@betty_style_lurate_caccivio,Betty Style,Lurate Caccivio (CO),Parrucchieri,275,1,Nessun sito: solo Facebook,2026-09-03,,"Buongiorno, sono Patrick Sappa — ho una piccola software house a Seveso, DenkiCode.

Le scrivo perché ho guardato il profilo di Betty Style e su Google non trovo un suo sito: c'è Instagram, ci sono le schede degli altri, ma un sito suo no.

Le sue foto erano già metà del lavoro: l'altra metà l'ho fatta io. La bozza del suo sito è già pronta, con le sue immagini e il suo nome — non deve scrivere testi, non deve mandarmi materiale, non deve decidere niente.

Gliela mando qui, la guarda con calma, e se non le piace me lo dice e non ci sentiamo più. Non le costa un euro e non la impegna a niente.

Sul costo non le faccio girare la testa: se poi decidesse di metterlo online, si parla di poche centinaia di euro una volta — non di migliaia — più una quota annuale per tenerlo attivo. Il numero preciso glielo faccio solo se la cosa le interessa davvero.

Gliela mando?","Via Garibaldi 40, Lurate Caccivio - tel. 347 5846652.
Profilo piccolo (275 follower, 101 post): la bozza sarà corta, ma il gancio è pulito. Nessun dominio proprio.",,,,"Grazie per aver contattato il salone Betty Style, risponderemo il prima possibile | Grazie per aver contattato il salone Betty Style, risponderemo il prima possibile"
@cinzia_estetica_osnago,Cinzia Estetica e Parrucchieri,Osnago (LC),Estetica/parrucchieri,n.d.,2,Dominio morto: cinziaparrucchieriestetica.it non risolve più,2026-09-03,,"Buongiorno, sono Patrick Sappa — ho una piccola software house a Seveso, DenkiCode.

Le scrivo perché ho guardato il profilo di Cinzia Estetica e Parrucchieri e il dominio cinziaparrucchieriestetica.it, che compare ancora nelle ricerche, non si apre più.

Le sue foto erano già metà del lavoro: l'altra metà l'ho fatta io. La bozza del suo sito è già pronta, con le sue immagini e il suo nome — non deve scrivere testi, non deve mandarmi materiale, non deve decidere niente.

Gliela mando qui, la guarda con calma, e se non le piace me lo dice e non ci sentiamo più. Non le costa un euro e non la impegna a niente.

Sul costo non le faccio girare la testa: se poi decidesse di metterlo online, si parla di poche centinaia di euro una volta — non di migliaia — più una quota annuale per tenerlo attivo. Il numero preciso glielo faccio solo se la cosa le interessa davvero.

Gliela mando?","Via Gorizia 38, Osnago - tel. 039 2263831. Estetica e parrucchieri, 4,6 su 23 recensioni Google.
⚠ cinziaparrucchieriestetica.it è senza DNS, verificato il 3 settembre 2026: le directory lo indicano ancora come ""il sito ufficiale"".",,,,
@ninfeaesteticabarzano,Ninfea Estetica e Benessere,Barzanò (LC),Estetica,n.d.,6,"Sito vivo ma fermo: WordPress 6.1.1, di fine 2022",2026-09-03,,"Buongiorno, sono Patrick Sappa — ho una piccola software house a Seveso, DenkiCode.

Le scrivo perché ho guardato il profilo di Ninfea Estetica e Benessere e il suo sito c'è, ma è fermo al 2022.

Le sue foto erano già metà del lavoro: l'altra metà l'ho fatta io. La bozza del suo sito è già pronta, con le sue immagini e il suo nome — non deve scrivere testi, non deve mandarmi materiale, non deve decidere niente.

Gliela mando qui, la guarda con calma, e se non le piace me lo dice e non ci sentiamo più. Non le costa un euro e non la impegna a niente.

Sul costo non le faccio girare la testa: se poi decidesse di metterlo online, si parla di poche centinaia di euro una volta — non di migliaia — più una quota annuale per tenerlo attivo. Il numero preciso glielo faccio solo se la cosa le interessa davvero.

Gliela mando?","Via Garibaldi 100, Barzanò - tel. 039 9217165 / 380 5862812. Aperto dal 2002. Massaggi, viso e corpo, laser.
centroninfea.it è online ma gira su WordPress 6.1.1, versione di novembre 2022, e la pagina è un biglietto da visita: nessun servizio, nessun listino, nessuna foto. Se chiede ""in che senso fermo"": nessun aggiornamento da fine 2022.",,,,
@sabry_hairsalon,Sabry Hair Salon,Oggiono (LC),Parrucchieri/estetica,525,1,Nessun sito: solo Fresha e Facebook,2026-09-03,,"Buongiorno, sono Patrick Sappa — ho una piccola software house a Seveso, DenkiCode.

Le scrivo perché ho guardato il profilo di Sabry Hair Salon e su Google non trovo un suo sito: c'è Instagram, ci sono le schede degli altri, ma un sito suo no.

Le sue foto erano già metà del lavoro: l'altra metà l'ho fatta io. La bozza del suo sito è già pronta, con le sue immagini e il suo nome — non deve scrivere testi, non deve mandarmi materiale, non deve decidere niente.

Gliela mando qui, la guarda con calma, e se non le piace me lo dice e non ci sentiamo più. Non le costa un euro e non la impegna a niente.

Sul costo non le faccio girare la testa: se poi decidesse di metterlo online, si parla di poche centinaia di euro una volta — non di migliaia — più una quota annuale per tenerlo attivo. Il numero preciso glielo faccio solo se la cosa le interessa davvero.

Gliela mando?","Via 1 Maggio 96, Oggiono - tel. 0341 1551578, WhatsApp 349 1636433. Capelli più estetica: manicure, viso, trucco.
Nessun dominio proprio. Attenzione: sabryhair.it esiste ma è un salone di Loano, non è loro.",,,,
@londacislago,L'Onda Acconciature,Cislago (VA),Parrucchieri,n.d.,1,Nessun sito: solo directory e Facebook,2026-09-03,,"Buongiorno, sono Patrick Sappa — ho una piccola software house a Seveso, DenkiCode.

Le scrivo perché ho guardato il profilo di L'Onda Acconciature e su Google non trovo un suo sito: c'è Instagram, ci sono le schede degli altri, ma un sito suo no.

Le sue foto erano già metà del lavoro: l'altra metà l'ho fatta io. La bozza del suo sito è già pronta, con le sue immagini e il suo nome — non deve scrivere testi, non deve mandarmi materiale, non deve decidere niente.

Gliela mando qui, la guarda con calma, e se non le piace me lo dice e non ci sentiamo più. Non le costa un euro e non la impegna a niente.

Sul costo non le faccio girare la testa: se poi decidesse di metterlo online, si parla di poche centinaia di euro una volta — non di migliaia — più una quota annuale per tenerlo attivo. Il numero preciso glielo faccio solo se la cosa le interessa davvero.

Gliela mando?","Via Umberto I 94, Cislago - tel. 02 96382072, WhatsApp 329 8788631. Uomo e donna.
Nessun dominio proprio: Virgilio, PagineGialle, PagineBianche, Facebook.",,,,
@blackstar_parrucchiere,Black Star,Gerenzano (VA),Parrucchieri,n.d.,1,Nessun sito: solo Fresha e Instagram,2026-09-03,,"Buongiorno, sono Patrick Sappa — ho una piccola software house a Seveso, DenkiCode.

Le scrivo perché ho guardato il profilo di Black Star e su Google non trovo un suo sito: c'è Instagram, ci sono le schede degli altri, ma un sito suo no.

Le sue foto erano già metà del lavoro: l'altra metà l'ho fatta io. La bozza del suo sito è già pronta, con le sue immagini e il suo nome — non deve scrivere testi, non deve mandarmi materiale, non deve decidere niente.

Gliela mando qui, la guarda con calma, e se non le piace me lo dice e non ci sentiamo più. Non le costa un euro e non la impegna a niente.

Sul costo non le faccio girare la testa: se poi decidesse di metterlo online, si parla di poche centinaia di euro una volta — non di migliaia — più una quota annuale per tenerlo attivo. Il numero preciso glielo faccio solo se la cosa le interessa davvero.

Gliela mando?","Via Carlo Berra 38, Gerenzano - tel. 02 97388667. Titolare Hassan Mahfoud.
Nessun dominio proprio. Attenzione: blackstarparrucchieri.it esiste ma è di Torino, non è loro.",,,,
@sb.esteticaeunghie,SB Estetica e Unghie,Caronno Pertusella (VA),Estetica/nail,n.d.,1,Nessun sito: solo Treatwell,2026-09-03,,"Buongiorno, sono Patrick Sappa — ho una piccola software house a Seveso, DenkiCode.

Le scrivo perché ho guardato il profilo di SB Estetica e Unghie e su Google non trovo un suo sito: c'è Instagram, ci sono le schede degli altri, ma un sito suo no.

Le sue foto erano già metà del lavoro: l'altra metà l'ho fatta io. La bozza del suo sito è già pronta, con le sue immagini e il suo nome — non deve scrivere testi, non deve mandarmi materiale, non deve decidere niente.

Gliela mando qui, la guarda con calma, e se non le piace me lo dice e non ci sentiamo più. Non le costa un euro e non la impegna a niente.

Sul costo non le faccio girare la testa: se poi decidesse di metterlo online, si parla di poche centinaia di euro una volta — non di migliaia — più una quota annuale per tenerlo attivo. Il numero preciso glielo faccio solo se la cosa le interessa davvero.

Gliela mando?","Via Dante 87, Caronno Pertusella. Simona e Beatrice: unghie, estetica, massaggi.
4,9 su 158 recensioni verificate su Treatwell - hanno già la prova sociale, gli manca solo il posto dove metterla. Nessun dominio proprio.",,,,
@pettinatobiagio_parrucchiere,Kreatif Studio,Tradate (VA),Parrucchieri/barber,n.d.,1,Nessun sito: solo Facebook e directory,2026-09-03,,"Buongiorno, sono Patrick Sappa — ho una piccola software house a Seveso, DenkiCode.

Le scrivo perché ho guardato il profilo di Kreatif Studio e su Google non trovo un suo sito: c'è Instagram, ci sono le schede degli altri, ma un sito suo no.

Le sue foto erano già metà del lavoro: l'altra metà l'ho fatta io. La bozza del suo sito è già pronta, con le sue immagini e il suo nome — non deve scrivere testi, non deve mandarmi materiale, non deve decidere niente.

Gliela mando qui, la guarda con calma, e se non le piace me lo dice e non ci sentiamo più. Non le costa un euro e non la impegna a niente.

Sul costo non le faccio girare la testa: se poi decidesse di metterlo online, si parla di poche centinaia di euro una volta — non di migliaia — più una quota annuale per tenerlo attivo. Il numero preciso glielo faccio solo se la cosa le interessa davvero.

Gliela mando?","Tradate - tel. 0331 1691671. Titolare Biagio Pettinato, salone unisex con barberia. Il 96% consiglia il salone su 21 recensioni Facebook.
Nessun dominio proprio. ⚠ L'indirizzo balla fra le fonti (salita Pusterla 3 sulla bio, piazza Braschi 3 sulle directory): non nominarlo nel messaggio.",,,,
@barbershop.tradate.bandidos,Barber Shop Bandidos,Tradate (VA),Barber,9314,2,Dominio morto: barbershop-bandidos.it non risolve più,2026-09-03,,"Buongiorno, sono Patrick Sappa — ho una piccola software house a Seveso, DenkiCode.

Le scrivo perché ho guardato il profilo di Barber Shop Bandidos e il dominio barbershop-bandidos.it, che compare ancora nelle ricerche, non si apre più.

Le sue foto erano già metà del lavoro: l'altra metà l'ho fatta io. La bozza del suo sito è già pronta, con le sue immagini e il suo nome — non deve scrivere testi, non deve mandarmi materiale, non deve decidere niente.

Gliela mando qui, la guarda con calma, e se non le piace me lo dice e non ci sentiamo più. Non le costa un euro e non la impegna a niente.

Sul costo non le faccio girare la testa: se poi decidesse di metterlo online, si parla di poche centinaia di euro una volta — non di migliaia — più una quota annuale per tenerlo attivo. Il numero preciso glielo faccio solo se la cosa le interessa davvero.

Gliela mando?","Corso Bernacchi 150, Tradate - tel. 347 9795279. Tre barbieri, aperto tutti i giorni, taglio 15 EUR, barba 5 EUR.
9.314 follower: è il profilo più grande della lista, con foto già pronte.
⚠ barbershop-bandidos.it è senza DNS, verificato il 3 settembre 2026, ma le directory lo danno ancora come sito ufficiale.",,,,
@iltuostile.cdj,Il Tuo Stile - Degradé Joelle,Tradate (VA),Parrucchieri,n.d.,5,Su piattaforma: il sito è una pagina Treatwell,2026-09-03,,"Buongiorno, sono Patrick Sappa — ho una piccola software house a Seveso, DenkiCode.

Le scrivo perché ho guardato il profilo di Il Tuo Stile - Degradé Joelle e quello che ha non è un sito suo: è una pagina su Treatwell, e si vede dall'indirizzo.

Le sue foto erano già metà del lavoro: l'altra metà l'ho fatta io. La bozza del suo sito è già pronta, con le sue immagini e il suo nome — non deve scrivere testi, non deve mandarmi materiale, non deve decidere niente.

Gliela mando qui, la guarda con calma, e se non le piace me lo dice e non ci sentiamo più. Non le costa un euro e non la impegna a niente.

Sul costo non le faccio girare la testa: se poi decidesse di metterlo online, si parla di poche centinaia di euro una volta — non di migliaia — più una quota annuale per tenerlo attivo. Il numero preciso glielo faccio solo se la cosa le interessa davvero.

Gliela mando?","Corso Bernacchi 11, Tradate - tel. 392 3614699. Titolare Alessia Ventura, centro Degradé Joelle.
Il ""sito"" indicato è iltuostile.mytreatwell.it: una mini-pagina dentro Treatwell. Verificato il 3 settembre 2026. Il dominio è di Treatwell, non suo: se domani cambia piattaforma, l'indirizzo sparisce.",,,,
@beauty.and.charme,Beauty & Charme,Castiglione Olona (VA),Estetica,n.d.,1,Nessun sito: solo Fresha e Instagram,2026-09-03,,"Buongiorno, sono Patrick Sappa — ho una piccola software house a Seveso, DenkiCode.

Le scrivo perché ho guardato il profilo di Beauty & Charme e su Google non trovo un suo sito: c'è Instagram, ci sono le schede degli altri, ma un sito suo no.

Le sue foto erano già metà del lavoro: l'altra metà l'ho fatta io. La bozza del suo sito è già pronta, con le sue immagini e il suo nome — non deve scrivere testi, non deve mandarmi materiale, non deve decidere niente.

Gliela mando qui, la guarda con calma, e se non le piace me lo dice e non ci sentiamo più. Non le costa un euro e non la impegna a niente.

Sul costo non le faccio girare la testa: se poi decidesse di metterlo online, si parla di poche centinaia di euro una volta — non di migliaia — più una quota annuale per tenerlo attivo. Il numero preciso glielo faccio solo se la cosa le interessa davvero.

Gliela mando?","Via Boccaccio 3, Castiglione Olona - tel. 346 9741434. Titolare Veronica Caiazzo: viso, epilazione laser, microneedling, trucco sposa.
Nessun dominio proprio.",,,,
@massimoesimone_barbershop,Massimo & Simone Barbershop,Gallarate (VA),Barber,n.d.,1,"Nessun sito: solo Treatwell, Uala e directory",2026-09-03,,"Buongiorno, sono Patrick Sappa — ho una piccola software house a Seveso, DenkiCode.

Le scrivo perché ho guardato il profilo di Massimo & Simone Barbershop e su Google non trovo un suo sito: c'è Instagram, ci sono le schede degli altri, ma un sito suo no.

Le sue foto erano già metà del lavoro: l'altra metà l'ho fatta io. La bozza del suo sito è già pronta, con le sue immagini e il suo nome — non deve scrivere testi, non deve mandarmi materiale, non deve decidere niente.

Gliela mando qui, la guarda con calma, e se non le piace me lo dice e non ci sentiamo più. Non le costa un euro e non la impegna a niente.

Sul costo non le faccio girare la testa: se poi decidesse di metterlo online, si parla di poche centinaia di euro una volta — non di migliaia — più una quota annuale per tenerlo attivo. Il numero preciso glielo faccio solo se la cosa le interessa davvero.

Gliela mando?","Via del Borgo Antico 3, Gallarate - Massi 338 1179587, Simo 346 6703217. Barber shop vintage, 4,8 su 205 recensioni.
Nessun dominio proprio: Treatwell, Uala, Foursquare, labarbaperfetta.it.",,,,
@hh_salon_gallarate,H&H Salon,Gallarate (VA),Parrucchieri/nail,n.d.,1,Nessun sito: solo directory locali,2026-09-03,,"Buongiorno, sono Patrick Sappa — ho una piccola software house a Seveso, DenkiCode.

Le scrivo perché ho guardato il profilo di H&H Salon e su Google non trovo un suo sito: c'è Instagram, ci sono le schede degli altri, ma un sito suo no.

Le sue foto erano già metà del lavoro: l'altra metà l'ho fatta io. La bozza del suo sito è già pronta, con le sue immagini e il suo nome — non deve scrivere testi, non deve mandarmi materiale, non deve decidere niente.

Gliela mando qui, la guarda con calma, e se non le piace me lo dice e non ci sentiamo più. Non le costa un euro e non la impegna a niente.

Sul costo non le faccio girare la testa: se poi decidesse di metterlo online, si parla di poche centinaia di euro una volta — non di migliaia — più una quota annuale per tenerlo attivo. Il numero preciso glielo faccio solo se la cosa le interessa davvero.

Gliela mando?","Piazza Risorgimento 4, Gallarate - tel. 338 8722946. Capelli e unghie, aperto 9-20 dal lunedì al sabato, in centro.
Nessun dominio proprio.",,,,
@diamond_gallarate,Diamond Beauty Studio,Gallarate (VA),Nail/ciglia,n.d.,1,Nessun sito: solo Fresha e Facebook,2026-09-03,,"Buongiorno, sono Patrick Sappa — ho una piccola software house a Seveso, DenkiCode.

Le scrivo perché ho guardato il profilo di Diamond Beauty Studio e su Google non trovo un suo sito: c'è Instagram, ci sono le schede degli altri, ma un sito suo no.

Le sue foto erano già metà del lavoro: l'altra metà l'ho fatta io. La bozza del suo sito è già pronta, con le sue immagini e il suo nome — non deve scrivere testi, non deve mandarmi materiale, non deve decidere niente.

Gliela mando qui, la guarda con calma, e se non le piace me lo dice e non ci sentiamo più. Non le costa un euro e non la impegna a niente.

Sul costo non le faccio girare la testa: se poi decidesse di metterlo online, si parla di poche centinaia di euro una volta — non di migliaia — più una quota annuale per tenerlo attivo. Il numero preciso glielo faccio solo se la cosa le interessa davvero.

Gliela mando?","Via Postporta 3, Gallarate - tel. 366 2532287. Manicure, pedicure, ciglia e sopracciglia.
Recensioni buone sull'extension ciglia (l'operatrice citata è Natalia). Nessun dominio proprio.",,,,
@adelis_beauty_gallarate,AdeliS Beauty,Gallarate (VA),Nail/sopracciglia,n.d.,1,Nessun sito: solo Instagram e WhatsApp,2026-09-03,,"Buongiorno, sono Patrick Sappa — ho una piccola software house a Seveso, DenkiCode.

Le scrivo perché ho guardato il profilo di AdeliS Beauty e su Google non trovo un suo sito: c'è Instagram, ci sono le schede degli altri, ma un sito suo no.

Le sue foto erano già metà del lavoro: l'altra metà l'ho fatta io. La bozza del suo sito è già pronta, con le sue immagini e il suo nome — non deve scrivere testi, non deve mandarmi materiale, non deve decidere niente.

Gliela mando qui, la guarda con calma, e se non le piace me lo dice e non ci sentiamo più. Non le costa un euro e non la impegna a niente.

Sul costo non le faccio girare la testa: se poi decidesse di metterlo online, si parla di poche centinaia di euro una volta — non di migliaia — più una quota annuale per tenerlo attivo. Il numero preciso glielo faccio solo se la cosa le interessa davvero.

Gliela mando?","Via Scipione Ronchetti 2, Gallarate - WhatsApp 327 0615860. Sette anni di attività, epilazione sopracciglia con filo.
Nessun dominio proprio: prenota solo via Direct o WhatsApp.",,,,
@estetica_il_sogno,Estetica Il Sogno,Busto Arsizio (VA),Estetica/nail,n.d.,1,"Nessun sito: solo Treatwell, Fresha, Groupon e CutApp",2026-09-03,,"Buongiorno, sono Patrick Sappa — ho una piccola software house a Seveso, DenkiCode.

Le scrivo perché ho guardato il profilo di Estetica Il Sogno e su Google non trovo un suo sito: c'è Instagram, ci sono le schede degli altri, ma un sito suo no.

Le sue foto erano già metà del lavoro: l'altra metà l'ho fatta io. La bozza del suo sito è già pronta, con le sue immagini e il suo nome — non deve scrivere testi, non deve mandarmi materiale, non deve decidere niente.

Gliela mando qui, la guarda con calma, e se non le piace me lo dice e non ci sentiamo più. Non le costa un euro e non la impegna a niente.

Sul costo non le faccio girare la testa: se poi decidesse di metterlo online, si parla di poche centinaia di euro una volta — non di migliaia — più una quota annuale per tenerlo attivo. Il numero preciso glielo faccio solo se la cosa le interessa davvero.

Gliela mando?","Via della Vite 1, quartiere Beata Giuliana, Busto Arsizio - tel. 0331 683828 / 346 9514005. Titolare Romina Tema, aperta dal 2015.
Quattro piattaforme di prenotazione diverse e nessun dominio proprio: la vetrina la stanno affittando quattro volte.",,,,
@next.bustoarsizio,Next Beauty Clinique,Busto Arsizio (VA),Estetica,n.d.,5,Su piattaforma: le prenotazioni girano su un sottodominio Reservio,2026-09-03,,"Buongiorno, sono Patrick Sappa — ho una piccola software house a Seveso, DenkiCode.

Le scrivo perché ho guardato il profilo di Next Beauty Clinique e quello che ha non è un sito suo: è una pagina su Reservio, e si vede dall'indirizzo.

Le sue foto erano già metà del lavoro: l'altra metà l'ho fatta io. La bozza del suo sito è già pronta, con le sue immagini e il suo nome — non deve scrivere testi, non deve mandarmi materiale, non deve decidere niente.

Gliela mando qui, la guarda con calma, e se non le piace me lo dice e non ci sentiamo più. Non le costa un euro e non la impegna a niente.

Sul costo non le faccio girare la testa: se poi decidesse di metterlo online, si parla di poche centinaia di euro una volta — non di migliaia — più una quota annuale per tenerlo attivo. Il numero preciso glielo faccio solo se la cosa le interessa davvero.

Gliela mando?","Via dei Mille 11, Busto Arsizio - tel. 351 7979103. Aperta fino alle 21.30 il lunedì e il giovedì.
L'indirizzo che gira è next-beauty-clinique.reservio.com, cioè la pagina di prenotazione di Reservio. Verificato il 3 settembre 2026.",,,,
@noemiemotion,Noemi Emotion,Cassano Magnago (VA),Parrucchieri,1097,1,"Nessun sito: solo Fresha, Groupon e Facebook",2026-09-03,,"Buongiorno, sono Patrick Sappa — ho una piccola software house a Seveso, DenkiCode.

Le scrivo perché ho guardato il profilo di Noemi Emotion e su Google non trovo un suo sito: c'è Instagram, ci sono le schede degli altri, ma un sito suo no.

Le sue foto erano già metà del lavoro: l'altra metà l'ho fatta io. La bozza del suo sito è già pronta, con le sue immagini e il suo nome — non deve scrivere testi, non deve mandarmi materiale, non deve decidere niente.

Gliela mando qui, la guarda con calma, e se non le piace me lo dice e non ci sentiamo più. Non le costa un euro e non la impegna a niente.

Sul costo non le faccio girare la testa: se poi decidesse di metterlo online, si parla di poche centinaia di euro una volta — non di migliaia — più una quota annuale per tenerlo attivo. Il numero preciso glielo faccio solo se la cosa le interessa davvero.

Gliela mando?","Due sedi: via Piave 13 e via San Giulio 55, Cassano Magnago - tel. 349 5418552. Trattamenti benessere per capelli e cute.
Due negozi e nessun dominio proprio: è l'argomento più semplice della lista.",,,,
@lucaparrucchiere,Luca Parrucchiere,Cassano Magnago (VA),Barber/parrucchieri,404,4,L'unico sito che risulta è una scheda Google che dà 404,2026-09-03,,"Buongiorno, sono Patrick Sappa — ho una piccola software house a Seveso, DenkiCode.

Le scrivo perché ho guardato il profilo di Luca Parrucchiere e l'unico sito che mi risulta è una vecchia scheda Google che non si apre più.

Le sue foto erano già metà del lavoro: l'altra metà l'ho fatta io. La bozza del suo sito è già pronta, con le sue immagini e il suo nome — non deve scrivere testi, non deve mandarmi materiale, non deve decidere niente.

Gliela mando qui, la guarda con calma, e se non le piace me lo dice e non ci sentiamo più. Non le costa un euro e non la impegna a niente.

Sul costo non le faccio girare la testa: se poi decidesse di metterlo online, si parla di poche centinaia di euro una volta — non di migliaia — più una quota annuale per tenerlo attivo. Il numero preciso glielo faccio solo se la cosa le interessa davvero.

Gliela mando?","Via Cavalier Colombo 19, Cassano Magnago - tel. 380 4218541. Luca Fasan: uomo e bambino, taglio, barba, rasatura.
⚠ Il sito indicato su Google è luca-parrucchiere-cassano-magnago.business.site e risponde 404. Verificato il 3 settembre 2026.",,,,
@beauty_unique_va,Beauty Unique,Varese (VA),Ciglia/sopracciglia,2700,1,Nessun sito: solo Fresha e Facebook,2026-09-03,,"Buongiorno, sono Patrick Sappa — ho una piccola software house a Seveso, DenkiCode.

Le scrivo perché ho guardato il profilo di Beauty Unique e su Google non trovo un suo sito: c'è Instagram, ci sono le schede degli altri, ma un sito suo no.

Le sue foto erano già metà del lavoro: l'altra metà l'ho fatta io. La bozza del suo sito è già pronta, con le sue immagini e il suo nome — non deve scrivere testi, non deve mandarmi materiale, non deve decidere niente.

Gliela mando qui, la guarda con calma, e se non le piace me lo dice e non ci sentiamo più. Non le costa un euro e non la impegna a niente.

Sul costo non le faccio girare la testa: se poi decidesse di metterlo online, si parla di poche centinaia di euro una volta — non di migliaia — più una quota annuale per tenerlo attivo. Il numero preciso glielo faccio solo se la cosa le interessa davvero.

Gliela mando?","Via Antelao 3, Varese - tel. 338 8030363. Extension ciglia, laminazione ciglia e sopracciglia, trattamenti viso.
Oltre 2.700 follower, profilo tutto fotografico. Nessun dominio proprio.",,,,
@haircentersimona,Hair Center Simona,Treviglio (BG),Parrucchieri,1533,6,"Sito vivo ma del 2015: manda solo a Facebook, di Instagram nessuna traccia",2026-09-03,,"Buongiorno, sono Patrick Sappa — ho una piccola software house a Seveso, DenkiCode.

Le scrivo perché ho guardato il profilo di Hair Center Simona e il sito che ha online è fermo al 2015 e manda solo a Facebook: di Instagram, dove pubblica tutti i giorni, non c'è traccia.

Le sue foto erano già metà del lavoro: l'altra metà l'ho fatta io. La bozza del suo sito è già pronta, con le sue immagini e il suo nome — non deve scrivere testi, non deve mandarmi materiale, non deve decidere niente.

Gliela mando qui, la guarda con calma, e se non le piace me lo dice e non ci sentiamo più. Non le costa un euro e non la impegna a niente.

Sul costo non le faccio girare la testa: se poi decidesse di metterlo online, si parla di poche centinaia di euro una volta — non di migliaia — più una quota annuale per tenerlo attivo. Il numero preciso glielo faccio solo se la cosa le interessa davvero.

Gliela mando?","Viale Oriano 33, Treviglio - tel. 0363 344768. Titolare Simona Moriggi, salone aperto nel 2015.
simonahaircenter.it è una pagina montata sul builder Aruba: il testo non è nell'HTML (Google non lo legge), l'unico social linkato è Facebook e la home riporta l'anno di apertura, il 2015. Verificato aprendolo il 3 settembre 2026.",,,,
@club_parrucchieri_treviglio_,Club Parrucchieri,Treviglio (BG),Parrucchieri,n.d.,1,Nessun sito: solo directory locali,2026-09-03,,"Buongiorno, sono Patrick Sappa — ho una piccola software house a Seveso, DenkiCode.

Le scrivo perché ho guardato il profilo di Club Parrucchieri e su Google non trovo un suo sito: c'è Instagram, ci sono le schede degli altri, ma un sito suo no.

Le sue foto erano già metà del lavoro: l'altra metà l'ho fatta io. La bozza del suo sito è già pronta, con le sue immagini e il suo nome — non deve scrivere testi, non deve mandarmi materiale, non deve decidere niente.

Gliela mando qui, la guarda con calma, e se non le piace me lo dice e non ci sentiamo più. Non le costa un euro e non la impegna a niente.

Sul costo non le faccio girare la testa: se poi decidesse di metterlo online, si parla di poche centinaia di euro una volta — non di migliaia — più una quota annuale per tenerlo attivo. Il numero preciso glielo faccio solo se la cosa le interessa davvero.

Gliela mando?","Via F.lli Galliari 11, Treviglio - tel. 0363 48825. Titolare Nadia Nicoli, trent'anni di mestiere, colorista per lo spettacolo.
Nessun dominio proprio: compare solo nelle directory e sulla pagina del marchio Jean Paul Myne.",,,,
@prestige_parrucchieri,Prestige Salon,Treviglio (BG),Parrucchieri,n.d.,1,"Nessun sito: solo Fresha, Groupon e Facebook",2026-09-03,,"Buongiorno, sono Patrick Sappa — ho una piccola software house a Seveso, DenkiCode.

Le scrivo perché ho guardato il profilo di Prestige Salon e su Google non trovo un suo sito: c'è Instagram, ci sono le schede degli altri, ma un sito suo no.

Le sue foto erano già metà del lavoro: l'altra metà l'ho fatta io. La bozza del suo sito è già pronta, con le sue immagini e il suo nome — non deve scrivere testi, non deve mandarmi materiale, non deve decidere niente.

Gliela mando qui, la guarda con calma, e se non le piace me lo dice e non ci sentiamo più. Non le costa un euro e non la impegna a niente.

Sul costo non le faccio girare la testa: se poi decidesse di metterlo online, si parla di poche centinaia di euro una volta — non di migliaia — più una quota annuale per tenerlo attivo. Il numero preciso glielo faccio solo se la cosa le interessa davvero.

Gliela mando?","Via Giacomo Sangalli 9/a, Treviglio - tel. 0363 660248. Air touch, biondo naturale, extension invisibili, coach Kerastase.
Nessun dominio proprio.",,,,
@manu_di_forbici,Manu di Forbici,Treviglio (BG),Parrucchieri,n.d.,1,Nessun sito: solo Fresha e Facebook,2026-09-03,,"Buongiorno, sono Patrick Sappa — ho una piccola software house a Seveso, DenkiCode.

Le scrivo perché ho guardato il profilo di Manu di Forbici e su Google non trovo un suo sito: c'è Instagram, ci sono le schede degli altri, ma un sito suo no.

Le sue foto erano già metà del lavoro: l'altra metà l'ho fatta io. La bozza del suo sito è già pronta, con le sue immagini e il suo nome — non deve scrivere testi, non deve mandarmi materiale, non deve decidere niente.

Gliela mando qui, la guarda con calma, e se non le piace me lo dice e non ci sentiamo più. Non le costa un euro e non la impegna a niente.

Sul costo non le faccio girare la testa: se poi decidesse di metterlo online, si parla di poche centinaia di euro una volta — non di migliaia — più una quota annuale per tenerlo attivo. Il numero preciso glielo faccio solo se la cosa le interessa davvero.

Gliela mando?","Via Giacomo Sangalli 26, Treviglio - tel. e WhatsApp 333 3852292. Titolare Manuel Belloli: uomo, donna e bambino.
Nessun dominio proprio.",,,,
@unique___your_style_,Unique Your Style,Treviglio (BG),Parrucchieri,726,1,Nessun sito: solo Facebook e Instagram,2026-09-03,,"Buongiorno, sono Patrick Sappa — ho una piccola software house a Seveso, DenkiCode.

Le scrivo perché ho guardato il profilo di Unique Your Style e su Google non trovo un suo sito: c'è Instagram, ci sono le schede degli altri, ma un sito suo no.

Le sue foto erano già metà del lavoro: l'altra metà l'ho fatta io. La bozza del suo sito è già pronta, con le sue immagini e il suo nome — non deve scrivere testi, non deve mandarmi materiale, non deve decidere niente.

Gliela mando qui, la guarda con calma, e se non le piace me lo dice e non ci sentiamo più. Non le costa un euro e non la impegna a niente.

Sul costo non le faccio girare la testa: se poi decidesse di metterlo online, si parla di poche centinaia di euro una volta — non di migliaia — più una quota annuale per tenerlo attivo. Il numero preciso glielo faccio solo se la cosa le interessa davvero.

Gliela mando?","Via Roma 9, Treviglio - tel. 329 0870792. Hairstylist, extension, uomo e donna.
Nessun dominio proprio.",,,,
@skinline.esteticabenessere,Skinline Estetica & Benessere,Treviglio (BG),Estetica,n.d.,1,Nessun sito: solo Treatwell e directory,2026-09-03,,"Buongiorno, sono Patrick Sappa — ho una piccola software house a Seveso, DenkiCode.

Le scrivo perché ho guardato il profilo di Skinline Estetica & Benessere e su Google non trovo un suo sito: c'è Instagram, ci sono le schede degli altri, ma un sito suo no.

Le sue foto erano già metà del lavoro: l'altra metà l'ho fatta io. La bozza del suo sito è già pronta, con le sue immagini e il suo nome — non deve scrivere testi, non deve mandarmi materiale, non deve decidere niente.

Gliela mando qui, la guarda con calma, e se non le piace me lo dice e non ci sentiamo più. Non le costa un euro e non la impegna a niente.

Sul costo non le faccio girare la testa: se poi decidesse di metterlo online, si parla di poche centinaia di euro una volta — non di migliaia — più una quota annuale per tenerlo attivo. Il numero preciso glielo faccio solo se la cosa le interessa davvero.

Gliela mando?","Viale Cesare Battisti 29, Treviglio - tel. e WhatsApp 351 4512566. Titolare Giulia: viso, corpo, manicure, ceretta. Centro recente.
Nessun dominio proprio: è il caso in cui la bozza vale di più, perché non deve rifare niente, deve solo esserci.",,,,
@nice.nails1118,Nice Nails,Treviglio (BG),Nail,n.d.,1,"Nessun sito: solo Fresha, Facebook e Beauty Passport",2026-09-03,,"Buongiorno, sono Patrick Sappa — ho una piccola software house a Seveso, DenkiCode.

Le scrivo perché ho guardato il profilo di Nice Nails e su Google non trovo un suo sito: c'è Instagram, ci sono le schede degli altri, ma un sito suo no.

Le sue foto erano già metà del lavoro: l'altra metà l'ho fatta io. La bozza del suo sito è già pronta, con le sue immagini e il suo nome — non deve scrivere testi, non deve mandarmi materiale, non deve decidere niente.

Gliela mando qui, la guarda con calma, e se non le piace me lo dice e non ci sentiamo più. Non le costa un euro e non la impegna a niente.

Sul costo non le faccio girare la testa: se poi decidesse di metterlo online, si parla di poche centinaia di euro una volta — non di migliaia — più una quota annuale per tenerlo attivo. Il numero preciso glielo faccio solo se la cosa le interessa davvero.

Gliela mando?","Viale Alcide de Gasperi 1, Treviglio - tel. 338 3846401. Aperto 8.30-20 dal lunedì al sabato. Ricostruzione, gel, nail art, manicure russa.
Nessun dominio proprio.",,,,
@il_diadema_caravaggio,Estetica Il Diadema,Caravaggio (BG),Estetica/nail,n.d.,1,Nessun sito: solo Instagram,2026-09-03,,"Buongiorno, sono Patrick Sappa — ho una piccola software house a Seveso, DenkiCode.

Le scrivo perché ho guardato il profilo di Estetica Il Diadema e su Google non trovo un suo sito: c'è Instagram, ci sono le schede degli altri, ma un sito suo no.

Le sue foto erano già metà del lavoro: l'altra metà l'ho fatta io. La bozza del suo sito è già pronta, con le sue immagini e il suo nome — non deve scrivere testi, non deve mandarmi materiale, non deve decidere niente.

Gliela mando qui, la guarda con calma, e se non le piace me lo dice e non ci sentiamo più. Non le costa un euro e non la impegna a niente.

Sul costo non le faccio girare la testa: se poi decidesse di metterlo online, si parla di poche centinaia di euro una volta — non di migliaia — più una quota annuale per tenerlo attivo. Il numero preciso glielo faccio solo se la cosa le interessa davvero.

Gliela mando?","Via Giovanni Moriggia 21, Caravaggio - titolare Giada Muschio. Manicure e pedicure con metodo dry, trattamenti viso.
Nessun dominio proprio. Attenzione: centroesteticodiadema.it esiste ma è di Torino, non è loro.",,,,
@tattooextreme,Tattoo Extreme - Lello Citterio,Cantu (CO),Tattoo/piercing,3532,1,"Nessun sito, nessun link",2026-09-03,,"Buongiorno, sono Patrick Sappa — ho una piccola software house a Seveso, DenkiCode.

Le scrivo perché ho guardato il profilo di Tattoo Extreme - Lello Citterio e su Google non trovo un suo sito: c'è Instagram, ci sono le schede degli altri, ma un sito suo no.

Le sue foto erano già metà del lavoro: l'altra metà l'ho fatta io. La bozza del suo sito è già pronta, con le sue immagini e il suo nome — non deve scrivere testi, non deve mandarmi materiale, non deve decidere niente.

Gliela mando qui, la guarda con calma, e se non le piace me lo dice e non ci sentiamo più. Non le costa un euro e non la impegna a niente.

Sul costo non le faccio girare la testa: se poi decidesse di metterlo online, si parla di poche centinaia di euro una volta — non di migliaia — più una quota annuale per tenerlo attivo. Il numero preciso glielo faccio solo se la cosa le interessa davvero.

Gliela mando?","Via Giulio Carcano 26, Cantù
Lello Citterio tatua e fa piercing da oltre trent'anni; microdermal su appuntamento.
Presenza online quasi nulla: 3 recensioni su Facebook, zero su Foursquare. Chi cerca «tatuaggi Cantù» non lo trova.",,,2026-09-02,Guarda non mi interessa grazie | Ok grazie
@sintatattoo_como,Sinta Tattoo,Como (CO),Tattoo/piercing,2929,2,"Nessun sito. Dal 1993, primo studio di Como",2026-09-03,,"Buongiorno, sono Patrick Sappa — ho una piccola software house a Seveso, DenkiCode.

Le scrivo perché ho guardato il profilo di Sinta Tattoo e il dominio laratatu.it che compare ancora nelle ricerche non si apre più.

Le sue foto erano già metà del lavoro: l'altra metà l'ho fatta io. La bozza del suo sito è già pronta, con le sue immagini e il suo nome — non deve scrivere testi, non deve mandarmi materiale, non deve decidere niente.

Gliela mando qui, la guarda con calma, e se non le piace me lo dice e non ci sentiamo più. Non le costa un euro e non la impegna a niente.

Sul costo non le faccio girare la testa: se poi decidesse di metterlo online, si parla di poche centinaia di euro una volta — non di migliaia — più una quota annuale per tenerlo attivo. Il numero preciso glielo faccio solo se la cosa le interessa davvero.

Gliela mando?","Via Odescalchi 36, Como · tel. 031 260602
Il primo studio di tatuaggi di Como: aperto dal 1993. Tattoo, piercing, PMU, microdermal. Google 4,5 su 122 recensioni.
⚠️ Il sito laratatu.it è indicato su tutti gli elenchi ma non risolve più — nessun DNS, verificato il 2 settembre.",,,2026-09-02,"No ti ringrazio, avevo gia' un sito e l'ho chiuso"
@teskyo_piercing_shop,Teskyo Piercing Shop,Cantu (CO),Piercing/tattoo,2514,1,"Nessun sito, nessun link",2026-09-03,,"Buongiorno, sono Patrick Sappa — ho una piccola software house a Seveso, DenkiCode.

Le scrivo perché ho guardato il profilo di Teskyo Piercing Shop e su Google non trovo un suo sito: c'è Instagram, ci sono le schede degli altri, ma un sito suo no.

Le sue foto erano già metà del lavoro: l'altra metà l'ho fatta io. La bozza del suo sito è già pronta, con le sue immagini e il suo nome — non deve scrivere testi, non deve mandarmi materiale, non deve decidere niente.

Gliela mando qui, la guarda con calma, e se non le piace me lo dice e non ci sentiamo più. Non le costa un euro e non la impegna a niente.

Sul costo non le faccio girare la testa: se poi decidesse di metterlo online, si parla di poche centinaia di euro una volta — non di migliaia — più una quota annuale per tenerlo attivo. Il numero preciso glielo faccio solo se la cosa le interessa davvero.

Gliela mando?","Via Alessandro Volta 18B, Cantù · Alessandro Contosta
Nessuna recensione pubblica: né su Fresha né su PagineBianche. Compare solo in un paio di elenchi di categoria.
Fuori da Instagram praticamente non esiste: è il caso più pulito per il gancio 1.",,,,
@fatcat_tattooshop,Fatcat Tattoo,Como (CO),Tattoo,1546,1,Nessun sito. In bio solo i tre titolari taggati,2026-09-03,,"Buongiorno, sono Patrick Sappa — ho una piccola software house a Seveso, DenkiCode.

Le scrivo perché ho guardato il profilo di Fatcat Tattoo e su Google non trovo un suo sito: c'è Instagram, ci sono le schede degli altri, ma un sito suo no.

Le sue foto erano già metà del lavoro: l'altra metà l'ho fatta io. La bozza del suo sito è già pronta, con le sue immagini e il suo nome — non deve scrivere testi, non deve mandarmi materiale, non deve decidere niente.

Gliela mando qui, la guarda con calma, e se non le piace me lo dice e non ci sentiamo più. Non le costa un euro e non la impegna a niente.

Sul costo non le faccio girare la testa: se poi decidesse di metterlo online, si parla di poche centinaia di euro una volta — non di migliaia — più una quota annuale per tenerlo attivo. Il numero preciso glielo faccio solo se la cosa le interessa davvero.

Gliela mando?","Via Varesina 98b, Como
Google 5,0 ma su sole 8 recensioni: studio giovane, o che le recensioni non le chiede.
Prenotazioni via Fresha e Inkbooking — piattaforme di terzi, non una pagina sua.",,,,
@blackblood_studiotattoo,Black Blood Tattoo & Piercing,Olgiate Comasco (CO),Tattoo/piercing,1263,1,Nessun sito: il link e Google Maps,2026-09-03,,"Buongiorno, sono Patrick Sappa — ho una piccola software house a Seveso, DenkiCode.

Le scrivo perché ho guardato il profilo di Black Blood Tattoo & Piercing e su Google non trovo un suo sito: c'è Instagram, ci sono le schede degli altri, ma un sito suo no.

Le sue foto erano già metà del lavoro: l'altra metà l'ho fatta io. La bozza del suo sito è già pronta, con le sue immagini e il suo nome — non deve scrivere testi, non deve mandarmi materiale, non deve decidere niente.

Gliela mando qui, la guarda con calma, e se non le piace me lo dice e non ci sentiamo più. Non le costa un euro e non la impegna a niente.

Sul costo non le faccio girare la testa: se poi decidesse di metterlo online, si parla di poche centinaia di euro una volta — non di migliaia — più una quota annuale per tenerlo attivo. Il numero preciso glielo faccio solo se la cosa le interessa davvero.

Gliela mando?","Via Luraschi 20, Olgiate Comasco · WhatsApp 339 4683995 · lun-sab 11-19
Ragione sociale: Black Blood di Galluzzi Katia Giovanna.
Si prenota solo per WhatsApp o DM: nessun sito, nessuna scheda con recensioni.",,,,
@jigen_tattoo,Jigen Tattoo,Como (CO),Tattoo,736,1,"Nessun sito, nessun link",2026-09-03,,"Buongiorno, sono Patrick Sappa — ho una piccola software house a Seveso, DenkiCode.

Le scrivo perché ho guardato il profilo di Jigen Tattoo e su Google non trovo un suo sito: c'è Instagram, ci sono le schede degli altri, ma un sito suo no.

Le sue foto erano già metà del lavoro: l'altra metà l'ho fatta io. La bozza del suo sito è già pronta, con le sue immagini e il suo nome — non deve scrivere testi, non deve mandarmi materiale, non deve decidere niente.

Gliela mando qui, la guarda con calma, e se non le piace me lo dice e non ci sentiamo più. Non le costa un euro e non la impegna a niente.

Sul costo non le faccio girare la testa: se poi decidesse di metterlo online, si parla di poche centinaia di euro una volta — non di migliaia — più una quota annuale per tenerlo attivo. Il numero preciso glielo faccio solo se la cosa le interessa davvero.

Gliela mando?","Via Armando Diaz 2, Como · WhatsApp 339 3164648
Una sola recensione, di oltre due anni fa. Su PagineGialle il nome è scritto «Jigen Tatoo», con una t sola — anche chi lo cerca fatica a trovarlo.",,,,
@zeinaink_tattoostudio,Zeina Ink Tattoo Studio,Carugo (CO),Tattoo/piercing,474,1,"Nessun sito, nessun link",2026-09-03,,"Buongiorno, sono Patrick Sappa — ho una piccola software house a Seveso, DenkiCode.

Le scrivo perché ho guardato il profilo di Zeina Ink Tattoo Studio e su Google non trovo un suo sito: c'è Instagram, ci sono le schede degli altri, ma un sito suo no.

Le sue foto erano già metà del lavoro: l'altra metà l'ho fatta io. La bozza del suo sito è già pronta, con le sue immagini e il suo nome — non deve scrivere testi, non deve mandarmi materiale, non deve decidere niente.

Gliela mando qui, la guarda con calma, e se non le piace me lo dice e non ci sentiamo più. Non le costa un euro e non la impegna a niente.

Sul costo non le faccio girare la testa: se poi decidesse di metterlo online, si parla di poche centinaia di euro una volta — non di migliaia — più una quota annuale per tenerlo attivo. Il numero preciso glielo faccio solo se la cosa le interessa davvero.

Gliela mando?","Via Enrico Toti 42, Carugo · Elisa Maffei
⚠️ Partita IVA aperta il 10 aprile 2024: meno di un anno e mezzo di attività.
Specialità dichiarata: realistico e mini realistico in bianco e nero. Nessuna recensione pubblica ancora.
È il momento in cui un sito conta di più, e in cui il budget è più stretto: prezzo basso o niente.",,,,
@mr_pma_erba,Mr Pma Tattoo & Barber,Erba (CO),Tattoo/barber,448,1,Nessun sito: in bio rimanda a Facebook,2026-09-03,,"Buongiorno, sono Patrick Sappa — ho una piccola software house a Seveso, DenkiCode.

Le scrivo perché ho guardato il profilo di Mr Pma Tattoo & Barber e su Google non trovo un suo sito: c'è Instagram, ci sono le schede degli altri, ma un sito suo no.

Le sue foto erano già metà del lavoro: l'altra metà l'ho fatta io. La bozza del suo sito è già pronta, con le sue immagini e il suo nome — non deve scrivere testi, non deve mandarmi materiale, non deve decidere niente.

Gliela mando qui, la guarda con calma, e se non le piace me lo dice e non ci sentiamo più. Non le costa un euro e non la impegna a niente.

Sul costo non le faccio girare la testa: se poi decidesse di metterlo online, si parla di poche centinaia di euro una volta — non di migliaia — più una quota annuale per tenerlo attivo. Il numero preciso glielo faccio solo se la cosa le interessa davvero.

Gliela mando?","Corso XXV Aprile 74, Erba · tel. 366 4715817 · mar-sab 9-19
Tatuaggi, barbiere e gioielli nello stesso locale. Ha un gemello a Lecco (@mr_pma_lecco, più sotto in questa lista): stessa proprietà, due indirizzi — un sito solo può servire a entrambi, ed è un argomento.
463 follower. Su un elenco locale ha 3 su 5: l'unico voto mediocre della lista.",,,,
@stevelamurart,Steve La Mura - anime & manga,Saronno (VA),Tattoo,69000,1,Nessun sito: unico link un profilo VINTED,2026-09-03,,"Buongiorno, sono Patrick Sappa — ho una piccola software house a Seveso, DenkiCode.

Le scrivo perché ho guardato il profilo di Steve La Mura - anime & manga e su Google non trovo un suo sito: c'è Instagram, ci sono le schede degli altri, ma un sito suo no.

Le sue foto erano già metà del lavoro: l'altra metà l'ho fatta io. La bozza del suo sito è già pronta, con le sue immagini e il suo nome — non deve scrivere testi, non deve mandarmi materiale, non deve decidere niente.

Gliela mando qui, la guarda con calma, e se non le piace me lo dice e non ci sentiamo più. Non le costa un euro e non la impegna a niente.

Sul costo non le faccio girare la testa: se poi decidesse di metterlo online, si parla di poche centinaia di euro una volta — non di migliaia — più una quota annuale per tenerlo attivo. Il numero preciso glielo faccio solo se la cosa le interessa davvero.

Gliela mando?","Via San Giuseppe 38, Saronno — lavora fra Saronno e Milano
⚠️ Oltre 71.000 follower e uno studio suo (@slm.tattoostudio), specializzato in anime e manga.
Non è un piccolo studio di provincia: ha un pubblico nazionale e quasi certamente più richieste di quante ne evada. Il messaggio standard qui suona fuori misura — o si riscrive, o si salta.",,,,
@_.the.ink.paradise._,The Ink Paradise,Saronno (VA),Tattoo/piercing,18900,1,"Nessun sito: solo Linktree. By women for women, walk-in",2026-09-03,,"Buongiorno, sono Patrick Sappa — ho una piccola software house a Seveso, DenkiCode.

Le scrivo perché ho guardato il profilo di The Ink Paradise e su Google non trovo un suo sito: c'è Instagram, ci sono le schede degli altri, ma un sito suo no.

Le sue foto erano già metà del lavoro: l'altra metà l'ho fatta io. La bozza del suo sito è già pronta, con le sue immagini e il suo nome — non deve scrivere testi, non deve mandarmi materiale, non deve decidere niente.

Gliela mando qui, la guarda con calma, e se non le piace me lo dice e non ci sentiamo più. Non le costa un euro e non la impegna a niente.

Sul costo non le faccio girare la testa: se poi decidesse di metterlo online, si parla di poche centinaia di euro una volta — non di migliaia — più una quota annuale per tenerlo attivo. Il numero preciso glielo faccio solo se la cosa le interessa davvero.

Gliela mando?","Saronno. La ricerca non trova niente di italiano con questo nome: solo studi omonimi negli Stati Uniti.
Nessuna scheda, nessuna recensione, nessun sito: esiste solo il profilo Instagram.",,,,
@arotattoo,Aro Tattoo / Redant,Saronno (VA),Tattoo,12800,1,"Nessun sito, nessun link",2026-09-03,,"Buongiorno, sono Patrick Sappa — ho una piccola software house a Seveso, DenkiCode.

Le scrivo perché ho guardato il profilo di Aro Tattoo / Redant e su Google non trovo un suo sito: c'è Instagram, ci sono le schede degli altri, ma un sito suo no.

Le sue foto erano già metà del lavoro: l'altra metà l'ho fatta io. La bozza del suo sito è già pronta, con le sue immagini e il suo nome — non deve scrivere testi, non deve mandarmi materiale, non deve decidere niente.

Gliela mando qui, la guarda con calma, e se non le piace me lo dice e non ci sentiamo più. Non le costa un euro e non la impegna a niente.

Sul costo non le faccio girare la testa: se poi decidesse di metterlo online, si parla di poche centinaia di euro una volta — non di migliaia — più una quota annuale per tenerlo attivo. Il numero preciso glielo faccio solo se la cosa le interessa davvero.

Gliela mando?","Via Molino 4, Saronno · Marco Vitetta, in arte Aro (anche Redant Tattoo)
Specializzato in biomeccanico. Buon seguito su Instagram, ma nessuna recensione pubblica da nessuna parte.",,,,
@christiannapolitatt,Christian Napoli - Light Ink,Saronno (VA),Tattoo,7614,1,"Nessun sito, nessun link",2026-09-03,,"Buongiorno, sono Patrick Sappa — ho una piccola software house a Seveso, DenkiCode.

Le scrivo perché ho guardato il profilo di Christian Napoli - Light Ink e su Google non trovo un suo sito: c'è Instagram, ci sono le schede degli altri, ma un sito suo no.

Le sue foto erano già metà del lavoro: l'altra metà l'ho fatta io. La bozza del suo sito è già pronta, con le sue immagini e il suo nome — non deve scrivere testi, non deve mandarmi materiale, non deve decidere niente.

Gliela mando qui, la guarda con calma, e se non le piace me lo dice e non ci sentiamo più. Non le costa un euro e non la impegna a niente.

Sul costo non le faccio girare la testa: se poi decidesse di metterlo online, si parla di poche centinaia di euro una volta — non di migliaia — più una quota annuale per tenerlo attivo. Il numero preciso glielo faccio solo se la cosa le interessa davvero.

Gliela mando?","Saronno, Light Ink. La ricerca non restituisce niente: né scheda, né recensioni, né sito.
⚠️ Prima di scrivere, controlla che lo studio sia ancora aperto: nessuna traccia fuori da Instagram può voler dire che ha chiuso.",,,,
@miguelrtat2,Miguel Rodriguez - Santos Tattoo,Gallarate (VA),Tattoo,6448,5,"IL GANCIO MIGLIORE: link in bio warm-dieffenbachia-09756f.netlify.app, indirizzo automatico Netlify mai sostituito",,SCARTATO — santostattoo.com è un sito su misura aggiornato al 2024: il messaggio sul «non trovo un sito» qui brucia la credibilità,,"Santos Tattoo, Via San Giovanni Bosco 9, Gallarate · studio aperto dal 2008, 124 recensioni
Miguel Rodriguez, colombiano, in Italia dal 2016, tatua da quando aveva 16 anni. 6.400 follower.
⛔ HA GIÀ UN SITO, E BUONO: santostattoo.com — fatto su misura dall'agenzia LimeWeb, copyright 2024, schede degli artisti, gallerie, testimonianze. Non è un sito da rifare.",,,,
@colorstattoovarese,Colors Tattoo Shop,Varese (VA),Tattoo/piercing,5519,1,"Nessun sito, nessun link",2026-09-03,,"Buongiorno, sono Patrick Sappa — ho una piccola software house a Seveso, DenkiCode.

Le scrivo perché ho guardato il profilo di Colors Tattoo Shop e su Google non trovo un suo sito: c'è Instagram, ci sono le schede degli altri, ma un sito suo no.

Le sue foto erano già metà del lavoro: l'altra metà l'ho fatta io. La bozza del suo sito è già pronta, con le sue immagini e il suo nome — non deve scrivere testi, non deve mandarmi materiale, non deve decidere niente.

Gliela mando qui, la guarda con calma, e se non le piace me lo dice e non ci sentiamo più. Non le costa un euro e non la impegna a niente.

Sul costo non le faccio girare la testa: se poi decidesse di metterlo online, si parla di poche centinaia di euro una volta — non di migliaia — più una quota annuale per tenerlo attivo. Il numero preciso glielo faccio solo se la cosa le interessa davvero.

Gliela mando?","Via Cavour 11, Varese centro · tel. 373 8782646 · colorsvarese@gmail.com
⚠️ Aperto dal 1997: quasi trent'anni in centro a Varese. Google 4,8 su 160 recensioni — il punteggio più solido della lista.
Nelle recensioni il nome che ricorre è Angelo, il piercer. Contatti solo Facebook e mail: nessun sito.",,,,
@arnaldo_bel_fiore_tattooartist,Arnaldo Bel Fiore,Varese centro (VA),Tattoo,5375,1,Nessun sito: unico link un articolo de La Provincia di Varese,2026-09-03,,"Buongiorno, sono Patrick Sappa — ho una piccola software house a Seveso, DenkiCode.

Le scrivo perché ho guardato il profilo di Arnaldo Bel Fiore e su Google non trovo un suo sito: c'è Instagram, ci sono le schede degli altri, ma un sito suo no.

Le sue foto erano già metà del lavoro: l'altra metà l'ho fatta io. La bozza del suo sito è già pronta, con le sue immagini e il suo nome — non deve scrivere testi, non deve mandarmi materiale, non deve decidere niente.

Gliela mando qui, la guarda con calma, e se non le piace me lo dice e non ci sentiamo più. Non le costa un euro e non la impegna a niente.

Sul costo non le faccio girare la testa: se poi decidesse di metterlo online, si parla di poche centinaia di euro una volta — non di migliaia — più una quota annuale per tenerlo attivo. Il numero preciso glielo faccio solo se la cosa le interessa davvero.

Gliela mando?","Arna Tattoo & Art Gallery, Piazza della Repubblica, Varese · WhatsApp 340 8379621
5.317 follower. Realismo: ritratti e paesaggi. Lo studio è anche galleria, con carboncini ispirati a Caravaggio.
⚠️ Primo premio bianco e nero realistico alla United Ink No Limits di New York, con un pezzo da 11 ore. La Provincia di Varese gli ha dedicato due articoli.
Un premio internazionale e nessun sito: è l'aggancio più forte di tutta la lista.",,,,
@biumotattooclub,Biumo Tattoo Club,Varese (VA),Tattoo/piercing,4784,1,Nessun sito: in bio una gmail,2026-09-03,,"Buongiorno, sono Patrick Sappa — ho una piccola software house a Seveso, DenkiCode.

Le scrivo perché ho guardato il profilo di Biumo Tattoo Club e su Google non trovo un suo sito: c'è Instagram, ci sono le schede degli altri, ma un sito suo no.

Le sue foto erano già metà del lavoro: l'altra metà l'ho fatta io. La bozza del suo sito è già pronta, con le sue immagini e il suo nome — non deve scrivere testi, non deve mandarmi materiale, non deve decidere niente.

Gliela mando qui, la guarda con calma, e se non le piace me lo dice e non ci sentiamo più. Non le costa un euro e non la impegna a niente.

Sul costo non le faccio girare la testa: se poi decidesse di metterlo online, si parla di poche centinaia di euro una volta — non di migliaia — più una quota annuale per tenerlo attivo. Il numero preciso glielo faccio solo se la cosa le interessa davvero.

Gliela mando?","Via Ulisse Merini 22, Varese · Francesco Verri e Irene Giaccaglini, dal 2017
Il nome è un omaggio al Bristol Tattoo Club, con Biumo al posto di Bristol. American traditional, pareti coperte di disegni originali e foto d'epoca.
111 recensioni, tutte positive. VareseNoi gli ha dedicato un articolo nel febbraio 2025.",,,2026-09-02,"Ciao Pat ti ringrazio ma non siamo interessati | ok, idem se ti vuoi tatuare sai dove trovarci | (tre emoji)"
@sevenlakestattoo,Seven Lakes Tattoo & Piercing,Varese (VA),Tattoo/piercing,4650,1,"Nessun sito, nessun link",2026-09-03,,"Buongiorno, sono Patrick Sappa — ho una piccola software house a Seveso, DenkiCode.

Le scrivo perché ho guardato il profilo di Seven Lakes Tattoo & Piercing e su Google non trovo un suo sito: c'è Instagram, ci sono le schede degli altri, ma un sito suo no.

Le sue foto erano già metà del lavoro: l'altra metà l'ho fatta io. La bozza del suo sito è già pronta, con le sue immagini e il suo nome — non deve scrivere testi, non deve mandarmi materiale, non deve decidere niente.

Gliela mando qui, la guarda con calma, e se non le piace me lo dice e non ci sentiamo più. Non le costa un euro e non la impegna a niente.

Sul costo non le faccio girare la testa: se poi decidesse di metterlo online, si parla di poche centinaia di euro una volta — non di migliaia — più una quota annuale per tenerlo attivo. Il numero preciso glielo faccio solo se la cosa le interessa davvero.

Gliela mando?","Via Carrobbio 11, Varese
Google 5,0 su 72 recensioni; su un altro elenco 4,9, con il 90% che lo raccomanda.
Il piercing è un punto di forza dichiarato: richiamano il cliente dopo 30 giorni per controllare la guarigione — un dettaglio che in una pagina web vale.",,,2026-09-03,Ciao ti ringrazio ma non siamo interessati
@minimaltattoovarese,Minimal Tattoo,Varese (VA),Tattoo,4247,5,Non hanno un sito loro: il link e una pagina dentro folkloreatelier.com,2026-09-03,,,"Varese. La ricerca non trova nulla: nessuna scheda, nessuna recensione, nessun sito.
⚠️ In lista ha il gancio 5 (pagina su piattaforma) ma niente lo conferma: guarda il link in bio prima di mandare, o passa al gancio 1.",,,,
@artemtattooatelier,Artem Tattoo Studio,Varese (VA),Tattoo,3881,1,Nessun sito: solo wa.me,2026-09-03,,"Buongiorno, sono Patrick Sappa — ho una piccola software house a Seveso, DenkiCode.

Le scrivo perché ho guardato il profilo di Artem Tattoo Studio e su Google non trovo un suo sito: c'è Instagram, ci sono le schede degli altri, ma un sito suo no.

Le sue foto erano già metà del lavoro: l'altra metà l'ho fatta io. La bozza del suo sito è già pronta, con le sue immagini e il suo nome — non deve scrivere testi, non deve mandarmi materiale, non deve decidere niente.

Gliela mando qui, la guarda con calma, e se non le piace me lo dice e non ci sentiamo più. Non le costa un euro e non la impegna a niente.

Sul costo non le faccio girare la testa: se poi decidesse di metterlo online, si parla di poche centinaia di euro una volta — non di migliaia — più una quota annuale per tenerlo attivo. Il numero preciso glielo faccio solo se la cosa le interessa davvero.

Gliela mando?","Artem Tattoo Atelier, Via Cavour 37, Varese
28 recensioni. I nomi che tornano sono Chiara e Simone. Ambiente descritto come accogliente e curato.
A duecento metri da Colors Tattoo, che di recensioni ne ha 160: sulla stessa via, chi cerca online trova prima l'altro.",,,,
@manymany.tattoo,Many Many Tattoo,Busto Arsizio (VA),Tattoo/piercing,3518,1,Nessun sito: solo wa.me,2026-09-03,,"Buongiorno, sono Patrick Sappa — ho una piccola software house a Seveso, DenkiCode.

Le scrivo perché ho guardato il profilo di Many Many Tattoo e su Google non trovo un suo sito: c'è Instagram, ci sono le schede degli altri, ma un sito suo no.

Le sue foto erano già metà del lavoro: l'altra metà l'ho fatta io. La bozza del suo sito è già pronta, con le sue immagini e il suo nome — non deve scrivere testi, non deve mandarmi materiale, non deve decidere niente.

Gliela mando qui, la guarda con calma, e se non le piace me lo dice e non ci sentiamo più. Non le costa un euro e non la impegna a niente.

Sul costo non le faccio girare la testa: se poi decidesse di metterlo online, si parla di poche centinaia di euro una volta — non di migliaia — più una quota annuale per tenerlo attivo. Il numero preciso glielo faccio solo se la cosa le interessa davvero.

Gliela mando?","Piazza Cristoforo Colombo 4, Busto Arsizio
Nessuna recensione: la scheda è aperta e vuota, «sii il primo a recensire».
Compare negli elenchi di categoria e basta. Fuori da Instagram non esiste.",,,2026-09-02,"Buongiorno Patrick, grazie mille ma non siamo interessati"
@le.trumilu.tattoo,Le Trumilu Tattoo,Varese (VA),Tattoo,1734,1,Nessun sito: solo wa.me,2026-09-03,,"Buongiorno, sono Patrick Sappa — ho una piccola software house a Seveso, DenkiCode.

Le scrivo perché ho guardato il profilo di Le Trumilu Tattoo e su Google non trovo un suo sito: c'è Instagram, ci sono le schede degli altri, ma un sito suo no.

Le sue foto erano già metà del lavoro: l'altra metà l'ho fatta io. La bozza del suo sito è già pronta, con le sue immagini e il suo nome — non deve scrivere testi, non deve mandarmi materiale, non deve decidere niente.

Gliela mando qui, la guarda con calma, e se non le piace me lo dice e non ci sentiamo più. Non le costa un euro e non la impegna a niente.

Sul costo non le faccio girare la testa: se poi decidesse di metterlo online, si parla di poche centinaia di euro una volta — non di migliaia — più una quota annuale per tenerlo attivo. Il numero preciso glielo faccio solo se la cosa le interessa davvero.

Gliela mando?","Via Bainsizza 55, Varese · tel. 345 4693251
Descritto come «una nuova realtà» varesina: studio recente. Nessuna recensione su PagineGialle.",,,2026-09-02,"Buongiorno, grazie per l'interesse ma ho gia' un sito Internet"
@cindy.tattoo,Cinzia Farumi - realistico,Galbiate (LC) DA CONFERMARE,Tattoo,16800,1,"Nessun sito, nessun link. Comune non in bio: confermare",2026-09-03,,"Buongiorno, sono Patrick Sappa — ho una piccola software house a Seveso, DenkiCode.

Le scrivo perché ho guardato il profilo di Cinzia Farumi - realistico e su Google non trovo un suo sito: c'è Instagram, ci sono le schede degli altri, ma un sito suo no.

Le sue foto erano già metà del lavoro: l'altra metà l'ho fatta io. La bozza del suo sito è già pronta, con le sue immagini e il suo nome — non deve scrivere testi, non deve mandarmi materiale, non deve decidere niente.

Gliela mando qui, la guarda con calma, e se non le piace me lo dice e non ci sentiamo più. Non le costa un euro e non la impegna a niente.

Sul costo non le faccio girare la testa: se poi decidesse di metterlo online, si parla di poche centinaia di euro una volta — non di migliaia — più una quota annuale per tenerlo attivo. Il numero preciso glielo faccio solo se la cosa le interessa davvero.

Gliela mando?","Via Ettore Monti 18/22, Galbiate (LC) · lun-sab 9-18 · Cindy Tatoo di Cinzia Farumi
⚠️ 17.000 follower, e un Guinness World Record: ha tatuato per 63 ore e 56 minuti di fila, a 26 anni. Ne hanno scritto Il Giorno, LeccoNotizie e LeccoNews, ed è stata ospite a RTL 102.5.
Realistico: tigri, gufi, polpi, rose.
Un record mondiale e nessun sito da mostrare: se qualcuno cerca «tatuatrice Guinness Lecco» non trova una pagina sua.",,,2026-09-02,Ciao!! Ti ringrazio ma per ora non ne ho bisogno
@scaccomattotattoo,Scacco Matto Tattoo,Bosisio Parini (LC),Tattoo/piercing/PMU,8132,1,Nessun sito: solo Linktree. Dal 2010. ATTENZIONE: hanno anche Seregno (MB),2026-09-03,,"Buongiorno, sono Patrick Sappa — ho una piccola software house a Seveso, DenkiCode.

Le scrivo perché ho guardato il profilo di Scacco Matto Tattoo e su Google non trovo un suo sito: c'è Instagram, ci sono le schede degli altri, ma un sito suo no.

Le sue foto erano già metà del lavoro: l'altra metà l'ho fatta io. La bozza del suo sito è già pronta, con le sue immagini e il suo nome — non deve scrivere testi, non deve mandarmi materiale, non deve decidere niente.

Gliela mando qui, la guarda con calma, e se non le piace me lo dice e non ci sentiamo più. Non le costa un euro e non la impegna a niente.

Sul costo non le faccio girare la testa: se poi decidesse di metterlo online, si parla di poche centinaia di euro una volta — non di migliaia — più una quota annuale per tenerlo attivo. Il numero preciso glielo faccio solo se la cosa le interessa davvero.

Gliela mando?","Via IV Novembre 19, Bosisio Parini · tel. 338 7446020
4,9 su 5, 1.184 like e 724 check-in su Facebook: numeri buoni, ma tutti dentro i social di qualcun altro.
Tatuaggi, piercing e trucco permanente.",,,,
@mr_pma_lecco,Mr Pma Tattoo,Lecco (LC),Tattoo,4901,1,"Nessun sito, nessun link",2026-09-03,,"Buongiorno, sono Patrick Sappa — ho una piccola software house a Seveso, DenkiCode.

Le scrivo perché ho guardato il profilo di Mr Pma Tattoo e su Google non trovo un suo sito: c'è Instagram, ci sono le schede degli altri, ma un sito suo no.

Le sue foto erano già metà del lavoro: l'altra metà l'ho fatta io. La bozza del suo sito è già pronta, con le sue immagini e il suo nome — non deve scrivere testi, non deve mandarmi materiale, non deve decidere niente.

Gliela mando qui, la guarda con calma, e se non le piace me lo dice e non ci sentiamo più. Non le costa un euro e non la impegna a niente.

Sul costo non le faccio girare la testa: se poi decidesse di metterlo online, si parla di poche centinaia di euro una volta — non di migliaia — più una quota annuale per tenerlo attivo. Il numero preciso glielo faccio solo se la cosa le interessa davvero.

Gliela mando?","Vicolo della Torre 17 e Via Nazario Sauro 4, Lecco
È il gemello di @mr_pma_erba (più su in questa lista): stessa proprietà, due città.
Prenotazioni via Fresha. ⚠️ Se scrivi a tutti e due, ricordati che è la stessa persona: due messaggi identici a due profili suoi bruciano il contatto.",,,,
@tattoo.club.bergamo,Tattoo Club Bergamo,Bergamo (BG),Tattoo,4681,1,"Nessun sito, nessun link",2026-09-03,,"Buongiorno, sono Patrick Sappa — ho una piccola software house a Seveso, DenkiCode.

Le scrivo perché ho guardato il profilo di Tattoo Club Bergamo e su Google non trovo un suo sito: c'è Instagram, ci sono le schede degli altri, ma un sito suo no.

Le sue foto erano già metà del lavoro: l'altra metà l'ho fatta io. La bozza del suo sito è già pronta, con le sue immagini e il suo nome — non deve scrivere testi, non deve mandarmi materiale, non deve decidere niente.

Gliela mando qui, la guarda con calma, e se non le piace me lo dice e non ci sentiamo più. Non le costa un euro e non la impegna a niente.

Sul costo non le faccio girare la testa: se poi decidesse di metterlo online, si parla di poche centinaia di euro una volta — non di migliaia — più una quota annuale per tenerlo attivo. Il numero preciso glielo faccio solo se la cosa le interessa davvero.

Gliela mando?","Tattoo Club North Italy, Via Broseta 101L, Bergamo · tel. 340 1810319
4,8 su Fresha, 96% di raccomandazioni su Facebook (17 recensioni).
Specialità: dotwork, ornamentale, fineline, realismo, cover-up e tricopigmentazione — l'ultima è un servizio medico-estetico che si vende male in un post e bene in una pagina dedicata.",,,,
@shari_tattooer,Shari Piras - Atelier Selva,Merate (LC),Tattoo,4503,1,Nessun sito: il link e Google Maps,2026-09-03,"Risposta — in valutazione (dalla posta, letta il 12/09/2026)","Buongiorno, sono Patrick Sappa — ho una piccola software house a Seveso, DenkiCode.

Le scrivo perché ho guardato il profilo di Shari Piras - Atelier Selva e su Google non trovo un suo sito: c'è Instagram, ci sono le schede degli altri, ma un sito suo no.

Le sue foto erano già metà del lavoro: l'altra metà l'ho fatta io. La bozza del suo sito è già pronta, con le sue immagini e il suo nome — non deve scrivere testi, non deve mandarmi materiale, non deve decidere niente.

Gliela mando qui, la guarda con calma, e se non le piace me lo dice e non ci sentiamo più. Non le costa un euro e non la impegna a niente.

Sul costo non le faccio girare la testa: se poi decidesse di metterlo online, si parla di poche centinaia di euro una volta — non di migliaia — più una quota annuale per tenerlo attivo. Il numero preciso glielo faccio solo se la cosa le interessa davvero.

Gliela mando?","Atelier Selva, Merate (LC) · Shari Piras
Linee fini e delicate. Nessuna recensione pubblica trovata per l'atelier.
Lavora dentro uno studio di qualcun altro: il sito personale è quello che la stacca dall'insegna.",,,,"Ciao Patrick scusami se rispondo tardi ma ho preso visione, mando tutto ai miei e vediamo cosa valutano, intanto ti ringrazio tantissimo per le info e la bozza del sito. Ti avviso che e' un periodo un po' pieno per i miei attualmente quindi molto probabilmente non sara' una scelta immediata. Una domanda: nel prezzo e' compresa la versione desktop oltre quella per smartphone?"
@ink_factory_tattooshop_,InkFactory TattooShop,Bergamo (BG),Tattoo/piercing,3968,1,"Nessun sito, nessun link",2026-09-03,,"Buongiorno, sono Patrick Sappa — ho una piccola software house a Seveso, DenkiCode.

Le scrivo perché ho guardato il profilo di InkFactory TattooShop e su Google non trovo un suo sito: c'è Instagram, ci sono le schede degli altri, ma un sito suo no.

Le sue foto erano già metà del lavoro: l'altra metà l'ho fatta io. La bozza del suo sito è già pronta, con le sue immagini e il suo nome — non deve scrivere testi, non deve mandarmi materiale, non deve decidere niente.

Gliela mando qui, la guarda con calma, e se non le piace me lo dice e non ci sentiamo più. Non le costa un euro e non la impegna a niente.

Sul costo non le faccio girare la testa: se poi decidesse di metterlo online, si parla di poche centinaia di euro una volta — non di migliaia — più una quota annuale per tenerlo attivo. Il numero preciso glielo faccio solo se la cosa le interessa davvero.

Gliela mando?","Via San Bernardino 109, Bergamo · tel. 392 7285223
Google 4,7 su 106 recensioni; su Facebook 96% di raccomandazioni su 74.
Prenotazioni via Inkbooking.",,,,
@sara_circus_,Sara Circus - fineline,Bergamo (BG),Tattoo,3878,1,Nessun sito: in bio una gmail,2026-09-03,,"Buongiorno, sono Patrick Sappa — ho una piccola software house a Seveso, DenkiCode.

Le scrivo perché ho guardato il profilo di Sara Circus - fineline e su Google non trovo un suo sito: c'è Instagram, ci sono le schede degli altri, ma un sito suo no.

Le sue foto erano già metà del lavoro: l'altra metà l'ho fatta io. La bozza del suo sito è già pronta, con le sue immagini e il suo nome — non deve scrivere testi, non deve mandarmi materiale, non deve decidere niente.

Gliela mando qui, la guarda con calma, e se non le piace me lo dice e non ci sentiamo più. Non le costa un euro e non la impegna a niente.

Sul costo non le faccio girare la testa: se poi decidesse di metterlo online, si parla di poche centinaia di euro una volta — non di migliaia — più una quota annuale per tenerlo attivo. Il numero preciso glielo faccio solo se la cosa le interessa davvero.

Gliela mando?","Bergamo · tel. 340 8979079 · saracircus.tattoo@gmail.com
Fineline e soggetti romantici — lo dice il nome stesso del profilo, «FineLine Tattoo Bergamo».
Nessuna recensione pubblica: tutto passa da Instagram.",,,,
@tattoosuburbia,Tattoo Suburbia - Matteo Zanotti,Stezzano (BG),Tattoo/piercing,3773,1,"Nessun sito, nessun link",2026-09-03,,"Buongiorno, sono Patrick Sappa — ho una piccola software house a Seveso, DenkiCode.

Le scrivo perché ho guardato il profilo di Tattoo Suburbia - Matteo Zanotti e su Google non trovo un suo sito: c'è Instagram, ci sono le schede degli altri, ma un sito suo no.

Le sue foto erano già metà del lavoro: l'altra metà l'ho fatta io. La bozza del suo sito è già pronta, con le sue immagini e il suo nome — non deve scrivere testi, non deve mandarmi materiale, non deve decidere niente.

Gliela mando qui, la guarda con calma, e se non le piace me lo dice e non ci sentiamo più. Non le costa un euro e non la impegna a niente.

Sul costo non le faccio girare la testa: se poi decidesse di metterlo online, si parla di poche centinaia di euro una volta — non di migliaia — più una quota annuale per tenerlo attivo. Il numero preciso glielo faccio solo se la cosa le interessa davvero.

Gliela mando?","Suburbia Tattoo, Via Mascagni 16, Stezzano · Matteo Zanotti
Lun-ven 9:30-12:30 e 14-18:30, sab fino alle 17:30, mercoledì mattina chiuso — orari da negozio, non da studio su appuntamento.
Recensioni buone e concordi: «prezzi non alti», «ti mette a suo agio», «studio pulitissimo».
New school, tradizionale, orientale, realistico, lettering, cover-up, piercing e microdermal.",,,,
@mascalzonetattoo,Mascalzone Tattoo,Lecco (LC),Tattoo,2587,1,Nessun sito: in bio una gmail,2026-09-03,,"Buongiorno, sono Patrick Sappa — ho una piccola software house a Seveso, DenkiCode.

Le scrivo perché ho guardato il profilo di Mascalzone Tattoo e su Google non trovo un suo sito: c'è Instagram, ci sono le schede degli altri, ma un sito suo no.

Le sue foto erano già metà del lavoro: l'altra metà l'ho fatta io. La bozza del suo sito è già pronta, con le sue immagini e il suo nome — non deve scrivere testi, non deve mandarmi materiale, non deve decidere niente.

Gliela mando qui, la guarda con calma, e se non le piace me lo dice e non ci sentiamo più. Non le costa un euro e non la impegna a niente.

Sul costo non le faccio girare la testa: se poi decidesse di metterlo online, si parla di poche centinaia di euro una volta — non di migliaia — più una quota annuale per tenerlo attivo. Il numero preciso glielo faccio solo se la cosa le interessa davvero.

Gliela mando?","Via Leonardo Da Vinci 37, Lecco · tel. 0341 321589 · mascalzonetattoo@gmail.com
⚠️ 4,9 su 243 recensioni, 98% di raccomandazioni: il numero più alto della lista dopo Inchiostro Rosso.
Tatuaggi, piercing e vendita di gioielli — il negozio ha già un pezzo di e-commerce naturale che oggi non esiste online.",,,,"Questo e' un messaggio automatico. Al momento lo studio e' chiuso, siamo aperti 9-13 e 15-19"
@lorientaletattoocurno,L'Orientale Tattoo World,Curno (BG),Tattoo/PMU,2457,2,Nessun sito: unico link una pagina Facebook,2026-09-03,,"Buongiorno, sono Patrick Sappa — ho una piccola software house a Seveso, DenkiCode.

Le scrivo perché ho guardato il profilo di L'Orientale Tattoo World e il dominio lorientaletattoo.net che compare ancora nelle ricerche non si apre più.

Le sue foto erano già metà del lavoro: l'altra metà l'ho fatta io. La bozza del suo sito è già pronta, con le sue immagini e il suo nome — non deve scrivere testi, non deve mandarmi materiale, non deve decidere niente.

Gliela mando qui, la guarda con calma, e se non le piace me lo dice e non ci sentiamo più. Non le costa un euro e non la impegna a niente.

Sul costo non le faccio girare la testa: se poi decidesse di metterlo online, si parla di poche centinaia di euro una volta — non di migliaia — più una quota annuale per tenerlo attivo. Il numero preciso glielo faccio solo se la cosa le interessa davvero.

Gliela mando?","Via Merena 7, Curno (BG) · tel. 035 617574 · Francesco Gemelli
⚠️ Aperto dal 1993 — trentadue anni — e 543 recensioni con il 94% di raccomandazioni: è il più grosso di tutta la lista.
Il dominio lorientaletattoo.net è ancora scritto su tutti gli elenchi ma non risolve più: nessun DNS, verificato il 2 settembre.",,,,
@ladymaryontattoo,Lady Maryon Tattoo,Bergamo (BG),Tattoo,2148,1,Nessun sito: solo Linktree,2026-09-03,,"Buongiorno, sono Patrick Sappa — ho una piccola software house a Seveso, DenkiCode.

Le scrivo perché ho guardato il profilo di Lady Maryon Tattoo e su Google non trovo un suo sito: c'è Instagram, ci sono le schede degli altri, ma un sito suo no.

Le sue foto erano già metà del lavoro: l'altra metà l'ho fatta io. La bozza del suo sito è già pronta, con le sue immagini e il suo nome — non deve scrivere testi, non deve mandarmi materiale, non deve decidere niente.

Gliela mando qui, la guarda con calma, e se non le piace me lo dice e non ci sentiamo più. Non le costa un euro e non la impegna a niente.

Sul costo non le faccio girare la testa: se poi decidesse di metterlo online, si parla di poche centinaia di euro una volta — non di migliaia — più una quota annuale per tenerlo attivo. Il numero preciso glielo faccio solo se la cosa le interessa davvero.

Gliela mando?","Lady Maryon Art Tattoo — sede a Comun Nuovo (BG), non a Bergamo città
Più di dieci anni di attività. ⚠️ Si propone anche come intrattenimento per eventi e matrimoni (è su Matrimonio.com): tatuaggi dal vivo alle feste.
Nessuna recensione su nessuna delle schede. Quel doppio mestiere — studio e servizio per eventi — è esattamente ciò che un profilo Instagram non riesce a spiegare.",,,,
@belindatattoo_,Belinda - fineline botanical,Lecco (LC),Tattoo,2112,1,"Nessun sito, nessun link",2026-09-03,,"Buongiorno, sono Patrick Sappa — ho una piccola software house a Seveso, DenkiCode.

Le scrivo perché ho guardato il profilo di Belinda - fineline botanical e su Google non trovo un suo sito: c'è Instagram, ci sono le schede degli altri, ma un sito suo no.

Le sue foto erano già metà del lavoro: l'altra metà l'ho fatta io. La bozza del suo sito è già pronta, con le sue immagini e il suo nome — non deve scrivere testi, non deve mandarmi materiale, non deve decidere niente.

Gliela mando qui, la guarda con calma, e se non le piace me lo dice e non ci sentiamo più. Non le costa un euro e non la impegna a niente.

Sul costo non le faccio girare la testa: se poi decidesse di metterlo online, si parla di poche centinaia di euro una volta — non di migliaia — più una quota annuale per tenerlo attivo. Il numero preciso glielo faccio solo se la cosa le interessa davvero.

Gliela mando?","Lecco · fineline botanical.
La ricerca non restituisce nessuna scheda, nessuna recensione, nessun sito: esiste solo il profilo.",,,,
@sanax.ink,Chiara Sana - blackwork,Bergamo (BG),Tattoo,2070,1,"Nessun sito, nessun link",2026-09-03,,"Buongiorno, sono Patrick Sappa — ho una piccola software house a Seveso, DenkiCode.

Le scrivo perché ho guardato il profilo di Chiara Sana - blackwork e su Google non trovo un suo sito: c'è Instagram, ci sono le schede degli altri, ma un sito suo no.

Le sue foto erano già metà del lavoro: l'altra metà l'ho fatta io. La bozza del suo sito è già pronta, con le sue immagini e il suo nome — non deve scrivere testi, non deve mandarmi materiale, non deve decidere niente.

Gliela mando qui, la guarda con calma, e se non le piace me lo dice e non ci sentiamo più. Non le costa un euro e non la impegna a niente.

Sul costo non le faccio girare la testa: se poi decidesse di metterlo online, si parla di poche centinaia di euro una volta — non di migliaia — più una quota annuale per tenerlo attivo. Il numero preciso glielo faccio solo se la cosa le interessa davvero.

Gliela mando?","Bergamo · Chiara Sana, blackwork.
Nessuna scheda pubblica trovata. Come per le altre tatuatrici singole della lista, il lavoro sta tutto dentro Instagram.",,,,
@stone.treviglio,Stone - private tattoo studio,Treviglio (BG),Tattoo,764,1,Nessun sito: il link e Google Maps,2026-09-03,,"Buongiorno, sono Patrick Sappa — ho una piccola software house a Seveso, DenkiCode.

Le scrivo perché ho guardato il profilo di Stone - private tattoo studio e su Google non trovo un suo sito: c'è Instagram, ci sono le schede degli altri, ma un sito suo no.

Le sue foto erano già metà del lavoro: l'altra metà l'ho fatta io. La bozza del suo sito è già pronta, con le sue immagini e il suo nome — non deve scrivere testi, non deve mandarmi materiale, non deve decidere niente.

Gliela mando qui, la guarda con calma, e se non le piace me lo dice e non ci sentiamo più. Non le costa un euro e non la impegna a niente.

Sul costo non le faccio girare la testa: se poi decidesse di metterlo online, si parla di poche centinaia di euro una volta — non di migliaia — più una quota annuale per tenerlo attivo. Il numero preciso glielo faccio solo se la cosa le interessa davvero.

Gliela mando?","Stone — private tattoo studio, Via Roma 26, Treviglio
5,0 su 56 voti su Fresha, da cui passano anche le prenotazioni.
È uno studio privato su appuntamento: il tipo di attività in cui la pagina serve a filtrare le richieste prima che arrivino.",,,,
@profumodilavanda,Profumo di Lavanda,Appiano Gentile (CO),Fiorista/wedding,2305,1,"Nessun sito, nessun link. Ha profilo wedding dedicato",2026-09-03,,"Buongiorno, sono Patrick Sappa — ho una piccola software house a Seveso, DenkiCode.

Le scrivo perché ho guardato il profilo di Profumo di Lavanda e su Google non trovo un suo sito: c'è Instagram, ci sono le schede degli altri, ma un sito suo no.

Le sue foto erano già metà del lavoro: l'altra metà l'ho fatta io. La bozza del suo sito è già pronta, con le sue immagini e il suo nome — non deve scrivere testi, non deve mandarmi materiale, non deve decidere niente.

Gliela mando qui, la guarda con calma, e se non le piace me lo dice e non ci sentiamo più. Non le costa un euro e non la impegna a niente.

Sul costo non le faccio girare la testa: se poi decidesse di metterlo online, si parla di poche centinaia di euro una volta — non di migliaia — più una quota annuale per tenerlo attivo. Il numero preciso glielo faccio solo se la cosa le interessa davvero.

Gliela mando?","Profumo di Lavanda, Appiano Gentile (CO) · Sabrina
Google 4,9 su 8 recensioni; su Matrimonio.com 5,0 su 10, con il 100% delle coppie che la raccomanda.
Consegna a domicilio e in giornata, pagamenti con carta e NFC.
⚠️ Fa matrimoni: è il segmento in cui la coppia guarda le foto prima di telefonare, e le foto oggi stanno solo su un profilo.",,,,
@_sebastianfiori_,Sebastian Fiori,Treviglio (BG),Fiorista/wedding,2025,1,"Nessun sito, nessun link. Wedding ed eventi",2026-09-03,,"Buongiorno, sono Patrick Sappa — ho una piccola software house a Seveso, DenkiCode.

Le scrivo perché ho guardato il profilo di Sebastian Fiori e su Google non trovo un suo sito: c'è Instagram, ci sono le schede degli altri, ma un sito suo no.

Le sue foto erano già metà del lavoro: l'altra metà l'ho fatta io. La bozza del suo sito è già pronta, con le sue immagini e il suo nome — non deve scrivere testi, non deve mandarmi materiale, non deve decidere niente.

Gliela mando qui, la guarda con calma, e se non le piace me lo dice e non ci sentiamo più. Non le costa un euro e non la impegna a niente.

Sul costo non le faccio girare la testa: se poi decidesse di metterlo online, si parla di poche centinaia di euro una volta — non di migliaia — più una quota annuale per tenerlo attivo. Il numero preciso glielo faccio solo se la cosa le interessa davvero.

Gliela mando?","Sebastian Fiori di Amati Sebastian, Via Zara 3A, Treviglio · mar-sab, domenica mattina
⚠️ Vende già online, ma dentro Just Eat — la piattaforma prende la sua percentuale e il cliente resta di Just Eat, non suo.
Su Matrimonio.com è iscritto ma senza nessuna recensione.",,,,
@julia.po.ph,Julia Po - fotografa gravidanza,Busto Arsizio (VA),Fotografo,2010,1,"Nessun sito, nessun link",2026-09-03,,"Buongiorno, sono Patrick Sappa — ho una piccola software house a Seveso, DenkiCode.

Le scrivo perché ho guardato il profilo di Julia Po - fotografa gravidanza e su Google non trovo un suo sito: c'è Instagram, ci sono le schede degli altri, ma un sito suo no.

Le sue foto erano già metà del lavoro: l'altra metà l'ho fatta io. La bozza del suo sito è già pronta, con le sue immagini e il suo nome — non deve scrivere testi, non deve mandarmi materiale, non deve decidere niente.

Gliela mando qui, la guarda con calma, e se non le piace me lo dice e non ci sentiamo più. Non le costa un euro e non la impegna a niente.

Sul costo non le faccio girare la testa: se poi decidesse di metterlo online, si parla di poche centinaia di euro una volta — non di migliaia — più una quota annuale per tenerlo attivo. Il numero preciso glielo faccio solo se la cosa le interessa davvero.

Gliela mando?","Busto Arsizio e Legnano · gravidanza, neonati, famiglia, ritratto femminile
Poco più di 2.000 follower. ⚠️ Lavora in cinque lingue: italiano, inglese, tedesco, lettone e russo — un sito multilingua è un argomento che per lei vale davvero, e su Instagram non si può fare.
È il segmento in cui si sceglie guardando un portfolio intero, non nove foto in griglia.",,,,
@studio.fotofantasy,Fotofantasy - fotografi di famiglia,Bergamo (BG),Fotografo,1930,1,"Nessun sito: solo Linktree. Dal 1985, tramandato in famiglia",2026-09-03,,"Buongiorno, sono Patrick Sappa — ho una piccola software house a Seveso, DenkiCode.

Le scrivo perché ho guardato il profilo di Fotofantasy - fotografi di famiglia e su Google non trovo un suo sito: c'è Instagram, ci sono le schede degli altri, ma un sito suo no.

Le sue foto erano già metà del lavoro: l'altra metà l'ho fatta io. La bozza del suo sito è già pronta, con le sue immagini e il suo nome — non deve scrivere testi, non deve mandarmi materiale, non deve decidere niente.

Gliela mando qui, la guarda con calma, e se non le piace me lo dice e non ci sentiamo più. Non le costa un euro e non la impegna a niente.

Sul costo non le faccio girare la testa: se poi decidesse di metterlo online, si parla di poche centinaia di euro una volta — non di migliaia — più una quota annuale per tenerlo attivo. Il numero preciso glielo faccio solo se la cosa le interessa davvero.

Gliela mando?","Fotofantasy, Via Cavour 6, Alzano Lombardo (BG) — non Bergamo città
⚠️ 35 anni di attività e 4,9 su 126 recensioni su Matrimonio.com, 98% di coppie che li raccomandano. Hanno il drone per riprese aeree.
Numeri da studio affermato: qui il messaggio non è «non vi trova nessuno», è che tutto passa da Matrimonio.com, che si prende il contatto.",,,,
@lariogarden,Lario Garden - Federica Monti,Cernobbio (CO),Fiorista/wedding,1352,1,Nessun sito: solo WhatsApp Business. Negozio storico dal 1935,2026-09-03,,"Buongiorno, sono Patrick Sappa — ho una piccola software house a Seveso, DenkiCode.

Le scrivo perché ho guardato il profilo di Lario Garden - Federica Monti e su Google non trovo un suo sito: c'è Instagram, ci sono le schede degli altri, ma un sito suo no.

Le sue foto erano già metà del lavoro: l'altra metà l'ho fatta io. La bozza del suo sito è già pronta, con le sue immagini e il suo nome — non deve scrivere testi, non deve mandarmi materiale, non deve decidere niente.

Gliela mando qui, la guarda con calma, e se non le piace me lo dice e non ci sentiamo più. Non le costa un euro e non la impegna a niente.

Sul costo non le faccio girare la testa: se poi decidesse di metterlo online, si parla di poche centinaia di euro una volta — non di migliaia — più una quota annuale per tenerlo attivo. Il numero preciso glielo faccio solo se la cosa le interessa davvero.

Gliela mando?","Lario Garden Srl, Via Privata Perlasca 15, Cernobbio · tel. 031 512292 · Federica Monti
4,9 su 56 recensioni su Matrimonio.com. Wedding flower designer sul lago di Como — matrimoni, eventi privati e giardini.
⚠️ È una Srl, con l'insegna storica «Floricoltura Monti» accanto al nome nuovo: due nomi per la stessa attività sono un problema di identità che una pagina risolve.
Il lago di Como è il mercato dei matrimoni stranieri: chi arriva da fuori cerca in inglese, e non trova.",,,,
@tropicalflowers.saronno,Tropical Flowers,Saronno (VA),Fiorista,991,1,"Nessun sito, nessun link. Allestimenti per eventi",,SCARTATO — tropicalflowersaronno.it è un e-commerce WooCommerce vivo e aggiornato al 2025,,"Tropical Flowers, Via Manzoni 47, Saronno
⛔ HA GIÀ UN SITO CON VENDITA ONLINE: tropicalflowersaronno.it, WooCommerce, carrello, lista desideri, foto dei prodotti del 2025. Su Trustpilot 4,2 su 18 recensioni.
Non è un lead da sito vetrina.",,,,
@enzo.fiori.varese,Enzo Fiori,Varese (VA),Fiorista,871,1,"Nessun sito, nessun link",2026-09-03,,"Buongiorno, sono Patrick Sappa — ho una piccola software house a Seveso, DenkiCode.

Le scrivo perché ho guardato il profilo di Enzo Fiori e su Google non trovo un suo sito: c'è Instagram, ci sono le schede degli altri, ma un sito suo no.

Le sue foto erano già metà del lavoro: l'altra metà l'ho fatta io. La bozza del suo sito è già pronta, con le sue immagini e il suo nome — non deve scrivere testi, non deve mandarmi materiale, non deve decidere niente.

Gliela mando qui, la guarda con calma, e se non le piace me lo dice e non ci sentiamo più. Non le costa un euro e non la impegna a niente.

Sul costo non le faccio girare la testa: se poi decidesse di metterlo online, si parla di poche centinaia di euro una volta — non di migliaia — più una quota annuale per tenerlo attivo. Il numero preciso glielo faccio solo se la cosa le interessa davvero.

Gliela mando?","Enzo Fiori, Viale Aguggiari 140/a, Varese · tel. 0332 820536
Su Matrimonio.com 5,0 e raccomandato dal 100% delle coppie. Le recensioni parlano di rose che durano più di un mese.
Composizioni e piante da interno; nessun sito.",,,,
@paolofioribg,Paolo Fiori,Bergamo (BG),Fiorista,856,1,Nessun sito: unico link una pagina Facebook. 43 anni di attivita,2026-09-03,,"Buongiorno, sono Patrick Sappa — ho una piccola software house a Seveso, DenkiCode.

Le scrivo perché ho guardato il profilo di Paolo Fiori e su Google non trovo un suo sito: c'è Instagram, ci sono le schede degli altri, ma un sito suo no.

Le sue foto erano già metà del lavoro: l'altra metà l'ho fatta io. La bozza del suo sito è già pronta, con le sue immagini e il suo nome — non deve scrivere testi, non deve mandarmi materiale, non deve decidere niente.

Gliela mando qui, la guarda con calma, e se non le piace me lo dice e non ci sentiamo più. Non le costa un euro e non la impegna a niente.

Sul costo non le faccio girare la testa: se poi decidesse di metterlo online, si parla di poche centinaia di euro una volta — non di migliaia — più una quota annuale per tenerlo attivo. Il numero preciso glielo faccio solo se la cosa le interessa davvero.

Gliela mando?","Paolo Fiori, Via Broseta 76, Bergamo
⚠️ 4,0 su 4 recensioni, e una è negativa: «troppo caro» e «scortese». Raccomandato dal 79% delle coppie — il dato più basso della lista.
Poche recensioni e una brutta pesano il doppio: è uno dei casi in cui una pagina propria serve a farsi giudicare sul lavoro invece che su una riga.",,,,
@sposiamoci_outlet_varese,Sposiamoci Outlet - abiti sposa,Varese (VA),Atelier sposa,648,1,"Nessun sito, nessun link. Outlet con sartoria interna, 700 abiti",2026-09-03,,"Buongiorno, sono Patrick Sappa — ho una piccola software house a Seveso, DenkiCode.

Le scrivo perché ho guardato il profilo di Sposiamoci Outlet - abiti sposa e su Google non trovo un suo sito: c'è Instagram, ci sono le schede degli altri, ma un sito suo no.

Le sue foto erano già metà del lavoro: l'altra metà l'ho fatta io. La bozza del suo sito è già pronta, con le sue immagini e il suo nome — non deve scrivere testi, non deve mandarmi materiale, non deve decidere niente.

Gliela mando qui, la guarda con calma, e se non le piace me lo dice e non ci sentiamo più. Non le costa un euro e non la impegna a niente.

Sul costo non le faccio girare la testa: se poi decidesse di metterlo online, si parla di poche centinaia di euro una volta — non di migliaia — più una quota annuale per tenerlo attivo. Il numero preciso glielo faccio solo se la cosa le interessa davvero.

Gliela mando?","Sposiamoci Outlet, Via Felice Cavallotti 4, Varese
⚠️ Oltre 700 abiti in negozio, prezzi da 90 a 490 euro, e l'unico outlet con sartoria interna nel raggio di 50 km — un vantaggio dichiarato che su Instagram non si legge da nessuna parte.
Solo 2 recensioni.
Un magazzino di 700 pezzi è un catalogo: è il caso della lista in cui il sito sposta più soldi.",,,,
@gelaterialariana,Gelateria Lariana,Como (CO),Gelateria,n.d.,5,"Il menù sta su gelateria-lariana.res-menu.net, un sottodominio della piattaforma dei menù: nessun dominio suo [verifica-sito] senza motori · domini: gelaterialariana.it (vivo, indovinato: Gelateria Lariana)",,"SCARTATO: sito vivo gelaterialariana.it (verifica-sito.py, 2026-09-08)","Buongiorno, sono Patrick Sappa. Ho una piccola software house a Seveso, DenkiCode.

Le scrivo perché ho guardato il profilo di Gelateria Lariana e quello che ha non è un sito suo: è una pagina su res-menu, la piattaforma dei menù.

Le sue foto erano già metà del lavoro: l'altra metà l'ho fatta io. La bozza del suo sito è già pronta, con le sue immagini e il suo nome. Non deve scrivere niente e non deve mandarmi niente.

Gliela mando qui, la guarda con calma, e se non le piace me lo dice e non ci sentiamo più. Non le costa un euro e non la impegna a niente.

Sul costo non le faccio girare la testa: se poi decidesse di metterlo online si parla di poche centinaia di euro una volta, non di migliaia, più una quota annuale per tenerlo attivo. Il numero preciso glielo faccio solo se la cosa le interessa davvero.

Gliela mando?","Lungo Lario Trento 5, Como, vista lago. Chiusure stagionali.",,,,
@napoletanopizzeriatrattoria,Napoletano Pizzeria Trattoria,Cermenate (CO),Pizzeria,n.d.,1,"Cercando nome e indirizzo escono solo Instagram, Facebook e i portali di categoria: nessun dominio suo [verifica-sito] senza motori · domini: napoletanopizzeriatrattoria.it (parcheggiato, indovinato); napoletanopizzeriatrattoria.com (vivo, indovinato: Napoletano Pizzeria Trattoria); napoletano.com (vivo, indovinato: Default page); napoletano.ch (non risponde, indovinato); napoletano.net (vivo, indovinato: Vinay Venkatraman – Design, Innovation & Sustainability) · aperto a mano l'8/9: napoletanopizzeriatrattoria.com vivo, nomina Cermenate",,"SCARTATO: sito vivo (aperto a mano l'8/9: napoletanopizzeriatrattoria.com vivo, nomina Cermenate)","Buongiorno, sono Patrick Sappa. Ho una piccola software house a Seveso, DenkiCode.

Le scrivo perché ho guardato il profilo di Napoletano Pizzeria Trattoria e su Google non compare un suo sito: c'è Instagram, ci sono le schede degli altri, ma un sito suo no.

Le sue foto erano già metà del lavoro: l'altra metà l'ho fatta io. La bozza del suo sito è già pronta, con le sue immagini e il suo nome. Non deve scrivere niente e non deve mandarmi niente.

Gliela mando qui, la guarda con calma, e se non le piace me lo dice e non ci sentiamo più. Non le costa un euro e non la impegna a niente.

Sul costo non le faccio girare la testa: se poi decidesse di metterlo online si parla di poche centinaia di euro una volta, non di migliaia, più una quota annuale per tenerlo attivo. Il numero preciso glielo faccio solo se la cosa le interessa davvero.

Gliela mando?","Cermenate. Pizzeria napoletana e trattoria, aperta dal martedì alla domenica.",,,,
@ristorante_alpostogiustovarese,Al Posto Giusto,Varese-Masnago (VA),Ristorante,n.d.,1,"Cercando nome e indirizzo escono solo Instagram, Facebook e i portali di categoria: nessun dominio suo [verifica-sito] senza motori · domini: alpostogiusto.it (vivo, indovinato: ALPOSTOGIUSTO.IT); alpostogiusto.com (parcheggiato, indovinato); alpostogiusto.net (vivo, indovinato: Al Posto Giusto da Valentina e Salvatore – Campioni della pizza – Ristorante-Piz); al-posto-giusto.it (non risponde, indovinato); postogiusto.it (non risponde, indovinato); postogiusto.com (vivo, indovinato: PostoGiusto.com is for sale - Premium Domain) · aperto a mano l'8/9: alpostogiusto.it vivo (pagina in JS), primo risultato della ricerca «Al Posto Giusto» Varese",,"SCARTATO: sito vivo (aperto a mano l'8/9: alpostogiusto.it vivo (pagina in JS), primo risultato della ricerca «Al Posto Giusto» Varese)","Buongiorno, sono Patrick Sappa. Ho una piccola software house a Seveso, DenkiCode.

Le scrivo perché ho guardato il profilo di Al Posto Giusto e su Google non compare un suo sito: c'è Instagram, ci sono le schede degli altri, ma un sito suo no.

Le sue foto erano già metà del lavoro: l'altra metà l'ho fatta io. La bozza del suo sito è già pronta, con le sue immagini e il suo nome. Non deve scrivere niente e non deve mandarmi niente.

Gliela mando qui, la guarda con calma, e se non le piace me lo dice e non ci sentiamo più. Non le costa un euro e non la impegna a niente.

Sul costo non le faccio girare la testa: se poi decidesse di metterlo online si parla di poche centinaia di euro una volta, non di migliaia, più una quota annuale per tenerlo attivo. Il numero preciso glielo faccio solo se la cosa le interessa davvero.

Gliela mando?","Via Amendola 7, Masnago, Varese. Ristorante pizzeria con griglia esterna, eventi e feste private. Tel. 375 886 5600.",,,,
@cosicomeristopizza,Così Com'è,Varese (VA),Pizzeria,n.d.,1,"Cercando nome e indirizzo escono solo Instagram, Facebook e i portali di categoria: nessun dominio suo [verifica-sito] senza motori · domini: cosicome.com (vivo, indovinato: CosiCome.com is for sale - Premium Domain); cosicome.eu (non risponde, indovinato); cosi-come.it (vivo, indovinato: Così Com'è - Pizza Contemporanea a Varese | Forno a Legna & Qualità)",,"SCARTATO: sito vivo cosi-come.it (verifica-sito.py, 2026-09-08)","Buongiorno, sono Patrick Sappa. Ho una piccola software house a Seveso, DenkiCode.

Le scrivo perché ho guardato il profilo di Così Com'è e su Google non compare un suo sito: c'è Instagram, ci sono le schede degli altri, ma un sito suo no.

Le sue foto erano già metà del lavoro: l'altra metà l'ho fatta io. La bozza del suo sito è già pronta, con le sue immagini e il suo nome. Non deve scrivere niente e non deve mandarmi niente.

Gliela mando qui, la guarda con calma, e se non le piace me lo dice e non ci sentiamo più. Non le costa un euro e non la impegna a niente.

Sul costo non le faccio girare la testa: se poi decidesse di metterlo online si parla di poche centinaia di euro una volta, non di migliaia, più una quota annuale per tenerlo attivo. Il numero preciso glielo faccio solo se la cosa le interessa davvero.

Gliela mando?","Varese centro. Pizza contemporanea, forno a legna di faggio.",,,,
@bilalpizzakebab,Bilal Pizza & Kebab,Varese (VA),Street food,n.d.,1,"Cercando nome e indirizzo escono solo Instagram, Facebook e i portali di categoria: nessun dominio suo [verifica-sito] senza motori · domini: bilalpizzakebab.com (vivo, indovinato: Home - Bilal Pizza Kebab) · aperto a mano l'8/9: bilalpizzakebab.com vivo, nomina Varese, +39 351",,"SCARTATO: sito vivo (aperto a mano l'8/9: bilalpizzakebab.com vivo, nomina Varese, +39 351)","Buongiorno, sono Patrick Sappa. Ho una piccola software house a Seveso, DenkiCode.

Le scrivo perché ho guardato il profilo di Bilal Pizza & Kebab e su Google non compare un suo sito: c'è Instagram, ci sono le schede degli altri, ma un sito suo no.

Le sue foto erano già metà del lavoro: l'altra metà l'ho fatta io. La bozza del suo sito è già pronta, con le sue immagini e il suo nome. Non deve scrivere niente e non deve mandarmi niente.

Gliela mando qui, la guarda con calma, e se non le piace me lo dice e non ci sentiamo più. Non le costa un euro e non la impegna a niente.

Sul costo non le faccio girare la testa: se poi decidesse di metterlo online si parla di poche centinaia di euro una volta, non di migliaia, più una quota annuale per tenerlo attivo. Il numero preciso glielo faccio solo se la cosa le interessa davvero.

Gliela mando?",Pizza e kebab a Varese.,,,,
@dulceargentina.gelato,Dulce Argentina,Varese (VA),Gelateria,n.d.,1,"Cercando nome e indirizzo escono solo Instagram, Facebook e i portali di categoria: nessun dominio suo [verifica-sito] senza motori · domini: dulceargentina.it (vivo, indovinato: Dulce Argentina); dulceargentina.com (parcheggiato, indovinato) · aperto a mano l'8/9: dulceargentina.it vivo, titolo «Dulce Argentina», uscito dalla ricerca",,"SCARTATO: sito vivo (aperto a mano l'8/9: dulceargentina.it vivo, titolo «Dulce Argentina», uscito dalla ricerca)","Buongiorno, sono Patrick Sappa. Ho una piccola software house a Seveso, DenkiCode.

Le scrivo perché ho guardato il profilo di Dulce Argentina e su Google non compare un suo sito: c'è Instagram, ci sono le schede degli altri, ma un sito suo no.

Le sue foto erano già metà del lavoro: l'altra metà l'ho fatta io. La bozza del suo sito è già pronta, con le sue immagini e il suo nome. Non deve scrivere niente e non deve mandarmi niente.

Gliela mando qui, la guarda con calma, e se non le piace me lo dice e non ci sentiamo più. Non le costa un euro e non la impegna a niente.

Sul costo non le faccio girare la testa: se poi decidesse di metterlo online si parla di poche centinaia di euro una volta, non di migliaia, più una quota annuale per tenerlo attivo. Il numero preciso glielo faccio solo se la cosa le interessa davvero.

Gliela mando?","Gelateria artigianale a Varese, di ispirazione argentina.",,,,
@karalis_arteincucina_,Ristorante Karalis,Uboldo (VA),Ristorante,n.d.,1,"Cercando nome e indirizzo escono solo Instagram, Facebook e i portali di categoria: nessun dominio suo [verifica-sito] senza motori · domini: ristorantekaralis.com (vivo, indovinato: Karalis – Arte in cucina) · aperto a mano l'8/9: ristorantekaralis.com vivo, nomina Uboldo",,"SCARTATO: sito vivo (aperto a mano l'8/9: ristorantekaralis.com vivo, nomina Uboldo)","Buongiorno, sono Patrick Sappa. Ho una piccola software house a Seveso, DenkiCode.

Le scrivo perché ho guardato il profilo di Ristorante Karalis e su Google non compare un suo sito: c'è Instagram, ci sono le schede degli altri, ma un sito suo no.

Le sue foto erano già metà del lavoro: l'altra metà l'ho fatta io. La bozza del suo sito è già pronta, con le sue immagini e il suo nome. Non deve scrivere niente e non deve mandarmi niente.

Gliela mando qui, la guarda con calma, e se non le piace me lo dice e non ci sentiamo più. Non le costa un euro e non la impegna a niente.

Sul costo non le faccio girare la testa: se poi decidesse di metterlo online si parla di poche centinaia di euro una volta, non di migliaia, più una quota annuale per tenerlo attivo. Il numero preciso glielo faccio solo se la cosa le interessa davvero.

Gliela mando?","Uboldo. Ristorante di pesce e pizzeria, specialità sarde.",,,,
@nellogallarate,Bar Pizzeria Nello,Gallarate (VA),Pizzeria,n.d.,1,"Cercando nome e indirizzo escono solo Instagram, Facebook e i portali di categoria: nessun dominio suo [verifica-sito] senza motori · domini: barpizzerianello.it (vivo, indovinato: Pizzeria Nello – nel cuore di Gallarate)",,"SCARTATO: sito vivo barpizzerianello.it (verifica-sito.py, 2026-09-08)","Buongiorno, sono Patrick Sappa. Ho una piccola software house a Seveso, DenkiCode.

Le scrivo perché ho guardato il profilo di Bar Pizzeria Nello e su Google non compare un suo sito: c'è Instagram, ci sono le schede degli altri, ma un sito suo no.

Le sue foto erano già metà del lavoro: l'altra metà l'ho fatta io. La bozza del suo sito è già pronta, con le sue immagini e il suo nome. Non deve scrivere niente e non deve mandarmi niente.

Gliela mando qui, la guarda con calma, e se non le piace me lo dice e non ci sentiamo più. Non le costa un euro e non la impegna a niente.

Sul costo non le faccio girare la testa: se poi decidesse di metterlo online si parla di poche centinaia di euro una volta, non di migliaia, più una quota annuale per tenerlo attivo. Il numero preciso glielo faccio solo se la cosa le interessa davvero.

Gliela mando?",Gallarate.,,,,
@deliziapasticcerialecco,Delizia Pasticceria,Lecco (LC),Pasticceria,n.d.,1,"Cercando nome e indirizzo escono solo Instagram, Facebook e i portali di categoria: nessun dominio suo [verifica-sito] senza motori · domini: deliziapasticceria.com (vivo, indovinato: Delizia — Sito in manutenzione) · aperto a mano l'8/9: deliziapasticceria.com «Delizia — Sito in manutenzione»: dominio col nome, non si sa se e' loro, non si scrive",,"SCARTATO: sito vivo (aperto a mano l'8/9: deliziapasticceria.com «Delizia — Sito in manutenzione»: dominio col nome, non si sa se e' loro, non si scrive)","Buongiorno, sono Patrick Sappa. Ho una piccola software house a Seveso, DenkiCode.

Le scrivo perché ho guardato il profilo di Delizia Pasticceria e su Google non compare un suo sito: c'è Instagram, ci sono le schede degli altri, ma un sito suo no.

Le sue foto erano già metà del lavoro: l'altra metà l'ho fatta io. La bozza del suo sito è già pronta, con le sue immagini e il suo nome. Non deve scrivere niente e non deve mandarmi niente.

Gliela mando qui, la guarda con calma, e se non le piace me lo dice e non ci sentiamo più. Non le costa un euro e non la impegna a niente.

Sul costo non le faccio girare la testa: se poi decidesse di metterlo online si parla di poche centinaia di euro una volta, non di migliaia, più una quota annuale per tenerlo attivo. Il numero preciso glielo faccio solo se la cosa le interessa davvero.

Gliela mando?","Via Cavour, Lecco. Pasticceria artigianale, cake design, bar e caffetteria.",,,,
@anteomnia_ristorante_pizzeria,Ante Omnia,Lecco (LC),Ristorante,n.d.,1,"Cercando nome e indirizzo escono solo Instagram, Facebook e i portali di categoria: nessun dominio suo [verifica-sito] senza motori · domini: anteomnia.it (vivo, indovinato: Ante Omnia – A servizio dei luoghi dell'arte); anteomnia.com (vivo, indovinato: Pizzeria Birreria e Trattoria ANTE OMNIA); ante-omnia.com (non risponde, indovinato)",,"SCARTATO: sito vivo anteomnia.com (verifica-sito.py, 2026-09-08)","Buongiorno, sono Patrick Sappa. Ho una piccola software house a Seveso, DenkiCode.

Le scrivo perché ho guardato il profilo di Ante Omnia e su Google non compare un suo sito: c'è Instagram, ci sono le schede degli altri, ma un sito suo no.

Le sue foto erano già metà del lavoro: l'altra metà l'ho fatta io. La bozza del suo sito è già pronta, con le sue immagini e il suo nome. Non deve scrivere niente e non deve mandarmi niente.

Gliela mando qui, la guarda con calma, e se non le piace me lo dice e non ci sentiamo più. Non le costa un euro e non la impegna a niente.

Sul costo non le faccio girare la testa: se poi decidesse di metterlo online si parla di poche centinaia di euro una volta, non di migliaia, più una quota annuale per tenerlo attivo. Il numero preciso glielo faccio solo se la cosa le interessa davvero.

Gliela mando?","Via Arlenico 26, Lecco. Sala inferiore con volte in pietra e botola a vista.",,,,
@al_borgo_antico_,Al Borgo Antico,Pescate (LC),Pizzeria,n.d.,1,"Cercando nome e indirizzo escono solo Instagram, Facebook e i portali di categoria: nessun dominio suo [verifica-sito] senza motori · domini: alborgoantico.it (vivo, indovinato: Front Page - Al Borgo Antico); alborgoantico.com (vivo, indovinato: Al Borgo Antico); alborgoantico.eu (parcheggiato, indovinato: Maintenance); alborgoantico.net (vivo, indovinato: Al Borgo Antico - Dormire a Roseto Valfortore); borgoantico.it (vivo, indovinato: BORGOANTICO.IT); borgoantico.eu (vivo, indovinato: Agriturismo Amelia | Agriturismo Pet Friendly | Borgo Antico Umbria); borgo-antico.it (non risponde, indovinato); borgo-antico.com (vivo, indovinato: The Wandelust Whisperer - - Where Destinations Come to Life) · aperto a mano l'8/9: alborgoantico.it vivo: ristorante e alloggi, stesso nome",,"SCARTATO: sito vivo (aperto a mano l'8/9: alborgoantico.it vivo: ristorante e alloggi, stesso nome)","Buongiorno, sono Patrick Sappa. Ho una piccola software house a Seveso, DenkiCode.

Le scrivo perché ho guardato il profilo di Al Borgo Antico e su Google non compare un suo sito: c'è Instagram, ci sono le schede degli altri, ma un sito suo no.

Le sue foto erano già metà del lavoro: l'altra metà l'ho fatta io. La bozza del suo sito è già pronta, con le sue immagini e il suo nome. Non deve scrivere niente e non deve mandarmi niente.

Gliela mando qui, la guarda con calma, e se non le piace me lo dice e non ci sentiamo più. Non le costa un euro e non la impegna a niente.

Sul costo non le faccio girare la testa: se poi decidesse di metterlo online si parla di poche centinaia di euro una volta, non di migliaia, più una quota annuale per tenerlo attivo. Il numero preciso glielo faccio solo se la cosa le interessa davvero.

Gliela mando?","Via Roma 127, Pescate. Pizza d'asporto e prodotti tipici cilentani, forno a legna. Tel. 0341 287395.",,,,
@il.ronco.garlate,Agriturismo Il Ronco,Garlate (LC),Agriturismo,n.d.,1,"Cercando nome e indirizzo escono solo Instagram, Facebook e i portali di categoria: nessun dominio suo [verifica-sito] senza motori · domini: agriturismoilronco.it (vivo, indovinato: Home • Il Ronco Agriturismo sul Lago di Como, Garlate)",,"SCARTATO: sito vivo agriturismoilronco.it (verifica-sito.py, 2026-09-08)","Buongiorno, sono Patrick Sappa. Ho una piccola software house a Seveso, DenkiCode.

Le scrivo perché ho guardato il profilo di Agriturismo Il Ronco e su Google non compare un suo sito: c'è Instagram, ci sono le schede degli altri, ma un sito suo no.

Le sue foto erano già metà del lavoro: l'altra metà l'ho fatta io. La bozza del suo sito è già pronta, con le sue immagini e il suo nome. Non deve scrivere niente e non deve mandarmi niente.

Gliela mando qui, la guarda con calma, e se non le piace me lo dice e non ci sentiamo più. Non le costa un euro e non la impegna a niente.

Sul costo non le faccio girare la testa: se poi decidesse di metterlo online si parla di poche centinaia di euro una volta, non di migliaia, più una quota annuale per tenerlo attivo. Il numero preciso glielo faccio solo se la cosa le interessa davvero.

Gliela mando?","Garlate. Agriturismo, B&B e azienda agricola biologica.",,,,
@ristorante_da_franco_oggiono,Ristorante Da Franco,Oggiono (LC),Ristorante,n.d.,5,"Il menù sta su dafranco.menu, un sottodominio della piattaforma: nessun dominio suo [verifica-sito] senza motori · domini: ristorantedafranco.it (vivo, indovinato: Ristorantedafranco.it - dominio premium in vendita); ristorantedafranco.eu (vivo, indovinato: Ristorante Da Franco | Montemagno Camaiore | Cucina Toscana e Pizzeria) · aperto a mano l'8/9: ristorantedafranco.it risponde col nome: non si scrive senza averlo visto",,SCARTATO: sito vivo (aperto a mano l'8/9: ristorantedafranco.it risponde col nome: non si scrive senza averlo visto),"Buongiorno, sono Patrick Sappa. Ho una piccola software house a Seveso, DenkiCode.

Le scrivo perché ho guardato il profilo di Ristorante Da Franco e quello che ha non è un sito suo: è una pagina su una piattaforma di menù online.

Le sue foto erano già metà del lavoro: l'altra metà l'ho fatta io. La bozza del suo sito è già pronta, con le sue immagini e il suo nome. Non deve scrivere niente e non deve mandarmi niente.

Gliela mando qui, la guarda con calma, e se non le piace me lo dice e non ci sentiamo più. Non le costa un euro e non la impegna a niente.

Sul costo non le faccio girare la testa: se poi decidesse di metterlo online si parla di poche centinaia di euro una volta, non di migliaia, più una quota annuale per tenerlo attivo. Il numero preciso glielo faccio solo se la cosa le interessa davvero.

Gliela mando?","Via Locatelli 28/30, Oggiono. Cucina cinese, giapponese, thailandese e italiana, asporto e domicilio.",,,,
@beautydog.cantu,Toelettatura Beauty Dog,Cantù (CO),Toelettatura,529,1,"cercato «""Beauty Dog"" toelettatura Cantù Anzani» → virgilio, toelettature.net, idropet, reteimprese, paginegialle, cylex, trova-aperto, italiarecensioni, facebook beautydogcantu; beautydogtoelettatura.it esce in SERP ma aperto è di un'altra Beauty Dog a Ceresara (MN), Antonella Spolaore. Profilo aperto il 9/9: nessun link in bio [verifica-sito] motori «""Toelettatura Beauty Dog"" Cantù»: 0 risultati · domini: nessuno risponde",2026-09-09,"Nessuna risposta (solo autorisposta) (dalla posta, letta il 12/09/2026)","Buongiorno, sono Patrick Sappa. Ho una piccola software house a Seveso, DenkiCode.

Le scrivo perché ho guardato il profilo di Toelettatura Beauty Dog e su Google non compare un suo sito: c'è Instagram, ci sono le schede degli altri, ma un sito suo no.

Le sue foto erano già metà del lavoro: l'altra metà l'ho fatta io. La bozza del suo sito è già pronta, con le sue immagini e il suo nome. Non deve scrivere niente e non deve mandarmi niente.

Gliela mando qui, la guarda con calma, e se non le piace me lo dice e non ci sentiamo più. Non le costa un euro e non la impegna a niente.

Sul costo non le faccio girare la testa: se poi decidesse di metterlo online si parla di poche centinaia di euro una volta, non di migliaia, più una quota annuale per tenerlo attivo. Il numero preciso glielo faccio solo se la cosa le interessa davvero.

Gliela mando?","Via F. Anzani 7, Cantù · 331 4982465 · beautydogcantu@gmail.com · lun-sab. Toelettatura e profumeria. Bio senza link; il sito omonimo trovato su Google è di Ceresara (MN), non loro.",2026-09-09-instagram-anello1-pet.csv,,,"Ciao, grazie per averci contattato. Ti risponderemo il prima possibile, se vuoi puoi contattarmi al 331 498 2465"
@toelettatura_la_zampa,Toelettatura La Zampa,"Cantù, fraz. Mirabello (CO)",Toelettatura,90,2,"cercato «""La Zampa"" toelettatura Cantù Mirabello via Umbria» → facebook toelettaturalazampa, instagram, lazampatoelettatura.com in SERP; lazampatoelettatura.com → NXDOMAIN su Cloudflare DoH (9/9) e nel resolver locale. In bio c'è ancora www.lazampatoelettatura.com [verifica-sito] motori «""Toelettatura La Zampa"" Cantù, fraz. Mirabello»: 5 risultati · domini: lazampatoelettatura.com (DNS morto); hackerone.com (non risponde); status.brave.app (vivo: Brave status) · directory: instagram.com, facebook.com",2026-09-09,,"Buongiorno, sono Patrick Sappa. Ho una piccola software house a Seveso, DenkiCode.

Le scrivo perché ho guardato il profilo di Toelettatura La Zampa e il dominio lazampatoelettatura.com, che ha in bio e che compare ancora nelle ricerche, non si apre più.

Le sue foto erano già metà del lavoro: l'altra metà l'ho fatta io. La bozza del suo sito è già pronta, con le sue immagini e il suo nome. Non deve scrivere niente e non deve mandarmi niente.

Gliela mando qui, la guarda con calma, e se non le piace me lo dice e non ci sentiamo più. Non le costa un euro e non la impegna a niente.

Sul costo non le faccio girare la testa: se poi decidesse di metterlo online si parla di poche centinaia di euro una volta, non di migliaia, più una quota annuale per tenerlo attivo. Il numero preciso glielo faccio solo se la cosa le interessa davvero.

Gliela mando?","Via Umbria 6, Cantù Mirabello · 366 9747489 · lazampa@yahoo.com. Cani, gatti e piccoli animali. ⚠ Solo 90 follower e 108 post: profilo vivo ma piccolo, il gancio è forte (dominio in bio morto). Attenzione: c'è anche una «Qua la Zampa» mobile a Cantù, è un'altra attività.",2026-09-09-instagram-anello1-pet.csv,,,
@empetytoelettatura,"Empety, Chiara e Claudio",Olgiate Comasco (CO),Toelettatura,4160,1,"cercato «""Empety"" toelettatura Olgiate Comasco» → waze, facebook empetytoelettaturaamisuradizampa e empetycorsiditoelettatura, paginebianche, virgilio, reteimprese: nessun dominio proprio; empety.it e empetytoelettatura.it non risolvono (DoH). Profilo aperto il 9/9: nessun link in bio [verifica-sito] motori «""Empety, Chiara e Claudio"" Olgiate Comasco»: 0 risultati · domini: nessuno risponde",2026-09-09,,"Buongiorno, sono Patrick Sappa. Ho una piccola software house a Seveso, DenkiCode.

Le scrivo perché ho guardato il profilo di Empety, Chiara e Claudio e su Google non compare un suo sito: c'è Instagram, ci sono le schede degli altri, ma un sito suo no.

Le sue foto erano già metà del lavoro: l'altra metà l'ho fatta io. La bozza del suo sito è già pronta, con le sue immagini e il suo nome. Non deve scrivere niente e non deve mandarmi niente.

Gliela mando qui, la guarda con calma, e se non le piace me lo dice e non ci sentiamo più. Non le costa un euro e non la impegna a niente.

Sul costo non le faccio girare la testa: se poi decidesse di metterlo online si parla di poche centinaia di euro una volta, non di migliaia, più una quota annuale per tenerlo attivo. Il numero preciso glielo faccio solo se la cosa le interessa davvero.

Gliela mando?","Via Sempione 25, Olgiate Comasco · 340 9732241 (anche WhatsApp). 24 anni di esperienza, barboncini e spitz, corsi per toelettatori. Stessa titolare (Chiara Paone) del profilo gemello @empetysennacomasco (Senna Comasco, 713 follower): un solo messaggio, a questo.",2026-09-09-instagram-anello1-pet.csv,,,
@laboratorio_di_toelettatura,Laboratorio di Toelettatura (Vanity & Dog),Como (CO),Toelettatura,559,1,"cercato «""Laboratorio di Toelettatura"" Como via Carloni» e «""Vanity & Dog"" Como Carloni» → facebook laboratorioditoelettaturacomo, toelettaturapro, nomadog, ordinetoelettatori: nessun dominio proprio; vanitydogs.info aperto non nomina Como. Profilo aperto il 9/9: nessun link in bio [verifica-sito] motori «""Laboratorio di Toelettatura (Vanity & Dog)"" Como»: 0 risultati · domini: nessuno risponde",2026-09-09,,"Buongiorno, sono Patrick Sappa. Ho una piccola software house a Seveso, DenkiCode.

Le scrivo perché ho guardato il profilo di Laboratorio di Toelettatura (Vanity & Dog) e su Google non compare un suo sito: c'è Instagram, ci sono le schede degli altri, ma un sito suo no.

Le sue foto erano già metà del lavoro: l'altra metà l'ho fatta io. La bozza del suo sito è già pronta, con le sue immagini e il suo nome. Non deve scrivere niente e non deve mandarmi niente.

Gliela mando qui, la guarda con calma, e se non le piace me lo dice e non ci sentiamo più. Non le costa un euro e non la impegna a niente.

Sul costo non le faccio girare la testa: se poi decidesse di metterlo online si parla di poche centinaia di euro una volta, non di migliaia, più una quota annuale per tenerlo attivo. Il numero preciso glielo faccio solo se la cosa le interessa davvero.

Gliela mando?","Via Carloni 5, Como · 338 8205028. Salone da 150 mq con acqua ozonizzata; su Google risulta come Vanity & Dog (stesso indirizzo e telefono). Nella colonna nome tenere il nome del profilo.",2026-09-09-instagram-anello1-pet.csv,,,
@thedogsclub_asilopercani,The Dogs' Club,Como (CO),Asilo per cani,503,1,"cercato «""The Dogs' Club"" asilo per cani Como Brusadelli» → facebook, lariosport, nomadog, reteimprese: nessun dominio proprio; thedogsclub.it aperto rimanda a dogsclub.it, che è il Dogs Club di Cassano Magnago (VA), un'altra attività. Profilo aperto il 9/9: nessun link in bio [verifica-sito] motori «""The Dogs' Club"" Como»: 4 risultati · domini: lariosport.it (DNS morto); hackerone.com (non risponde); status.brave.app (vivo: Brave status); thedogsclub.it (vivo, indovinato: Dogs Club); thedogsclub.com (vivo, indovinato: thedogsclub.com - Questo sito web è in vendita! - thedogsclub Risorse e informaz); dogsclub.it (vivo, indovinato: Dogs Club); dogsclub.eu (vivo, indovinato: Home - Dogs ClubDogs Club - Essere informati è un'arma fantastica) · directory: facebook.com · [letto a mano 9/9] thedogsclub.it: aperto: rimanda a dogsclub.it, Dogs Club di Cassano Magnago (VA), non è il Como. Resta gancio 1",2026-09-09,,"Buongiorno, sono Patrick Sappa. Ho una piccola software house a Seveso, DenkiCode.

Le scrivo perché ho guardato il profilo di The Dogs' Club e su Google non compare un suo sito: c'è Instagram, ci sono le schede degli altri, ma un sito suo no.

Le sue foto erano già metà del lavoro: l'altra metà l'ho fatta io. La bozza del suo sito è già pronta, con le sue immagini e il suo nome. Non deve scrivere niente e non deve mandarmi niente.

Gliela mando qui, la guarda con calma, e se non le piace me lo dice e non ci sentiamo più. Non le costa un euro e non la impegna a niente.

Sul costo non le faccio girare la testa: se poi decidesse di metterlo online si parla di poche centinaia di euro una volta, non di migliaia, più una quota annuale per tenerlo attivo. Il numero preciso glielo faccio solo se la cosa le interessa davvero.

Gliela mando?","P.zza San Rocco 23, Como (in bio; su Google risulta ancora via Don Brusadelli 14) · 334 1846479 · thedogsclub.como@gmail.com. Educatrice cinofila, parco recintato da 750 mq, lun-ven 8-18.30. Il dominio thedogsclub.it è di un omonimo di Cassano Magnago.",2026-09-09-instagram-anello1-pet.csv,,,
@contropelotoelettatura,Contropelo,Fenegrò (CO),Toelettatura,379,1,"cercato «""Contropelo"" toelettatura Fenegrò via Roma» → solo reteimprese (via Roma 24, 22070 Fenegrò) e omonimi Pelo e Contropelo di Novara, Pino Torinese, Creazzo: nessun dominio suo. Profilo aperto il 9/9: nessun link in bio [verifica-sito] motori «""Contropelo"" Fenegrò»: 0 risultati · domini: contropelo.com (parcheggiato, indovinato); contropelo.net (vivo, indovinato: Magius Casino | Sito ufficiale in Italia con Bonus fino a 500€)",2026-09-09,"No — ha gia' il sito (errore di lista) (dalla posta, letta il 12/09/2026)","Buongiorno, sono Patrick Sappa. Ho una piccola software house a Seveso, DenkiCode.

Le scrivo perché ho guardato il profilo di Contropelo e su Google non compare un suo sito: c'è Instagram, ci sono le schede degli altri, ma un sito suo no.

Le sue foto erano già metà del lavoro: l'altra metà l'ho fatta io. La bozza del suo sito è già pronta, con le sue immagini e il suo nome. Non deve scrivere niente e non deve mandarmi niente.

Gliela mando qui, la guarda con calma, e se non le piace me lo dice e non ci sentiamo più. Non le costa un euro e non la impegna a niente.

Sul costo non le faccio girare la testa: se poi decidesse di metterlo online si parla di poche centinaia di euro una volta, non di migliaia, più una quota annuale per tenerlo attivo. Il numero preciso glielo faccio solo se la cosa le interessa davvero.

Gliela mando?","Via Roma 24, Fenegrò · 339 1261014. Toelettatura cani, gatti e conigli, più accessori.",2026-09-09-instagram-anello1-pet.csv,,2026-09-09,"Ciao, no grazie.. mio marito sa fare i siti e per le vecchie attivita' lo avevamo, ma per questa non ci serve"
@unparadisoperiltuoamico,Un paradiso per il tuo amico (Emma),Bizzarone (CO),Pet sitting/pensione,2338,1,"cercato «""Un paradiso per il tuo amico"" Bizzarone dog sitter Emma» → pawshake.it (scheda 4511998), facebook emmapetsitterservice, dog-sitter-como.it: nessun dominio proprio. Profilo aperto il 9/9: nessun link in bio [verifica-sito] motori «""Un paradiso per il tuo amico (Emma)"" Bizzarone»: 0 risultati · domini: nessuno risponde",2026-09-09,,"Buongiorno, sono Patrick Sappa. Ho una piccola software house a Seveso, DenkiCode.

Le scrivo perché ho guardato il profilo di Un paradiso per il tuo amico (Emma) e su Google non compare un suo sito: c'è Instagram, ci sono le schede degli altri, ma un sito suo no.

Le sue foto erano già metà del lavoro: l'altra metà l'ho fatta io. La bozza del suo sito è già pronta, con le sue immagini e il suo nome. Non deve scrivere niente e non deve mandarmi niente.

Gliela mando qui, la guarda con calma, e se non le piace me lo dice e non ci sentiamo più. Non le costa un euro e non la impegna a niente.

Sul costo non le faccio girare la testa: se poi decidesse di metterlo online si parla di poche centinaia di euro una volta, non di migliaia, più una quota annuale per tenerlo attivo. Il numero preciso glielo faccio solo se la cosa le interessa davvero.

Gliela mando?","Bizzarone (CO), al confine svizzero. Pet sitting a domicilio, asilo e pensione, parco recintato da 4.000 mq. Lavora su Pawshake: il sito le manca proprio.",2026-09-09-instagram-anello1-pet.csv,,,
@toelettaturagiulietta,Toelettatura Giulietta,Varese (VA),Toelettatura,739,1,"cercato «""Toelettatura Giulietta"" Varese» e «""Giulietta"" toelettatura Varese Olivetto sito web» → icribis, empresite, toelettapp, reteimprese, registroaziende, varese-corsi: solo registri e directory, nessun dominio suo. Profilo aperto il 9/9: nessun link in bio [verifica-sito] motori «""Toelettatura Giulietta"" Varese»: 17 risultati · domini: varese-corsi.it (vivo: Homepage - Varese Corsi - Corsi di cultura sport natura a Varese); bussola-pro.com (DNS morto); visurissima.it (vivo: Visurissima); guida-delle-societa.cybo.com (non risponde); hackerone.com (vivo: HackerOne | Leader in Continuous Threat Exposure Management | Security for AI); status.brave.app (vivo: Brave status) · directory: instagram.com, reteimprese.it, informazione-aziende.it, empresite.it",2026-09-09,,"Buongiorno, sono Patrick Sappa. Ho una piccola software house a Seveso, DenkiCode.

Le scrivo perché ho guardato il profilo di Toelettatura Giulietta e su Google non compare un suo sito: c'è Instagram, ci sono le schede degli altri, ma un sito suo no.

Le sue foto erano già metà del lavoro: l'altra metà l'ho fatta io. La bozza del suo sito è già pronta, con le sue immagini e il suo nome. Non deve scrivere niente e non deve mandarmi niente.

Gliela mando qui, la guarda con calma, e se non le piace me lo dice e non ci sentiamo più. Non le costa un euro e non la impegna a niente.

Sul costo non le faccio girare la testa: se poi decidesse di metterlo online si parla di poche centinaia di euro una volta, non di migliaia, più una quota annuale per tenerlo attivo. Il numero preciso glielo faccio solo se la cosa le interessa davvero.

Gliela mando?","Via Castoldi 2, Varese (in bio) · 346 3102505. Titolare Giulia Olivetto; i registri danno anche viale Sant'Antonio 73 e via Uberti 1: verificare l'indirizzo se serve.",2026-09-09-instagram-anello1-pet.csv,,,
@comedincantotoelettatura,Come d'Incanto Toelettatura,Induno Olona (VA),Toelettatura,670,1,"cercato «""Come d'Incanto"" toelettatura Induno Olona» → facebook, virgilio, paginebianche, paginegialle, petlocal, reteimprese, oraridiapertura24, cuccioland: nessun dominio proprio. Profilo aperto il 9/9: nessun link in bio [verifica-sito] motori «""Come d'Incanto Toelettatura"" Induno Olona»: 12 risultati · domini: hackerone.com (vivo: HackerOne | Leader in Continuous Threat Exposure Management | Security for AI); status.brave.app (vivo: Brave status) · directory: facebook.com, oraridiapertura24.it, paginegialle.it, reteimprese.it",2026-09-09,,"Buongiorno, sono Patrick Sappa. Ho una piccola software house a Seveso, DenkiCode.

Le scrivo perché ho guardato il profilo di Come d'Incanto Toelettatura e su Google non compare un suo sito: c'è Instagram, ci sono le schede degli altri, ma un sito suo no.

Le sue foto erano già metà del lavoro: l'altra metà l'ho fatta io. La bozza del suo sito è già pronta, con le sue immagini e il suo nome. Non deve scrivere niente e non deve mandarmi niente.

Gliela mando qui, la guarda con calma, e se non le piace me lo dice e non ci sentiamo più. Non le costa un euro e non la impegna a niente.

Sul costo non le faccio girare la testa: se poi decidesse di metterlo online si parla di poche centinaia di euro una volta, non di migliaia, più una quota annuale per tenerlo attivo. Il numero preciso glielo faccio solo se la cosa le interessa davvero.

Gliela mando?","Via Gian Pietro Porro 90, Induno Olona · 375 9030442 · toelettaturadincanto@gmail.com. Sara Genoni e Martina Blandino, diplomate all'accademia Iv San Bernard.",2026-09-09-instagram-anello1-pet.csv,,,
@salonedellecoccole_varese,Salone delle Coccole,Varese (VA),Toelettatura,226,2,"cercato «""Salone delle Coccole"" Amandorli Varese Giordani sito web» → ufficiocamerale, toelettature.net, informazione-aziende: nessun dominio suo; cercato «""Mondocane"" toelettatura Varese» → facebook mondocanevarese, misterimprese, reteimprese, paginegialle citano mondo-cane.it; mondo-cane.it → NXDOMAIN su Cloudflare DoH (9/9). Profilo aperto il 9/9: nessun link in bio [verifica-sito] motori «""Salone delle Coccole"" Varese»: 13 risultati · domini: ilsalonedellecoccole376049119.wordpress.com (piattaforma: IL SALONE DELLE COCCOLE – di Letizia Carbone); it.nextdoor.com (vivo: Nextdoor); montesacrotalenti.it (vivo: Montesacro Talenti - III Municipio (Roma) - Il Sito UFFICIALE); hackerone.com (vivo: HackerOne | Leader in Continuous Threat Exposure Management | Security for AI); status.brave.app (vivo: Brave status) · directory: toelettature.net, informazione-aziende.it, paginegialle.it, aziende.virgilio.it · [letto a mano 9/9] ilsalonedellecoccole376049119.wordpress.com è un parrucchiere di Letizia Carbone, omonimo: non c'entra. Resta gancio 2 su mondo-cane.it",2026-09-09,,"Buongiorno, sono Patrick Sappa. Ho una piccola software house a Seveso, DenkiCode.

Le scrivo perché ho guardato il profilo di Salone delle Coccole e il dominio mondo-cane.it della sua Mondocane, che compare ancora nelle ricerche, non si apre più.

Le sue foto erano già metà del lavoro: l'altra metà l'ho fatta io. La bozza del suo sito è già pronta, con le sue immagini e il suo nome. Non deve scrivere niente e non deve mandarmi niente.

Gliela mando qui, la guarda con calma, e se non le piace me lo dice e non ci sentiamo più. Non le costa un euro e non la impegna a niente.

Sul costo non le faccio girare la testa: se poi decidesse di metterlo online si parla di poche centinaia di euro una volta, non di migliaia, più una quota annuale per tenerlo attivo. Il numero preciso glielo faccio solo se la cosa le interessa davvero.

Gliela mando?","Via Giordani 5, Varese · 0332 1432899. Stessa titolare (Simona Amandorli) della vecchia Mondocane di via Piemonte 6, «da oltre 25 anni»: il profilo @mondocanevarese non esiste più e il dominio mondo-cane.it è morto. 226 follower.",2026-09-09-instagram-anello1-pet.csv,,,
@toelettatura_snoopy_gavirate,Toelettatura Snoopy,Gavirate (VA),Toelettatura,356,1,"cercato «""Toelettatura Snoopy"" Gavirate» e «... sito web Zandarin» → facebook Toelettaturasnoopygavirate, foursquare, nomadog, reteimprese, yelp, toelettatura.info: nessun dominio proprio. Profilo aperto il 9/9: nessun link in bio [verifica-sito] motori «""Toelettatura Snoopy"" Gavirate»: 0 risultati · domini: nessuno risponde",2026-09-09,,"Buongiorno, sono Patrick Sappa. Ho una piccola software house a Seveso, DenkiCode.

Le scrivo perché ho guardato il profilo di Toelettatura Snoopy e su Google non compare un suo sito: c'è Instagram, ci sono le schede degli altri, ma un sito suo no.

Le sue foto erano già metà del lavoro: l'altra metà l'ho fatta io. La bozza del suo sito è già pronta, con le sue immagini e il suo nome. Non deve scrivere niente e non deve mandarmi niente.

Gliela mando qui, la guarda con calma, e se non le piace me lo dice e non ci sentiamo più. Non le costa un euro e non la impegna a niente.

Sul costo non le faccio girare la testa: se poi decidesse di metterlo online si parla di poche centinaia di euro una volta, non di migliaia, più una quota annuale per tenerlo attivo. Il numero preciso glielo faccio solo se la cosa le interessa davvero.

Gliela mando?","Piazza XX Settembre 3, Gavirate · 0332 745345 · WhatsApp 366 1570636. Titolare Franca Zandarin. Stripping e trimming, bassotti e schnauzer.",2026-09-09-instagram-anello1-pet.csv,,,
@toelettatura_lovethedog,"Love the dog, Emanuela Massara","Tradate, fraz. Abbiate Guazzone (VA)",Toelettatura,264,1,"cercato «""Love the dog"" toelettatura Tradate Massara» e «... Abbiate Guazzone nuova apertura» → solo il profilo Instagram e directory generiche di Tradate: nessun dominio, nessuna pagina. Profilo aperto il 9/9: bio «Nuova Apertura», nessun link [verifica-sito] motori «""Love the dog, Emanuela Massara"" Tradate, fraz. Abbiate Guazzone»: 0 risultati · domini: nessuno risponde",2026-09-09,,"Buongiorno, sono Patrick Sappa. Ho una piccola software house a Seveso, DenkiCode.

Le scrivo perché ho guardato il profilo di Love the dog, Emanuela Massara e su Google non compare un suo sito: c'è Instagram, ci sono le schede degli altri, ma un sito suo no.

Le sue foto erano già metà del lavoro: l'altra metà l'ho fatta io. La bozza del suo sito è già pronta, con le sue immagini e il suo nome. Non deve scrivere niente e non deve mandarmi niente.

Gliela mando qui, la guarda con calma, e se non le piace me lo dice e non ci sentiamo più. Non le costa un euro e non la impegna a niente.

Sul costo non le faccio girare la testa: se poi decidesse di metterlo online si parla di poche centinaia di euro una volta, non di migliaia, più una quota annuale per tenerlo attivo. Il numero preciso glielo faccio solo se la cosa le interessa davvero.

Gliela mando?","Abbiate Guazzone (Tradate). Nuova apertura, 264 follower e 63 post: attività appena nata, senza nessuna presenza web fuori da Instagram.",2026-09-09-instagram-anello1-pet.csv,,,
@dogeden.malnate,Dogeden ASD,Malnate (VA),Centro cinofilo,295,1,"cercato «""Dogeden"" Malnate centro cinofilo» → facebook asddogeden, prontopro, ilmiocane.org, oraridiapertura24, italiarecensioni: nessun dominio proprio. Profilo aperto il 9/9: nessun link in bio [verifica-sito] motori «""Dogeden ASD"" Malnate»: 16 risultati · domini: ilmiocane.org (vivo: Home - Il Mio Cane | Portale sui Cani); varesenews.it (vivo: Varese News | il quotidiano online della provincia di Varese); eventbrite.it (vivo: Eventbrite - Scopri i migliori eventi locali e cose da fare); palestre.tuttosuitalia.com (vivo: Palestre in Italia); voofla.com (non risponde); malnate.org (DNS morto); localgymsandfitness.com (vivo: LocalGymsAndFitness); comune.malnate.va.it (vivo: Comune di Malnate); hackerone.com (vivo: HackerOne | Leader in Continuous Threat Exposure Management | Security for AI); status.brave.app (vivo: Brave status) · directory: facebook.com, instagram.com, oraridiapertura24.it, italiarecensioni.com",2026-09-09,,"Buongiorno, sono Patrick Sappa. Ho una piccola software house a Seveso, DenkiCode.

Le scrivo perché ho guardato il profilo di Dogeden ASD e su Google non compare un suo sito: c'è Instagram, ci sono le schede degli altri, ma un sito suo no.

Le sue foto erano già metà del lavoro: l'altra metà l'ho fatta io. La bozza del suo sito è già pronta, con le sue immagini e il suo nome. Non deve scrivere niente e non deve mandarmi niente.

Gliela mando qui, la guarda con calma, e se non le piace me lo dice e non ci sentiamo più. Non le costa un euro e non la impegna a niente.

Sul costo non le faccio girare la testa: se poi decidesse di metterlo online si parla di poche centinaia di euro una volta, non di migliaia, più una quota annuale per tenerlo attivo. Il numero preciso glielo faccio solo se la cosa le interessa davvero.

Gliela mando?","Via Buonarroti 4, Malnate · 347 2378076 · asddogeden@gmail.com. Addestramento, agility, canicross; è un'associazione sportiva (CSEN): chi decide è il presidente/istruttore.",2026-09-09-instagram-anello1-pet.csv,,,
@luckylook_toelettaturaoriggio,Lucky Look Toelettatura,Origgio (VA),Toelettatura,545,1,"cercato «""Lucky Look"" toelettatura Origgio» → facebook luckylooktoelettaturaoriggio, toelettapp, reteimprese, wheree: nessun dominio proprio. Profilo aperto il 9/9: nessun link in bio [verifica-sito] motori «""Lucky Look Toelettatura"" Origgio»: 0 risultati · domini: nessuno risponde",2026-09-09,,"Buongiorno, sono Patrick Sappa. Ho una piccola software house a Seveso, DenkiCode.

Le scrivo perché ho guardato il profilo di Lucky Look Toelettatura e su Google non compare un suo sito: c'è Instagram, ci sono le schede degli altri, ma un sito suo no.

Le sue foto erano già metà del lavoro: l'altra metà l'ho fatta io. La bozza del suo sito è già pronta, con le sue immagini e il suo nome. Non deve scrivere niente e non deve mandarmi niente.

Gliela mando qui, la guarda con calma, e se non le piace me lo dice e non ci sentiamo più. Non le costa un euro e non la impegna a niente.

Sul costo non le faccio girare la testa: se poi decidesse di metterlo online si parla di poche centinaia di euro una volta, non di migliaia, più una quota annuale per tenerlo attivo. Il numero preciso glielo faccio solo se la cosa le interessa davvero.

Gliela mando?","Via Dante Alighieri 30, Origgio · 345 2290033. Titolare Melania Sia. A due passi da Saronno.",2026-09-09-instagram-anello1-pet.csv,,,
@scoobydoo_toelettatura_,Scoobydoo Toelettatura,Gallarate (VA),Toelettatura,2476,1,"cercato «""Scoobydoo"" toelettatura Gallarate» → facebook Scoobytolettatura, paginebianche, toelo, toelettatori.it, idropet, cylex, paginegialle: nessun dominio proprio. Profilo aperto il 9/9: il link in bio porta alla pagina Facebook [verifica-sito] motori «""Scoobydoo Toelettatura"" Gallarate»: 0 risultati · domini: nessuno risponde",2026-09-09,,"Buongiorno, sono Patrick Sappa. Ho una piccola software house a Seveso, DenkiCode.

Le scrivo perché ho guardato il profilo di Scoobydoo Toelettatura e su Google non compare un suo sito: c'è Instagram, ci sono le schede degli altri, ma un sito suo no.

Le sue foto erano già metà del lavoro: l'altra metà l'ho fatta io. La bozza del suo sito è già pronta, con le sue immagini e il suo nome. Non deve scrivere niente e non deve mandarmi niente.

Gliela mando qui, la guarda con calma, e se non le piace me lo dice e non ci sentiamo più. Non le costa un euro e non la impegna a niente.

Sul costo non le faccio girare la testa: se poi decidesse di metterlo online si parla di poche centinaia di euro una volta, non di migliaia, più una quota annuale per tenerlo attivo. Il numero preciso glielo faccio solo se la cosa le interessa davvero.

Gliela mando?","Via Francesco Baracca 19, Gallarate · 0331 777005 · 347 1127644. Roberta Varalli, 20 anni di attività, stile asiatico, pulizia dentale. In bio c'è Facebook, non un sito.",2026-09-09-instagram-anello1-pet.csv,,,
@cuoreditoelettatura,Cuore di Toelettatura,Busto Arsizio (VA),Toelettatura,857,1,"cercato «""Cuore di Toelettatura"" Busto Arsizio» → facebook Cuoreditoelettatura, reteimprese, toelettaturapro: nessun dominio proprio. Profilo aperto il 9/9: nessun link in bio [verifica-sito] motori «""Cuore di Toelettatura"" Busto Arsizio»: 0 risultati · domini: nessuno risponde",2026-09-09,,"Buongiorno, sono Patrick Sappa. Ho una piccola software house a Seveso, DenkiCode.

Le scrivo perché ho guardato il profilo di Cuore di Toelettatura e su Google non compare un suo sito: c'è Instagram, ci sono le schede degli altri, ma un sito suo no.

Le sue foto erano già metà del lavoro: l'altra metà l'ho fatta io. La bozza del suo sito è già pronta, con le sue immagini e il suo nome. Non deve scrivere niente e non deve mandarmi niente.

Gliela mando qui, la guarda con calma, e se non le piace me lo dice e non ci sentiamo più. Non le costa un euro e non la impegna a niente.

Sul costo non le faccio girare la testa: se poi decidesse di metterlo online si parla di poche centinaia di euro una volta, non di migliaia, più una quota annuale per tenerlo attivo. Il numero preciso glielo faccio solo se la cosa le interessa davvero.

Gliela mando?","Via Quintino Sella 6, Busto Arsizio · 351 8470994. Bagni rilassanti, aromaterapia, stripping. 5 stelle su toelettaturapro.",2026-09-09-instagram-anello1-pet.csv,,,
@dacaterinatoelettatura,Da Caterina Toelettatura,Olgiate Olona (VA),Toelettatura,1420,1,"cercato «""Da Caterina"" toelettatura Olgiate Olona» → facebook dacaterinatoelettatura, toelettapp, distrettomedioolona, peluqueriacanina.it, specialoneitalia store-locator, reteimprese, oraridiapertura24: nessun dominio proprio. Profilo aperto il 9/9: nessun link in bio [verifica-sito] motori «""Da Caterina Toelettatura"" Olgiate Olona»: 10 risultati · domini: specialoneitalia.it (non risponde); distrettomedioolona.com (vivo: Distretto del Commercio del Medio Olona - DID Medio Olona); moovitapp.com (parcheggiato); hackerone.com (vivo: HackerOne | Leader in Continuous Threat Exposure Management | Security for AI); status.brave.app (vivo: Brave status) · directory: facebook.com, instagram.com, oraridiapertura24.it, reteimprese.it",2026-09-09,"Risposta — in valutazione (dalla posta, letta il 12/09/2026)","Buongiorno, sono Patrick Sappa. Ho una piccola software house a Seveso, DenkiCode.

Le scrivo perché ho guardato il profilo di Da Caterina Toelettatura e su Google non compare un suo sito: c'è Instagram, ci sono le schede degli altri, ma un sito suo no.

Le sue foto erano già metà del lavoro: l'altra metà l'ho fatta io. La bozza del suo sito è già pronta, con le sue immagini e il suo nome. Non deve scrivere niente e non deve mandarmi niente.

Gliela mando qui, la guarda con calma, e se non le piace me lo dice e non ci sentiamo più. Non le costa un euro e non la impegna a niente.

Sul costo non le faccio girare la testa: se poi decidesse di metterlo online si parla di poche centinaia di euro una volta, non di migliaia, più una quota annuale per tenerlo attivo. Il numero preciso glielo faccio solo se la cosa le interessa davvero.

Gliela mando?","Via Introzzi 8, Olgiate Olona · 351 8566948 · dacaterinatoelettatura@gmail.com. Caterina Nucibella, mar-sab 9-18. 3.354 post: profilo molto attivo.",2026-09-09-instagram-anello1-pet.csv,,2026-09-10,"Buonasera Patrick, vediamo."
@improntedibellezza.caniegatti,Impronte di Bellezza,Mornago (VA),Toelettatura,1272,2,"cercato «""Impronte di Bellezza"" Mornago toelettatura sito» → facebook, paginebianche, virgilio, toelettatori.it (che cita toelettatura-improntedibellezza.it), toelettapp, reteimprese, paginegialle, e womanweb.it/improntedibellezza, un WordPress mai configurato («Un nuovo sito targato WordPress»); toelettatura-improntedibellezza.it → NXDOMAIN su Cloudflare DoH (9/9). Profilo aperto il 9/9: nessun link in bio [verifica-sito] motori «""Impronte di Bellezza"" Mornago»: 0 risultati · domini: nessuno risponde",2026-09-09,,"Buongiorno, sono Patrick Sappa. Ho una piccola software house a Seveso, DenkiCode.

Le scrivo perché ho guardato il profilo di Impronte di Bellezza e il dominio toelettatura-improntedibellezza.it, che compare ancora nelle ricerche, non si apre più.

Le sue foto erano già metà del lavoro: l'altra metà l'ho fatta io. La bozza del suo sito è già pronta, con le sue immagini e il suo nome. Non deve scrivere niente e non deve mandarmi niente.

Gliela mando qui, la guarda con calma, e se non le piace me lo dice e non ci sentiamo più. Non le costa un euro e non la impegna a niente.

Sul costo non le faccio girare la testa: se poi decidesse di metterlo online si parla di poche centinaia di euro una volta, non di migliaia, più una quota annuale per tenerlo attivo. Il numero preciso glielo faccio solo se la cosa le interessa davvero.

Gliela mando?","Via Provinciale 23, Mornago (in bio «Nuovo indirizzo», da confermare) · 333 6221819 · Toelettaturamornago@libero.it. Emanuela Maltese e Andrea Squizzato snc. Due prove: il dominio citato dalle directory è morto e c'è un WordPress vuoto su womanweb.it.",2026-09-09-instagram-anello1-pet.csv,,,
@toelettatura_gabriella,Toelettatura Gabriella,Vergiate (VA),Toelettatura,162,4,"cercato «""Toelettatura Gabriella"" Vergiate piazza Baj sito» → facebook gabriella.toelettatura, paginebianche, virgilio, paginegialle, toelettatori-italia, reteimprese: nessun dominio vivo; in bio c'è www.toelettaturagabriella.it → NXDOMAIN su Cloudflare DoH (9/9). Profilo aperto il 9/9 [verifica-sito] motori «""Toelettatura Gabriella"" Vergiate»: 0 risultati · domini: nessuno risponde",2026-09-09,,"Buongiorno, sono Patrick Sappa. Ho una piccola software house a Seveso, DenkiCode.

Le scrivo perché ho guardato il profilo di Toelettatura Gabriella e il link al sito toelettaturagabriella.it che ha in bio non porta più da nessuna parte.

Le sue foto erano già metà del lavoro: l'altra metà l'ho fatta io. La bozza del suo sito è già pronta, con le sue immagini e il suo nome. Non deve scrivere niente e non deve mandarmi niente.

Gliela mando qui, la guarda con calma, e se non le piace me lo dice e non ci sentiamo più. Non le costa un euro e non la impegna a niente.

Sul costo non le faccio girare la testa: se poi decidesse di metterlo online si parla di poche centinaia di euro una volta, non di migliaia, più una quota annuale per tenerlo attivo. Il numero preciso glielo faccio solo se la cosa le interessa davvero.

Gliela mando?","Piazza Enrico Baj 5, Vergiate · 346 5409219 (WhatsApp). Gabriella Anna Potenza. ⚠ 162 follower e 29 post: profilo piccolo, ma il link in bio è un dominio morto.",2026-09-09-instagram-anello1-pet.csv,,,
@labautique_toelettatura,La Bautique Toelettatura (Veronica Valsecchi),Calolziocorte (LC),Toelettatura,540,1,"cercato «""La Bautique"" Calolziocorte Valsecchi toelettatura telefono» → facebook toelettaturalabautique, toelettapp, zampaconnect, infobel: nessun dominio suo; labautique.it aperto è La Bautique di Lissone, un'altra attività. Il WhatsApp 340 7551331 della scheda coincide con la bio. Profilo aperto il 9/9: nessun link in bio [verifica-sito] motori «""La Bautique Toelettatura (Veronica Valsecchi)"" Calolziocorte»: 0 risultati · domini: nessuno risponde",2026-09-09,,"Buongiorno, sono Patrick Sappa. Ho una piccola software house a Seveso, DenkiCode.

Le scrivo perché ho guardato il profilo di La Bautique Toelettatura (Veronica Valsecchi) e su Google non compare un suo sito: c'è Instagram, ci sono le schede degli altri, ma un sito suo no.

Le sue foto erano già metà del lavoro: l'altra metà l'ho fatta io. La bozza del suo sito è già pronta, con le sue immagini e il suo nome. Non deve scrivere niente e non deve mandarmi niente.

Gliela mando qui, la guarda con calma, e se non le piace me lo dice e non ci sentiamo più. Non le costa un euro e non la impegna a niente.

Sul costo non le faccio girare la testa: se poi decidesse di metterlo online si parla di poche centinaia di euro una volta, non di migliaia, più una quota annuale per tenerlo attivo. Il numero preciso glielo faccio solo se la cosa le interessa davvero.

Gliela mando?","Corso Dante Alighieri 37, Calolziocorte · 334 1090607 · WhatsApp 340 7551331. Bio: «Non siamo una catena». Omonime a Lissone, San Mauro Torinese, Piossasco: non c'entrano.",2026-09-09-instagram-anello1-pet.csv,,,
@toelettatura.perunpelo,Per un Pelo Toelettatura di Longoni Ambra,Nembro (BG),Toelettatura,1346,1,"cercato «""Per un Pelo"" toelettatura Nembro Longoni Ambra» → facebook Per-un-Pelo-Toelettatura-Nembro, dnb: nessun dominio proprio; toelettaturaperunpelo.it è di un'omonima a Santarcangelo di Romagna (@toelettaturaperun). Profilo aperto il 9/9: nessun link in bio [verifica-sito] motori «""Per un Pelo Toelettatura di Longoni Ambra"" Nembro»: 0 risultati · domini: nessuno risponde",2026-09-09,,"Buongiorno, sono Patrick Sappa. Ho una piccola software house a Seveso, DenkiCode.

Le scrivo perché ho guardato il profilo di Per un Pelo Toelettatura di Longoni Ambra e su Google non compare un suo sito: c'è Instagram, ci sono le schede degli altri, ma un sito suo no.

Le sue foto erano già metà del lavoro: l'altra metà l'ho fatta io. La bozza del suo sito è già pronta, con le sue immagini e il suo nome. Non deve scrivere niente e non deve mandarmi niente.

Gliela mando qui, la guarda con calma, e se non le piace me lo dice e non ci sentiamo più. Non le costa un euro e non la impegna a niente.

Sul costo non le faccio girare la testa: se poi decidesse di metterlo online si parla di poche centinaia di euro una volta, non di migliaia, più una quota annuale per tenerlo attivo. Il numero preciso glielo faccio solo se la cosa le interessa davvero.

Gliela mando?","Via Fornaci angolo via Partigiani, Nembro · 379 2467740 · ambra.longoni@gmail.com. Groomer Ambra Longoni. Anello 2 (BG), aperto il 5 settembre.",2026-09-09-instagram-anello1-pet.csv,,,
@animalitostoelettatura,Animalitos Toelettatura,Bergamo (BG),Toelettatura,329,1,"cercato «""Animalitos"" toelettatura Bergamo Borgo Palazzo» → facebook, reteimprese, paginebianche, paginegialle, yably: nessun dominio proprio. Profilo aperto il 9/9: nessun link in bio [verifica-sito] motori «""Animalitos Toelettatura"" Bergamo»: 0 risultati · domini: nessuno risponde",2026-09-09,,"Buongiorno, sono Patrick Sappa. Ho una piccola software house a Seveso, DenkiCode.

Le scrivo perché ho guardato il profilo di Animalitos Toelettatura e su Google non compare un suo sito: c'è Instagram, ci sono le schede degli altri, ma un sito suo no.

Le sue foto erano già metà del lavoro: l'altra metà l'ho fatta io. La bozza del suo sito è già pronta, con le sue immagini e il suo nome. Non deve scrivere niente e non deve mandarmi niente.

Gliela mando qui, la guarda con calma, e se non le piace me lo dice e non ci sentiamo più. Non le costa un euro e non la impegna a niente.

Sul costo non le faccio girare la testa: se poi decidesse di metterlo online si parla di poche centinaia di euro una volta, non di migliaia, più una quota annuale per tenerlo attivo. Il numero preciso glielo faccio solo se la cosa le interessa davvero.

Gliela mando?","Via Borgo Palazzo 43, Bergamo · 329 0315133 · animalitostoelettatura@gmail.com. Titolare Davina, lun-sab orario continuato, acqua ozonizzata Idropet. Anello 2 (BG).",2026-09-09-instagram-anello1-pet.csv,,,
@originalpizzabustoarsizio,Original Pizza,Busto Arsizio (VA),Pizzeria,5457,1,"cercato «""Original Pizza"" Busto Arsizio» → tripadvisor, facebook originalpizzaolgiateolona, wanderlog, yelp: nessun dominio suo. Profilo aperto il 9/9: nessun link in bio [verifica-sito] motori «""Original Pizza"" Busto Arsizio»: 0 risultati · domini: nessuno risponde",2026-09-09,,"Buongiorno, sono Patrick Sappa. Ho una piccola software house a Seveso, DenkiCode.

Le scrivo perché ho guardato il profilo di Original Pizza e su Google non compare un suo sito: c'è Instagram, ci sono le schede degli altri, ma un sito suo no.

Le sue foto erano già metà del lavoro: l'altra metà l'ho fatta io. La bozza del suo sito è già pronta, con le sue immagini e il suo nome. Non deve scrivere niente e non deve mandarmi niente.

Gliela mando qui, la guarda con calma, e se non le piace me lo dice e non ci sentiamo più. Non le costa un euro e non la impegna a niente.

Sul costo non le faccio girare la testa: se poi decidesse di metterlo online si parla di poche centinaia di euro una volta, non di migliaia, più una quota annuale per tenerlo attivo. Il numero preciso glielo faccio solo se la cosa le interessa davvero.

Gliela mando?","Corso Sempione 194, Busto Arsizio (in bio). Ristorante pizzeria «il pizzaiolo». Tripadvisor la dà in via Isonzo 22 come pinseria: stessa insegna, indirizzo da confermare guardando i post.",2026-09-09-instagram-ristorazione-va-co-lc-bg.csv,,,
@chic.gelateria,CHIC gelato senza glutine,Busto Arsizio (VA),Gelateria,434,1,"cercato «""Chic"" gelateria senza glutine Busto Arsizio» → facebook, varesenews, malpensanews, findmeglutenfree: nessun dominio suo. Profilo aperto il 9/9: 4 post, nessun link in bio [verifica-sito] motori «""CHIC gelato senza glutine"" Busto Arsizio»: 0 risultati · domini: nessuno risponde",2026-09-09,,"Buongiorno, sono Patrick Sappa. Ho una piccola software house a Seveso, DenkiCode.

Le scrivo perché ho guardato il profilo di CHIC gelato senza glutine e su Google non compare un suo sito: c'è Instagram, ci sono le schede degli altri, ma un sito suo no.

Le sue foto erano già metà del lavoro: l'altra metà l'ho fatta io. La bozza del suo sito è già pronta, con le sue immagini e il suo nome. Non deve scrivere niente e non deve mandarmi niente.

Gliela mando qui, la guarda con calma, e se non le piace me lo dice e non ci sentiamo più. Non le costa un euro e non la impegna a niente.

Sul costo non le faccio girare la testa: se poi decidesse di metterlo online si parla di poche centinaia di euro una volta, non di migliaia, più una quota annuale per tenerlo attivo. Il numero preciso glielo faccio solo se la cosa le interessa davvero.

Gliela mando?","Mizar Retail Park, corso Sempione 194, Busto Arsizio. Aperta a giugno 2025, gelato 100% senza glutine, «tutto rosa». Profilo giovane: 434 follower e 4 post.",2026-09-09-instagram-ristorazione-va-co-lc-bg.csv,,,
@edenbar_busto,EdenBar,Busto Arsizio (VA),Bar,1220,1,"cercato «""Eden Bar"" Busto Arsizio» → italia.it, autoreserve, tripadvisor, facebook edenbarbusto, moovit: nessun dominio suo. Profilo aperto il 9/9: nessun link in bio [verifica-sito] motori «""EdenBar"" Busto Arsizio»: 0 risultati · domini: nessuno risponde",2026-09-09,,"Buongiorno, sono Patrick Sappa. Ho una piccola software house a Seveso, DenkiCode.

Le scrivo perché ho guardato il profilo di EdenBar e su Google non compare un suo sito: c'è Instagram, ci sono le schede degli altri, ma un sito suo no.

Le sue foto erano già metà del lavoro: l'altra metà l'ho fatta io. La bozza del suo sito è già pronta, con le sue immagini e il suo nome. Non deve scrivere niente e non deve mandarmi niente.

Gliela mando qui, la guarda con calma, e se non le piace me lo dice e non ci sentiamo più. Non le costa un euro e non la impegna a niente.

Sul costo non le faccio girare la testa: se poi decidesse di metterlo online si parla di poche centinaia di euro una volta, non di migliaia, più una quota annuale per tenerlo attivo. Il numero preciso glielo faccio solo se la cosa le interessa davvero.

Gliela mando?","Piazza Manzoni 17, Busto Arsizio. Lun-sab 7.30-21.30: colazioni, pranzi, aperitivi.",2026-09-09-instagram-ristorazione-va-co-lc-bg.csv,,,
@mio_pubpizzeria,Mio Pub & Pizzeria,Tradate (VA),Pub/pizzeria,558,1,"cercato «""Mio"" pub pizzeria Tradate» → facebook miobarbistrot, restaurantguru, paginebianche: nessun dominio suo. Ha anche il profilo gemello @mio_barbistrot. Profilo aperto il 9/9: nessun link in bio [verifica-sito] motori «""Mio Pub & Pizzeria"" Tradate»: 0 risultati · domini: nessuno risponde",2026-09-09,"Nessuna risposta (solo autorisposta) (dalla posta, letta il 12/09/2026)","Buongiorno, sono Patrick Sappa. Ho una piccola software house a Seveso, DenkiCode.

Le scrivo perché ho guardato il profilo di Mio Pub & Pizzeria e su Google non compare un suo sito: c'è Instagram, ci sono le schede degli altri, ma un sito suo no.

Le sue foto erano già metà del lavoro: l'altra metà l'ho fatta io. La bozza del suo sito è già pronta, con le sue immagini e il suo nome. Non deve scrivere niente e non deve mandarmi niente.

Gliela mando qui, la guarda con calma, e se non le piace me lo dice e non ci sentiamo più. Non le costa un euro e non la impegna a niente.

Sul costo non le faccio girare la testa: se poi decidesse di metterlo online si parla di poche centinaia di euro una volta, non di migliaia, più una quota annuale per tenerlo attivo. Il numero preciso glielo faccio solo se la cosa le interessa davvero.

Gliela mando?","Via dei Pradacci, Tradate · 392 3393183 · barbistrotmio@gmail.com. Caffetteria, pranzi di lavoro, pub, pizzeria, partite. Scrivere a uno solo dei due profili (questo).",2026-09-09-instagram-ristorazione-va-co-lc-bg.csv,,,"Grazie per averci contattato!! Per qualsiasi richiesta, info o prenotazione puoi chiamarci"
@pizzeria_lobidu,Pizzeria Lobidù,Tradate (VA),Pizzeria,259,1,"cercato «""Lobidù"" pizzeria Tradate» → tripadvisor, thefork, facebook, deliveroo, sluurpy, paginegialle, restaurantguru, ordina-online, e una pagina generata su menufyy: nessun dominio suo. Profilo aperto il 9/9: bio vuota, nessun link [verifica-sito] motori «""Pizzeria Lobidù"" Tradate»: 0 risultati · domini: nessuno risponde",2026-09-09,"Risposta — in valutazione (dalla posta, letta il 12/09/2026)","Buongiorno, sono Patrick Sappa. Ho una piccola software house a Seveso, DenkiCode.

Le scrivo perché ho guardato il profilo di Pizzeria Lobidù e su Google non compare un suo sito: c'è Instagram, ci sono le schede degli altri, ma un sito suo no.

Le sue foto erano già metà del lavoro: l'altra metà l'ho fatta io. La bozza del suo sito è già pronta, con le sue immagini e il suo nome. Non deve scrivere niente e non deve mandarmi niente.

Gliela mando qui, la guarda con calma, e se non le piace me lo dice e non ci sentiamo più. Non le costa un euro e non la impegna a niente.

Sul costo non le faccio girare la testa: se poi decidesse di metterlo online si parla di poche centinaia di euro una volta, non di migliaia, più una quota annuale per tenerlo attivo. Il numero preciso glielo faccio solo se la cosa le interessa davvero.

Gliela mando?","Via IV Novembre 13, Tradate. Pizzeria siciliana, cannoli, 9,2 su TheFork. ⚠ 259 follower e bio vuota: profilo poco curato.",2026-09-09-instagram-ristorazione-va-co-lc-bg.csv,,2026-09-11,"Ciao, grazie per averci contattato. Scrivici su Whatsapp al 3338641860 | Buon giorno, se senza impegno me la mandi pure. Grazie | Ma e' una applicazione? Non ho capito come funziona. Quanto costa? | Ok grazie | La ringrazio per la spiegazione approfondita, stiamo valutando la Vostra opzione con quella di un content creator che ci fa i video nel locale"
@angolo53,Pizzeria Angolo 53,Somma Lombardo (VA),Pizzeria,755,1,"cercato «""Angolo 53"" pizzeria Somma Lombardo» → foursquare, tripadvisor, facebook angolo53, foodiestrip, restaurantguru, paginegialle, piatti.menu: nessun dominio suo. Profilo aperto il 9/9: il link in bio è un PDF del menù 2020 ospitato su btpsoftel.com, il dominio di un fornitore [verifica-sito] motori «""Pizzeria Angolo 53"" Somma Lombardo»: 0 risultati · domini: nessuno risponde",2026-09-09,"Nessuna risposta (solo autorisposta) (dalla posta, letta il 12/09/2026)","Buongiorno, sono Patrick Sappa. Ho una piccola software house a Seveso, DenkiCode.

Le scrivo perché ho guardato il profilo di Pizzeria Angolo 53 e su Google non compare un suo sito: c'è Instagram, ci sono le schede degli altri, ma un sito suo no.

Le sue foto erano già metà del lavoro: l'altra metà l'ho fatta io. La bozza del suo sito è già pronta, con le sue immagini e il suo nome. Non deve scrivere niente e non deve mandarmi niente.

Gliela mando qui, la guarda con calma, e se non le piace me lo dice e non ci sentiamo più. Non le costa un euro e non la impegna a niente.

Sul costo non le faccio girare la testa: se poi decidesse di metterlo online si parla di poche centinaia di euro una volta, non di migliaia, più una quota annuale per tenerlo attivo. Il numero preciso glielo faccio solo se la cosa le interessa davvero.

Gliela mando?","Via Briante 53, Somma Lombardo. Impasti di kamut, integrale e carbone vegetale. In bio c'è un menù in PDF del 2020 su un dominio altrui: nessun sito.",2026-09-09-instagram-ristorazione-va-co-lc-bg.csv,,,"Ciao, grazie per averci contattato. Se non ti rispondiamo entro 10 minuti chiami al 3473552727"
@ristorantetivoli,Ristorante Pizzeria Tivoli,Sesto Calende (VA),Ristorante/pizzeria,203,1,"cercato «""Tivoli"" ristorante pizzeria Sesto Calende» → facebook RistorantePizzeriaTivoli, virgilio, sluurpy, restaurantguru, cylex, piatti.menu, gustoegusti, paginegialle: nessun dominio suo. Profilo aperto il 9/9: nessun link in bio [verifica-sito] motori «""Ristorante Pizzeria Tivoli"" Sesto Calende»: 0 risultati · domini: nessuno risponde",2026-09-09,,"Buongiorno, sono Patrick Sappa. Ho una piccola software house a Seveso, DenkiCode.

Le scrivo perché ho guardato il profilo di Ristorante Pizzeria Tivoli e su Google non compare un suo sito: c'è Instagram, ci sono le schede degli altri, ma un sito suo no.

Le sue foto erano già metà del lavoro: l'altra metà l'ho fatta io. La bozza del suo sito è già pronta, con le sue immagini e il suo nome. Non deve scrivere niente e non deve mandarmi niente.

Gliela mando qui, la guarda con calma, e se non le piace me lo dice e non ci sentiamo più. Non le costa un euro e non la impegna a niente.

Sul costo non le faccio girare la testa: se poi decidesse di metterlo online si parla di poche centinaia di euro una volta, non di migliaia, più una quota annuale per tenerlo attivo. Il numero preciso glielo faccio solo se la cosa le interessa davvero.

Gliela mando?","Via Manzoni 55, Sesto Calende · 0331 924460. Dal 1995, tre sale più veranda, forno a legna. ⚠ 203 follower e 22 post.",2026-09-09-instagram-ristorazione-va-co-lc-bg.csv,,,
@alsestogusto,Al Sesto Gusto,Sesto Calende (VA),Ristorante/pizzeria,1355,1,"cercato «""Al Sesto Gusto"" Sesto Calende» → restaurantguru (Il Sesto Gusto, Sesto Calende); gli altri risultati sono l'omonimo di Sesto San Giovanni e sestogustobistrot.it, che è un altro locale: nessun dominio suo. Profilo aperto il 9/9: nessun link in bio [verifica-sito] motori «""Al Sesto Gusto"" Sesto Calende»: 8 risultati · domini: sestogustobistrot.it (DNS morto); hackerone.com (non risponde); status.brave.app (DNS morto) · directory: instagram.com, thefork.it, tripadvisor.it, justeat.it",2026-09-09,,"Buongiorno, sono Patrick Sappa. Ho una piccola software house a Seveso, DenkiCode.

Le scrivo perché ho guardato il profilo di Al Sesto Gusto e su Google non compare un suo sito: c'è Instagram, ci sono le schede degli altri, ma un sito suo no.

Le sue foto erano già metà del lavoro: l'altra metà l'ho fatta io. La bozza del suo sito è già pronta, con le sue immagini e il suo nome. Non deve scrivere niente e non deve mandarmi niente.

Gliela mando qui, la guarda con calma, e se non le piace me lo dice e non ci sentiamo più. Non le costa un euro e non la impegna a niente.

Sul costo non le faccio girare la testa: se poi decidesse di metterlo online si parla di poche centinaia di euro una volta, non di migliaia, più una quota annuale per tenerlo attivo. Il numero preciso glielo faccio solo se la cosa le interessa davvero.

Gliela mando?","Sesto Calende. Ristorante e pizzeria, carne e pesce, «aperti tutti i giorni». Attenzione all'omonimo di Sesto San Giovanni (MI).",2026-09-09-instagram-ristorazione-va-co-lc-bg.csv,,,
@ristorante_piazzaabba,Piazza Abba La Reclame,Sesto Calende (VA),Ristorante/pizzeria,1203,4,"cercato «""Piazza Abba"" OR ""La Reclame"" ristorante Sesto Calende» → tripadvisor, facebook, yelp, piatti.menu, restaurantguru, wanderboat: l'email è info@piazzaabbalareclame.it ma il dominio è NXDOMAIN su Cloudflare DoH (9/9). Profilo aperto il 9/9: in bio c'è ancora www.piazzaabbalareclame.it [verifica-sito] motori «""Piazza Abba La Reclame"" Sesto Calende»: 19 risultati · domini: piatti.menu (piattaforma: Piatti.menu - Trova i menu vicino a te); mymenuweb.com (vivo: MyMenuWeb - Discover the best restaurants); gustoegusti.it (DNS morto); ristorantesacroeprofano.it (DNS morto); pizzeriasaronno.it (DNS morto); hackerone.com (non risponde); status.brave.app (DNS morto) · directory: restaurantguru.it, facebook.com, m.facebook.com, paginebianche.it",2026-09-09,,"Buongiorno, sono Patrick Sappa. Ho una piccola software house a Seveso, DenkiCode.

Le scrivo perché ho guardato il profilo di Piazza Abba La Reclame e il link al sito piazzaabbalareclame.it che ha in bio non porta più da nessuna parte.

Le sue foto erano già metà del lavoro: l'altra metà l'ho fatta io. La bozza del suo sito è già pronta, con le sue immagini e il suo nome. Non deve scrivere niente e non deve mandarmi niente.

Gliela mando qui, la guarda con calma, e se non le piace me lo dice e non ci sentiamo più. Non le costa un euro e non la impegna a niente.

Sul costo non le faccio girare la testa: se poi decidesse di metterlo online si parla di poche centinaia di euro una volta, non di migliaia, più una quota annuale per tenerlo attivo. Il numero preciso glielo faccio solo se la cosa le interessa davvero.

Gliela mando?","Piazza Abba 8, Sesto Calende · 0331 913167. Pizze artigianali, 4,1 su Tripadvisor con 341 recensioni. Il dominio in bio è morto: gancio forte.",2026-09-09-instagram-ristorazione-va-co-lc-bg.csv,,,
@albranca2020,Al Branca Ristorante,Luino (VA),Ristorante,2170,1,"cercato «""Al Branca"" ristorante Luino Marconi» → luinonotizie, leggimenu (menù digitale), garlini.it, visitluino, restaurantguru: nessun dominio suo. Profilo aperto il 9/9: nessun link in bio [verifica-sito] motori «""Al Branca Ristorante"" Luino»: 0 risultati · domini: nessuno risponde",2026-09-09,,"Buongiorno, sono Patrick Sappa. Ho una piccola software house a Seveso, DenkiCode.

Le scrivo perché ho guardato il profilo di Al Branca Ristorante e su Google non compare un suo sito: c'è Instagram, ci sono le schede degli altri, ma un sito suo no.

Le sue foto erano già metà del lavoro: l'altra metà l'ho fatta io. La bozza del suo sito è già pronta, con le sue immagini e il suo nome. Non deve scrivere niente e non deve mandarmi niente.

Gliela mando qui, la guarda con calma, e se non le piace me lo dice e non ci sentiamo più. Non le costa un euro e non la impegna a niente.

Sul costo non le faccio girare la testa: se poi decidesse di metterlo online si parla di poche centinaia di euro una volta, non di migliaia, più una quota annuale per tenerlo attivo. Il numero preciso glielo faccio solo se la cosa le interessa davvero.

Gliela mando?","Piazzale Marconi 18, Luino · 0332 1699578. Aperto nel 2020 da Mariana e Paolo, pesce e pasta fresca.",2026-09-09-instagram-ristorazione-va-co-lc-bg.csv,,,
@legamidigustoluino,Legàmi di Gusto,Luino (VA),Pizzeria,675,1,"cercato «""Legàmi di Gusto"" OR ""Legami di Gusto"" pizzeria Luino» → app fidelity su Google Play, wanderlog, virgilio, luinonotizie, paginebianche, bestiebite, territoryrank, paginegialle: nessun dominio suo. Profilo aperto il 9/9: nessun link in bio [verifica-sito] motori «""Legàmi di Gusto"" Luino»: 0 risultati · domini: nessuno risponde",2026-09-09,,"Buongiorno, sono Patrick Sappa. Ho una piccola software house a Seveso, DenkiCode.

Le scrivo perché ho guardato il profilo di Legàmi di Gusto e su Google non compare un suo sito: c'è Instagram, ci sono le schede degli altri, ma un sito suo no.

Le sue foto erano già metà del lavoro: l'altra metà l'ho fatta io. La bozza del suo sito è già pronta, con le sue immagini e il suo nome. Non deve scrivere niente e non deve mandarmi niente.

Gliela mando qui, la guarda con calma, e se non le piace me lo dice e non ci sentiamo più. Non le costa un euro e non la impegna a niente.

Sul costo non le faccio girare la testa: se poi decidesse di metterlo online si parla di poche centinaia di euro una volta, non di migliaia, più una quota annuale per tenerlo attivo. Il numero preciso glielo faccio solo se la cosa le interessa davvero.

Gliela mando?","Piazza Libertà 24, Luino · 0332 795753. Davanti all'imbarcadero, lunga lievitazione, 4,4 su Google.",2026-09-09-instagram-ristorazione-va-co-lc-bg.csv,,,
@loltrepizza2.laveno,"L'Oltrepizza 2, la Panuozzeria",Laveno Mombello (VA),Pizzeria,1156,1,"cercato «""Oltrepizza"" panuozzeria Laveno Mombello» → facebook, wanderlog, glovo, tripadvisor, cylex (la sede di Gemonio): nessun dominio suo. Profilo aperto il 9/9: nessun link in bio [verifica-sito] motori «""L'Oltrepizza 2, la Panuozzeria"" Laveno Mombello»: 0 risultati · domini: nessuno risponde",2026-09-09,,"Buongiorno, sono Patrick Sappa. Ho una piccola software house a Seveso, DenkiCode.

Le scrivo perché ho guardato il profilo di L'Oltrepizza 2, la Panuozzeria e su Google non compare un suo sito: c'è Instagram, ci sono le schede degli altri, ma un sito suo no.

Le sue foto erano già metà del lavoro: l'altra metà l'ho fatta io. La bozza del suo sito è già pronta, con le sue immagini e il suo nome. Non deve scrivere niente e non deve mandarmi niente.

Gliela mando qui, la guarda con calma, e se non le piace me lo dice e non ci sentiamo più. Non le costa un euro e non la impegna a niente.

Sul costo non le faccio girare la testa: se poi decidesse di metterlo online si parla di poche centinaia di euro una volta, non di migliaia, più una quota annuale per tenerlo attivo. Il numero preciso glielo faccio solo se la cosa le interessa davvero.

Gliela mando?",Laveno Mombello · 333 8077962. Mer-dom 11-15 e 18-22. Seconda sede dell'Oltrepizza di Gemonio.,2026-09-09-instagram-ristorazione-va-co-lc-bg.csv,,,
@almottarone,Ristorante Al Mottarone,Laveno Mombello (VA),Ristorante/pizzeria,402,1,"cercato «""Al Mottarone"" Laveno Mombello ristorante» → nextdoor, tripadvisor, facebook, sluurpy, wanderlog, paginebianche, oraridiapertura24, piatti.menu: nessun dominio suo. Profilo aperto il 9/9: nessun link in bio [verifica-sito] motori «""Ristorante Al Mottarone"" Laveno Mombello»: 0 risultati · domini: nessuno risponde",2026-09-09,,"Buongiorno, sono Patrick Sappa. Ho una piccola software house a Seveso, DenkiCode.

Le scrivo perché ho guardato il profilo di Ristorante Al Mottarone e su Google non compare un suo sito: c'è Instagram, ci sono le schede degli altri, ma un sito suo no.

Le sue foto erano già metà del lavoro: l'altra metà l'ho fatta io. La bozza del suo sito è già pronta, con le sue immagini e il suo nome. Non deve scrivere niente e non deve mandarmi niente.

Gliela mando qui, la guarda con calma, e se non le piace me lo dice e non ci sentiamo più. Non le costa un euro e non la impegna a niente.

Sul costo non le faccio girare la testa: se poi decidesse di metterlo online si parla di poche centinaia di euro una volta, non di migliaia, più una quota annuale per tenerlo attivo. Il numero preciso glielo faccio solo se la cosa le interessa davvero.

Gliela mando?","Via XXV Aprile 9, Laveno Mombello · 0332 626805. Menù fisso a 10 euro in settimana, pizza la sera, paella. 1.284 post.",2026-09-09-instagram-ristorazione-va-co-lc-bg.csv,,,
@pizzeria.sapori.italiani,Pizzeria Sapori Italiani,Cassano Magnago (VA),Pizzeria,202,1,"cercato «""Sapori Italiani"" pizzeria Cassano Magnago Cinque Giornate» → facebook saporiitalianicassanomagnago, localshop24, zaubee, reteimprese, checkle, restaurantguru: nessun dominio suo. Profilo aperto il 9/9: nessun link in bio [verifica-sito] motori «""Pizzeria Sapori Italiani"" Cassano Magnago»: 0 risultati · domini: nessuno risponde",2026-09-09,,"Buongiorno, sono Patrick Sappa. Ho una piccola software house a Seveso, DenkiCode.

Le scrivo perché ho guardato il profilo di Pizzeria Sapori Italiani e su Google non compare un suo sito: c'è Instagram, ci sono le schede degli altri, ma un sito suo no.

Le sue foto erano già metà del lavoro: l'altra metà l'ho fatta io. La bozza del suo sito è già pronta, con le sue immagini e il suo nome. Non deve scrivere niente e non deve mandarmi niente.

Gliela mando qui, la guarda con calma, e se non le piace me lo dice e non ci sentiamo più. Non le costa un euro e non la impegna a niente.

Sul costo non le faccio girare la testa: se poi decidesse di metterlo online si parla di poche centinaia di euro una volta, non di migliaia, più una quota annuale per tenerlo attivo. Il numero preciso glielo faccio solo se la cosa le interessa davvero.

Gliela mando?","Via Cinque Giornate 9/c, Cassano Magnago · 0331 1530646. Asporto, solo prodotti italiani, 4,7 su Google. ⚠ 202 follower.",2026-09-09-instagram-ristorazione-va-co-lc-bg.csv,,,
@ristoranteatlantide,Ristorante Atlantide,Malnate (VA),Ristorante,548,1,"cercato «""Atlantide"" ristorante Malnate» → italia.it, facebook, tripadvisor, wanderlog, paginegialle, restaurantguru, menuweb: nessun dominio suo. Profilo aperto il 9/9: in bio c'è un canale Telegram, nessun sito [verifica-sito] motori «""Ristorante Atlantide"" Malnate»: 0 risultati · domini: nessuno risponde",2026-09-09,"No — ha gia' il sito (errore di lista) (dalla posta, letta il 12/09/2026)","Buongiorno, sono Patrick Sappa. Ho una piccola software house a Seveso, DenkiCode.

Le scrivo perché ho guardato il profilo di Ristorante Atlantide e su Google non compare un suo sito: c'è Instagram, ci sono le schede degli altri, ma un sito suo no.

Le sue foto erano già metà del lavoro: l'altra metà l'ho fatta io. La bozza del suo sito è già pronta, con le sue immagini e il suo nome. Non deve scrivere niente e non deve mandarmi niente.

Gliela mando qui, la guarda con calma, e se non le piace me lo dice e non ci sentiamo più. Non le costa un euro e non la impegna a niente.

Sul costo non le faccio girare la testa: se poi decidesse di metterlo online si parla di poche centinaia di euro una volta, non di migliaia, più una quota annuale per tenerlo attivo. Il numero preciso glielo faccio solo se la cosa le interessa davvero.

Gliela mando?","Via del Bollerino 3, Malnate · 0332 861496. Fratelli Canova, dal 1992, 1.032 post.",2026-09-09-instagram-ristorazione-va-co-lc-bg.csv,,2026-09-10,Grazie: c'e' gia' un sito.
@fly.cafe,Fly Cafe Pizzeria & Steakhouse,Malnate (VA),Pizzeria,840,1,"cercato «""Fly Cafe"" Malnate pizzeria steakhouse» → mindtrip, tripadvisor, facebook FlyCafeMalnate e una pagina generata su menustic: nessun dominio suo. Profilo aperto il 9/9: bio di sole emoji, nessun link [verifica-sito] motori «""Fly Cafe Pizzeria & Steakhouse"" Malnate»: 0 risultati · domini: nessuno risponde",2026-09-09,,"Buongiorno, sono Patrick Sappa. Ho una piccola software house a Seveso, DenkiCode.

Le scrivo perché ho guardato il profilo di Fly Cafe Pizzeria & Steakhouse e su Google non compare un suo sito: c'è Instagram, ci sono le schede degli altri, ma un sito suo no.

Le sue foto erano già metà del lavoro: l'altra metà l'ho fatta io. La bozza del suo sito è già pronta, con le sue immagini e il suo nome. Non deve scrivere niente e non deve mandarmi niente.

Gliela mando qui, la guarda con calma, e se non le piace me lo dice e non ci sentiamo più. Non le costa un euro e non la impegna a niente.

Sul costo non le faccio girare la testa: se poi decidesse di metterlo online si parla di poche centinaia di euro una volta, non di migliaia, più una quota annuale per tenerlo attivo. Il numero preciso glielo faccio solo se la cosa le interessa davvero.

Gliela mando?","Via Nenni 4, Malnate. Pizze allungate sul tagliere, 513 post. Bio vuota: si scrive lo stesso, il profilo è vivo.",2026-09-09-instagram-ristorazione-va-co-lc-bg.csv,,,
@doppio.zero_pizzeria,Doppio Zero,Busto Arsizio (VA),Pizzeria,1388,1,"cercato «""Doppio Zero"" pizzeria Busto Arsizio» → justeat, deliveroo, facebook, tutti-gli-orari, restaurantguru, eatbu; pizzeria-doppio-zero.it aperto: pagina generata da una rete, senza il loro telefono. Profilo aperto il 9/9: nessun link in bio [verifica-sito] motori «""Doppio Zero"" Busto Arsizio»: 0 risultati · domini: doppiozero.com (vivo, indovinato: doppiozero | progetto editoriale non-profit) · [letto a mano 9/9] doppiozero.com è la rivista culturale Doppiozero, non la pizzeria di Busto; resta gancio 1",2026-09-09,,"Buongiorno, sono Patrick Sappa. Ho una piccola software house a Seveso, DenkiCode.

Le scrivo perché ho guardato il profilo di Doppio Zero e su Google non compare un suo sito: c'è Instagram, ci sono le schede degli altri, ma un sito suo no.

Le sue foto erano già metà del lavoro: l'altra metà l'ho fatta io. La bozza del suo sito è già pronta, con le sue immagini e il suo nome. Non deve scrivere niente e non deve mandarmi niente.

Gliela mando qui, la guarda con calma, e se non le piace me lo dice e non ci sentiamo più. Non le costa un euro e non la impegna a niente.

Sul costo non le faccio girare la testa: se poi decidesse di metterlo online si parla di poche centinaia di euro una volta, non di migliaia, più una quota annuale per tenerlo attivo. Il numero preciso glielo faccio solo se la cosa le interessa davvero.

Gliela mando?","Via Silvio Pellico 19, Busto Arsizio · 0331 620585. Asporto, forno a legna, mar-dom 18-21.30. Su Google esce pizzeria-doppio-zero.it: non è loro, è una pagina generata.",2026-09-09-instagram-ristorazione-va-co-lc-bg.csv,,,
@papillonmalnate,Papillon Malnate,Malnate (VA),Pizzeria,1114,1,"cercato «""Papillon"" Malnate pizzeria forno a legna» → sluurpy, justeat, tripadvisor, restaurantguru, mymenuweb, facebook; pizzeria-papillon-malnate.it aperto: pagina generata da una rete, senza il loro telefono. Profilo aperto il 9/9: nessun link in bio [verifica-sito] motori «""Papillon Malnate"" Malnate»: 0 risultati · domini: nessuno risponde",2026-09-09,,"Buongiorno, sono Patrick Sappa. Ho una piccola software house a Seveso, DenkiCode.

Le scrivo perché ho guardato il profilo di Papillon Malnate e su Google non compare un suo sito: c'è Instagram, ci sono le schede degli altri, ma un sito suo no.

Le sue foto erano già metà del lavoro: l'altra metà l'ho fatta io. La bozza del suo sito è già pronta, con le sue immagini e il suo nome. Non deve scrivere niente e non deve mandarmi niente.

Gliela mando qui, la guarda con calma, e se non le piace me lo dice e non ci sentiamo più. Non le costa un euro e non la impegna a niente.

Sul costo non le faccio girare la testa: se poi decidesse di metterlo online si parla di poche centinaia di euro una volta, non di migliaia, più una quota annuale per tenerlo attivo. Il numero preciso glielo faccio solo se la cosa le interessa davvero.

Gliela mando?","Via Kennedy 32, Malnate · 331 8073894. Forno a legna, cocktail bar, dj set, veranda. Su Google esce pizzeria-papillon-malnate.it: non è loro.",2026-09-09-instagram-ristorazione-va-co-lc-bg.csv,,,
@pizzeriadacicciocardano,Pizzeria da Ciccio,Cardano al Campo (VA),Pizzeria,1825,1,"cercato «""Da Ciccio"" pizzeria Cardano al Campo» → facebook, tripadvisor, foodiestrip, sluurpy, restaurantguru, piatti.menu, informazione-aziende, oraridiapertura24: nessun dominio suo. Profilo aperto il 9/9: in bio un allmylinks, nessun sito [verifica-sito] motori «""Pizzeria da Ciccio"" Cardano al Campo»: 0 risultati · domini: nessuno risponde",2026-09-09,,"Buongiorno, sono Patrick Sappa. Ho una piccola software house a Seveso, DenkiCode.

Le scrivo perché ho guardato il profilo di Pizzeria da Ciccio e su Google non compare un suo sito: c'è Instagram, ci sono le schede degli altri, ma un sito suo no.

Le sue foto erano già metà del lavoro: l'altra metà l'ho fatta io. La bozza del suo sito è già pronta, con le sue immagini e il suo nome. Non deve scrivere niente e non deve mandarmi niente.

Gliela mando qui, la guarda con calma, e se non le piace me lo dice e non ci sentiamo più. Non le costa un euro e non la impegna a niente.

Sul costo non le faccio girare la testa: se poi decidesse di metterlo online si parla di poche centinaia di euro una volta, non di migliaia, più una quota annuale per tenerlo attivo. Il numero preciso glielo faccio solo se la cosa le interessa davvero.

Gliela mando?","Via XX Settembre 1, Cardano al Campo · 328 6914344. Asporto e domicilio, pizze al metro, chiuso martedì. 4,4 su Tripadvisor.",2026-09-09-instagram-ristorazione-va-co-lc-bg.csv,,,
@pizzeria_monte_solbiate_arno,Pizzeria Monte,Solbiate Arno (VA),Pizzeria,1088,1,"cercato «""Pizzeria Monte"" Solbiate Arno Sant'Agata» → nextdoor, justeat, facebook, deliveroo, bestogoo, oraridiapertura24, piatti.menu, restaurantguru: nessun dominio suo. Profilo aperto il 9/9: nessun link in bio [verifica-sito] motori «""Pizzeria Monte"" Solbiate Arno»: 0 risultati · domini: nessuno risponde",2026-09-09,,"Buongiorno, sono Patrick Sappa. Ho una piccola software house a Seveso, DenkiCode.

Le scrivo perché ho guardato il profilo di Pizzeria Monte e su Google non compare un suo sito: c'è Instagram, ci sono le schede degli altri, ma un sito suo no.

Le sue foto erano già metà del lavoro: l'altra metà l'ho fatta io. La bozza del suo sito è già pronta, con le sue immagini e il suo nome. Non deve scrivere niente e non deve mandarmi niente.

Gliela mando qui, la guarda con calma, e se non le piace me lo dice e non ci sentiamo più. Non le costa un euro e non la impegna a niente.

Sul costo non le faccio girare la testa: se poi decidesse di metterlo online si parla di poche centinaia di euro una volta, non di migliaia, più una quota annuale per tenerlo attivo. Il numero preciso glielo faccio solo se la cosa le interessa davvero.

Gliela mando?","Via Sant'Agata 1, Solbiate Arno · 0331 985984. Sette giorni su sette, consegna a domicilio, 4,5 su Google.",2026-09-09-instagram-ristorazione-va-co-lc-bg.csv,,,
@crotto_buzzi,Ristorante Pizzeria Crotto Buzzi,Porto Ceresio (VA),Ristorante/pizzeria,252,1,"cercato «""Crotto Buzzi"" Porto Ceresio» → mycia, facebook, tripadvisor, sluurpy, yelp, oraridiapertura24, restaurantguru, piatti.menu: nessun dominio suo. Profilo aperto il 9/9: nessun link in bio [verifica-sito] motori «""Ristorante Pizzeria Crotto Buzzi"" Porto Ceresio»: 0 risultati · domini: nessuno risponde",2026-09-09,,"Buongiorno, sono Patrick Sappa. Ho una piccola software house a Seveso, DenkiCode.

Le scrivo perché ho guardato il profilo di Ristorante Pizzeria Crotto Buzzi e su Google non compare un suo sito: c'è Instagram, ci sono le schede degli altri, ma un sito suo no.

Le sue foto erano già metà del lavoro: l'altra metà l'ho fatta io. La bozza del suo sito è già pronta, con le sue immagini e il suo nome. Non deve scrivere niente e non deve mandarmi niente.

Gliela mando qui, la guarda con calma, e se non le piace me lo dice e non ci sentiamo più. Non le costa un euro e non la impegna a niente.

Sul costo non le faccio girare la testa: se poi decidesse di metterlo online si parla di poche centinaia di euro una volta, non di migliaia, più una quota annuale per tenerlo attivo. Il numero preciso glielo faccio solo se la cosa le interessa davvero.

Gliela mando?","Via Cantine 29, Porto Ceresio · 0332 1567874. Veranda sul lago Ceresio, pesce e pizza. ⚠ 252 follower e 14 post.",2026-09-09-instagram-ristorazione-va-co-lc-bg.csv,,,
@pizzeria_lascommessa,La Scommessa,Arcisate (VA),Pizzeria,1258,6,"cercato «""La Scommessa"" pizzeria griglieria Arcisate» → facebook, tripadvisor, sluurpy, piatti.menu, ristoexpert, paginegialle, restaurantguru e pizzerialascommessa.it, aperto il 9/9: WordPress con il titolo di default «Just another WordPress site», ma dentro c'è il loro telefono 0332 472700. Profilo aperto il 9/9: nessun link in bio [verifica-sito] motori «""La Scommessa"" Arcisate»: 0 risultati · domini: nessuno risponde",2026-09-09,,"Buongiorno, sono Patrick Sappa. Ho una piccola software house a Seveso, DenkiCode.

Le scrivo perché ho guardato il profilo di La Scommessa e il suo sito pizzerialascommessa.it è rimasto fermo al titolo «Just another WordPress site», mai finito.

Le sue foto erano già metà del lavoro: l'altra metà l'ho fatta io. La bozza del suo sito è già pronta, con le sue immagini e il suo nome. Non deve scrivere niente e non deve mandarmi niente.

Gliela mando qui, la guarda con calma, e se non le piace me lo dice e non ci sentiamo più. Non le costa un euro e non la impegna a niente.

Sul costo non le faccio girare la testa: se poi decidesse di metterlo online si parla di poche centinaia di euro una volta, non di migliaia, più una quota annuale per tenerlo attivo. Il numero preciso glielo faccio solo se la cosa le interessa davvero.

Gliela mando?","Via Crugnola 1, Arcisate · 0332 472700. Pizza, hamburger gourmet, griglia; 4,5 su Restaurant Guru. Il sito esiste ed è un WordPress mai configurato: l'aggancio è quello.",2026-09-09-instagram-ristorazione-va-co-lc-bg.csv,,,
@douglasracletteriapizzeria,Douglas Racletteria Pizzeria,Bisuschio (VA),Pizzeria,1450,1,"cercato «""Douglas"" racletteria pizzeria Bisuschio» → toogoodtogo, varesenoi, localshop24, garlini.it, restaurantguru e una pagina generata su menustic: nessun dominio suo. Profilo aperto il 9/9: nessun link in bio [verifica-sito] motori «""Douglas Racletteria Pizzeria"" Bisuschio»: 0 risultati · domini: nessuno risponde",2026-09-09,,"Buongiorno, sono Patrick Sappa. Ho una piccola software house a Seveso, DenkiCode.

Le scrivo perché ho guardato il profilo di Douglas Racletteria Pizzeria e su Google non compare un suo sito: c'è Instagram, ci sono le schede degli altri, ma un sito suo no.

Le sue foto erano già metà del lavoro: l'altra metà l'ho fatta io. La bozza del suo sito è già pronta, con le sue immagini e il suo nome. Non deve scrivere niente e non deve mandarmi niente.

Gliela mando qui, la guarda con calma, e se non le piace me lo dice e non ci sentiamo più. Non le costa un euro e non la impegna a niente.

Sul costo non le faccio girare la testa: se poi decidesse di metterlo online si parla di poche centinaia di euro una volta, non di migliaia, più una quota annuale per tenerlo attivo. Il numero preciso glielo faccio solo se la cosa le interessa davvero.

Gliela mando?","Via della Repubblica 35, Bisuschio · 0332 1431420. Pizza e raclette; dal 4 settembre 2026 ha aperto anche a Varese in via Cairoli 20 (varesenoi del 3/9).",2026-09-09-instagram-ristorazione-va-co-lc-bg.csv,,,
@alambiccobesozzo,L'Alambicco,Besozzo (VA),Bar/vinoteca,1754,1,"cercato «""L'Alambicco"" Besozzo wine bar» → facebook, foursquare, tripadvisor, sluurpy, besozziamo, piatti.menu, menuweb, paginegialle e una pagina generata su restaurants-us.com: nessun dominio suo. Profilo aperto il 9/9: nessun link in bio [verifica-sito] motori «""L'Alambicco"" Besozzo»: 0 risultati · domini: alambicco.com (parcheggiato, indovinato)",2026-09-09,,"Buongiorno, sono Patrick Sappa. Ho una piccola software house a Seveso, DenkiCode.

Le scrivo perché ho guardato il profilo di L'Alambicco e su Google non compare un suo sito: c'è Instagram, ci sono le schede degli altri, ma un sito suo no.

Le sue foto erano già metà del lavoro: l'altra metà l'ho fatta io. La bozza del suo sito è già pronta, con le sue immagini e il suo nome. Non deve scrivere niente e non deve mandarmi niente.

Gliela mando qui, la guarda con calma, e se non le piace me lo dice e non ci sentiamo più. Non le costa un euro e non la impegna a niente.

Sul costo non le faccio girare la testa: se poi decidesse di metterlo online si parla di poche centinaia di euro una volta, non di migliaia, più una quota annuale per tenerlo attivo. Il numero preciso glielo faccio solo se la cosa le interessa davvero.

Gliela mando?","Via XXV Aprile 25, Besozzo. Bar vinoteca con piccola cucina: colazioni, aperitivi, pranzi di lavoro. 350 post.",2026-09-09-instagram-ristorazione-va-co-lc-bg.csv,,,
@ilcapriccio.erba,Il Capriccio Ristorante & Pizzeria,Erba (CO),Ristorante/pizzeria,192,1,"cercato «""Il Capriccio"" ristorante pizzeria Erba Leopardi» → nextdoor, tripadvisor, facebook, firmania, oraridiapertura24, trova-aperto, paginegialle: nessun dominio suo. Profilo aperto il 9/9: nessun link in bio [verifica-sito] motori «""Il Capriccio Ristorante & Pizzeria"" Erba»: 0 risultati · domini: nessuno risponde",2026-09-09,,"Buongiorno, sono Patrick Sappa. Ho una piccola software house a Seveso, DenkiCode.

Le scrivo perché ho guardato il profilo di Il Capriccio Ristorante & Pizzeria e su Google non compare un suo sito: c'è Instagram, ci sono le schede degli altri, ma un sito suo no.

Le sue foto erano già metà del lavoro: l'altra metà l'ho fatta io. La bozza del suo sito è già pronta, con le sue immagini e il suo nome. Non deve scrivere niente e non deve mandarmi niente.

Gliela mando qui, la guarda con calma, e se non le piace me lo dice e non ci sentiamo più. Non le costa un euro e non la impegna a niente.

Sul costo non le faccio girare la testa: se poi decidesse di metterlo online si parla di poche centinaia di euro una volta, non di migliaia, più una quota annuale per tenerlo attivo. Il numero preciso glielo faccio solo se la cosa le interessa davvero.

Gliela mando?","Via Leopardi 7/C, Erba · 031 3333059 · WhatsApp 331 6291112. Menù fisso a 12 euro, consegna a domicilio. ⚠ 192 follower.",2026-09-09-instagram-ristorazione-va-co-lc-bg.csv,,,
@flamexperience,Flame Eno Pizzeria e Griglieria,Erba (CO),Pizzeria,843,1,"cercato «""Flame"" eno pizzeria griglieria Erba» → findmeglutenfree, sluurpy, reteimprese, restaurantguru, wanderboat, facebook flamexperience: nessun dominio suo. Profilo aperto il 9/9: nessun link in bio [verifica-sito] motori «""Flame Eno Pizzeria e Griglieria"" Erba»: 0 risultati · domini: nessuno risponde",2026-09-09,,"Buongiorno, sono Patrick Sappa. Ho una piccola software house a Seveso, DenkiCode.

Le scrivo perché ho guardato il profilo di Flame Eno Pizzeria e Griglieria e su Google non compare un suo sito: c'è Instagram, ci sono le schede degli altri, ma un sito suo no.

Le sue foto erano già metà del lavoro: l'altra metà l'ho fatta io. La bozza del suo sito è già pronta, con le sue immagini e il suo nome. Non deve scrivere niente e non deve mandarmi niente.

Gliela mando qui, la guarda con calma, e se non le piace me lo dice e non ci sentiamo più. Non le costa un euro e non la impegna a niente.

Sul costo non le faccio girare la testa: se poi decidesse di metterlo online si parla di poche centinaia di euro una volta, non di migliaia, più una quota annuale per tenerlo attivo. Il numero preciso glielo faccio solo se la cosa le interessa davvero.

Gliela mando?","Viale Prealpi 12, Erba · 031 645757. Stile industriale, cucina senza glutine, chiuso martedì sera e sabato a pranzo.",2026-09-09-instagram-ristorazione-va-co-lc-bg.csv,,,
@ilcasottinorestaurantofficial,Il Casottino,Fino Mornasco (CO),Ristorante/pizzeria,1212,1,"cercato «""Il Casottino"" ristorante Fino Mornasco» → mindtrip, facebook, tripadvisor, virgilio, sluurpy, restaurantguru, piatti.menu, gastroranking: nessun dominio suo. Profilo aperto il 9/9: nessun link in bio [verifica-sito] motori «""Il Casottino"" Fino Mornasco»: 0 risultati · domini: nessuno risponde",2026-09-09,,"Buongiorno, sono Patrick Sappa. Ho una piccola software house a Seveso, DenkiCode.

Le scrivo perché ho guardato il profilo di Il Casottino e su Google non compare un suo sito: c'è Instagram, ci sono le schede degli altri, ma un sito suo no.

Le sue foto erano già metà del lavoro: l'altra metà l'ho fatta io. La bozza del suo sito è già pronta, con le sue immagini e il suo nome. Non deve scrivere niente e non deve mandarmi niente.

Gliela mando qui, la guarda con calma, e se non le piace me lo dice e non ci sentiamo più. Non le costa un euro e non la impegna a niente.

Sul costo non le faccio girare la testa: se poi decidesse di metterlo online si parla di poche centinaia di euro una volta, non di migliaia, più una quota annuale per tenerlo attivo. Il numero preciso glielo faccio solo se la cosa le interessa davvero.

Gliela mando?","Via Dogana 10, Fino Mornasco · 031 880880 · WhatsApp 351 7364232. Uscita A9, terrazza, 1.800 recensioni a 4,2. Chiuso lunedì e martedì a pranzo.",2026-09-09-instagram-ristorazione-va-co-lc-bg.csv,,,
@ristorantesangiuseppe,Ristorante S. Giuseppe,Cernobbio (CO),Ristorante/albergo,2745,1,"cercato «""Ristorante San Giuseppe"" Cernobbio» → booking, trivago, tripadvisor, hotelscombined, planetofhotels e portali tipo comolake-hotels.com: solo OTA e portali, nessun dominio suo. Profilo aperto il 9/9: nessun link in bio [verifica-sito] motori «""Ristorante S. Giuseppe"" Cernobbio»: 0 risultati · domini: nessuno risponde",2026-09-09,,"Buongiorno, sono Patrick Sappa. Ho una piccola software house a Seveso, DenkiCode.

Le scrivo perché ho guardato il profilo di Ristorante S. Giuseppe e su Google non compare un suo sito: c'è Instagram, ci sono le schede degli altri, ma un sito suo no.

Le sue foto erano già metà del lavoro: l'altra metà l'ho fatta io. La bozza del suo sito è già pronta, con le sue immagini e il suo nome. Non deve scrivere niente e non deve mandarmi niente.

Gliela mando qui, la guarda con calma, e se non le piace me lo dice e non ci sentiamo più. Non le costa un euro e non la impegna a niente.

Sul costo non le faccio girare la testa: se poi decidesse di metterlo online si parla di poche centinaia di euro una volta, non di migliaia, più una quota annuale per tenerlo attivo. Il numero preciso glielo faccio solo se la cosa le interessa davvero.

Gliela mando?","Via Cinque Giornate 31, Cernobbio · 031 511288. Albergo 3 stelle a gestione familiare con ristorante di piatti lariani. Presente solo sui portali di prenotazione.",2026-09-09-instagram-ristorazione-va-co-lc-bg.csv,,,
@gelateriadelborgobellagio,Gelateria del Borgo,Bellagio (CO),Gelateria,884,1,"cercato «""Gelateria del Borgo"" Bellagio» → happycow, mindtrip, rexby, tripadvisor, trip.com, yelp, lemon8: nessun dominio suo. Profilo aperto il 9/9: nessun link in bio [verifica-sito] motori «""Gelateria del Borgo"" Bellagio»: 0 risultati · domini: nessuno risponde",2026-09-09,,"Buongiorno, sono Patrick Sappa. Ho una piccola software house a Seveso, DenkiCode.

Le scrivo perché ho guardato il profilo di Gelateria del Borgo e su Google non compare un suo sito: c'è Instagram, ci sono le schede degli altri, ma un sito suo no.

Le sue foto erano già metà del lavoro: l'altra metà l'ho fatta io. La bozza del suo sito è già pronta, con le sue immagini e il suo nome. Non deve scrivere niente e non deve mandarmi niente.

Gliela mando qui, la guarda con calma, e se non le piace me lo dice e non ci sentiamo più. Non le costa un euro e non la impegna a niente.

Sul costo non le faccio girare la testa: se poi decidesse di metterlo online si parla di poche centinaia di euro una volta, non di migliaia, più una quota annuale per tenerlo attivo. Il numero preciso glielo faccio solo se la cosa le interessa davvero.

Gliela mando?","Via Garibaldi 46, Bellagio · 031 950755. 4ª su 78 su Tripadvisor, pistacchio famoso. Bio con i due gelatieri, niente altro.",2026-09-09-instagram-ristorazione-va-co-lc-bg.csv,,,
@lagazzellainverigo,La Gazzella Pizzeria & Steakhouse,Inverigo (CO),Pizzeria,300,1,"cercato «""La Gazzella"" pizzeria steakhouse Inverigo» → mindtrip, tripadvisor, facebook, paginegialle, restaurantguru, wanderboat, menuweb: nessun dominio suo. Profilo aperto il 9/9: nessun link in bio [verifica-sito] motori «""La Gazzella Pizzeria & Steakhouse"" Inverigo»: 0 risultati · domini: nessuno risponde",2026-09-09,,"Buongiorno, sono Patrick Sappa. Ho una piccola software house a Seveso, DenkiCode.

Le scrivo perché ho guardato il profilo di La Gazzella Pizzeria & Steakhouse e su Google non compare un suo sito: c'è Instagram, ci sono le schede degli altri, ma un sito suo no.

Le sue foto erano già metà del lavoro: l'altra metà l'ho fatta io. La bozza del suo sito è già pronta, con le sue immagini e il suo nome. Non deve scrivere niente e non deve mandarmi niente.

Gliela mando qui, la guarda con calma, e se non le piace me lo dice e non ci sentiamo più. Non le costa un euro e non la impegna a niente.

Sul costo non le faccio girare la testa: se poi decidesse di metterlo online si parla di poche centinaia di euro una volta, non di migliaia, più una quota annuale per tenerlo attivo. Il numero preciso glielo faccio solo se la cosa le interessa davvero.

Gliela mando?","Piazza Foscolo 13, Inverigo · 031 605827. Chiuso lunedì, 4,3 su Tripadvisor, 591 recensioni su Restaurant Guru.",2026-09-09-instagram-ristorazione-va-co-lc-bg.csv,,,
@ilgirasolepizzeria1997,Pizzeria il Girasole,Lurago Marinone (CO),Pizzeria,274,1,"cercato «""Il Girasole"" pizzeria Lurago d'Erba» → è a Lurago Marinone: tripadvisor, facebook, restaurantguru, ristoexpert, menuweb: nessun dominio suo. Profilo aperto il 9/9: nessun link in bio [verifica-sito] motori «""Pizzeria il Girasole"" Lurago Marinone»: 0 risultati · domini: nessuno risponde",2026-09-09,,"Buongiorno, sono Patrick Sappa. Ho una piccola software house a Seveso, DenkiCode.

Le scrivo perché ho guardato il profilo di Pizzeria il Girasole e su Google non compare un suo sito: c'è Instagram, ci sono le schede degli altri, ma un sito suo no.

Le sue foto erano già metà del lavoro: l'altra metà l'ho fatta io. La bozza del suo sito è già pronta, con le sue immagini e il suo nome. Non deve scrivere niente e non deve mandarmi niente.

Gliela mando qui, la guarda con calma, e se non le piace me lo dice e non ci sentiamo più. Non le costa un euro e non la impegna a niente.

Sul costo non le faccio girare la testa: se poi decidesse di metterlo online si parla di poche centinaia di euro una volta, non di migliaia, più una quota annuale per tenerlo attivo. Il numero preciso glielo faccio solo se la cosa le interessa davvero.

Gliela mando?","Via Risorgimento 8, Lurago Marinone · 031 3520015. Solo asporto, consegna a Lurago, Veniano, Appiano, Limido, Cirimido. 856 post.",2026-09-09-instagram-ristorazione-va-co-lc-bg.csv,,,
@daaldo_lomazzo,Da Aldo Pizzeria & Ristorante,Lomazzo (CO),Pizzeria,1034,1,"cercato «""Da Aldo"" pizzeria ristorante Lomazzo Filagno» → waze, tripadvisor, abillion, facebook, restaurantguru, ristoexpert, menuweb; pizzeria-da-aldolomazzo.it aperto: pagina generata da una rete, senza il loro telefono. Profilo aperto il 9/9: nessun link in bio [verifica-sito] motori «""Da Aldo Pizzeria & Ristorante"" Lomazzo»: 0 risultati · domini: nessuno risponde",2026-09-09,,"Buongiorno, sono Patrick Sappa. Ho una piccola software house a Seveso, DenkiCode.

Le scrivo perché ho guardato il profilo di Da Aldo Pizzeria & Ristorante e su Google non compare un suo sito: c'è Instagram, ci sono le schede degli altri, ma un sito suo no.

Le sue foto erano già metà del lavoro: l'altra metà l'ho fatta io. La bozza del suo sito è già pronta, con le sue immagini e il suo nome. Non deve scrivere niente e non deve mandarmi niente.

Gliela mando qui, la guarda con calma, e se non le piace me lo dice e non ci sentiamo più. Non le costa un euro e non la impegna a niente.

Sul costo non le faccio girare la testa: se poi decidesse di metterlo online si parla di poche centinaia di euro una volta, non di migliaia, più una quota annuale per tenerlo attivo. Il numero preciso glielo faccio solo se la cosa le interessa davvero.

Gliela mando?","Via del Filagno 2, Lomazzo · 02 41408142. Pizza al trancio e tradizionale, cucina locale. Su Google esce pizzeria-da-aldolomazzo.it: non è loro.",2026-09-09-instagram-ristorazione-va-co-lc-bg.csv,,,
@mgcavourcernobbio,MGCavour Ristorante e Bar,Cernobbio (CO),Ristorante/bar,293,4,"cercato «""MG Cavour"" OR ""Cavour"" ristorante bar Cernobbio» → tripadvisor, untappd, swipein, altraopinione, explorecomolake, restaurantguru, explorelakecomo: nessun dominio vivo; in bio c'è www.ristorantebarcavour.it → NXDOMAIN su Cloudflare DoH (9/9). Profilo aperto il 9/9 [verifica-sito] motori «""MGCavour Ristorante e Bar"" Cernobbio»: 0 risultati · domini: nessuno risponde",2026-09-09,,"Buongiorno, sono Patrick Sappa. Ho una piccola software house a Seveso, DenkiCode.

Le scrivo perché ho guardato il profilo di MGCavour Ristorante e Bar e il link al sito ristorantebarcavour.it che ha in bio non porta più da nessuna parte.

Le sue foto erano già metà del lavoro: l'altra metà l'ho fatta io. La bozza del suo sito è già pronta, con le sue immagini e il suo nome. Non deve scrivere niente e non deve mandarmi niente.

Gliela mando qui, la guarda con calma, e se non le piace me lo dice e non ci sentiamo più. Non le costa un euro e non la impegna a niente.

Sul costo non le faccio girare la testa: se poi decidesse di metterlo online si parla di poche centinaia di euro una volta, non di migliaia, più una quota annuale per tenerlo attivo. Il numero preciso glielo faccio solo se la cosa le interessa davvero.

Gliela mando?","Piazza Risorgimento, Riva di Cernobbio. Colazione, pranzo, aperitivo, cena vista lago. ⚠ 293 follower; il link in bio è un dominio morto.",2026-09-09-instagram-ristorazione-va-co-lc-bg.csv,,,
@ilristorantedipaolo,Il Ristorante di Paolo,Menaggio (CO),Ristorante,1347,3,"cercato «""Il Ristorante di Paolo"" Menaggio» → tripadvisor, facebook, altissimoceto, restaurantguru, postcard e ilristorantemenaggio.it, aperto il 9/9: «Web Server's Default Page», 432 byte. HappyCow lo segna CLOSED. Profilo aperto il 9/9: bio vuota, nessun link [verifica-sito] motori «""Il Ristorante di Paolo"" Menaggio»: 0 risultati · domini: nessuno risponde",2026-09-09,,"Buongiorno, sono Patrick Sappa. Ho una piccola software house a Seveso, DenkiCode.

Le scrivo perché ho guardato il profilo di Il Ristorante di Paolo e ilristorantemenaggio.it non apre il suo sito: risponde con la pagina di default del server.

Le sue foto erano già metà del lavoro: l'altra metà l'ho fatta io. La bozza del suo sito è già pronta, con le sue immagini e il suo nome. Non deve scrivere niente e non deve mandarmi niente.

Gliela mando qui, la guarda con calma, e se non le piace me lo dice e non ci sentiamo più. Non le costa un euro e non la impegna a niente.

Sul costo non le faccio girare la testa: se poi decidesse di metterlo online si parla di poche centinaia di euro una volta, non di migliaia, più una quota annuale per tenerlo attivo. Il numero preciso glielo faccio solo se la cosa le interessa davvero.

Gliela mando?","Largo Cavour 5, Menaggio · 0344 32133. Cucina contemporanea, patio sul lago. ⚠ HappyCow lo dà chiuso e la bio è vuota: prima di scrivere guardare la data dell'ultimo post.",2026-09-09-instagram-ristorazione-va-co-lc-bg.csv,,,
@la_vineria_merate,La Vineria,Merate (LC),Vineria con cucina,3707,1,"cercato «""La Vineria"" ristorante Merate» → tripadvisor, happycow, facebook, localshop24, piatti.menu, wanderboat, paginegialle, restaurantguru: nessun dominio suo. Profilo aperto il 9/9: nessun link in bio [verifica-sito] motori «""La Vineria"" Merate»: 0 risultati · domini: nessuno risponde",2026-09-09,,"Buongiorno, sono Patrick Sappa. Ho una piccola software house a Seveso, DenkiCode.

Le scrivo perché ho guardato il profilo di La Vineria e su Google non compare un suo sito: c'è Instagram, ci sono le schede degli altri, ma un sito suo no.

Le sue foto erano già metà del lavoro: l'altra metà l'ho fatta io. La bozza del suo sito è già pronta, con le sue immagini e il suo nome. Non deve scrivere niente e non deve mandarmi niente.

Gliela mando qui, la guarda con calma, e se non le piace me lo dice e non ci sentiamo più. Non le costa un euro e non la impegna a niente.

Sul costo non le faccio girare la testa: se poi decidesse di metterlo online si parla di poche centinaia di euro una volta, non di migliaia, più una quota annuale per tenerlo attivo. Il numero preciso glielo faccio solo se la cosa le interessa davvero.

Gliela mando?","Viale Lombardia 3, Merate · WhatsApp 327 0708596. Colazioni, business lunch, aperitivi, serate, terrazza; 7 su 7. 776 post.",2026-09-09-instagram-ristorazione-va-co-lc-bg.csv,,,
@ilgaleone_valmadrera,Il Galeone,Valmadrera (LC),Ristorante/pizzeria,578,1,"cercato «""Il Galeone"" ristorante pizzeria Valmadrera via Chiari» → groupon, thefork, sluurpy, coobiz, restaurantguru, impresaitalia, gustoegusti, oraridiapertura24, paginegialle, wanderlog: nessun dominio suo. Profilo aperto il 9/9: nessun link in bio [verifica-sito] motori «""Il Galeone"" Valmadrera»: 0 risultati · domini: nessuno risponde",2026-09-09,,"Buongiorno, sono Patrick Sappa. Ho una piccola software house a Seveso, DenkiCode.

Le scrivo perché ho guardato il profilo di Il Galeone e su Google non compare un suo sito: c'è Instagram, ci sono le schede degli altri, ma un sito suo no.

Le sue foto erano già metà del lavoro: l'altra metà l'ho fatta io. La bozza del suo sito è già pronta, con le sue immagini e il suo nome. Non deve scrivere niente e non deve mandarmi niente.

Gliela mando qui, la guarda con calma, e se non le piace me lo dice e non ci sentiamo più. Non le costa un euro e non la impegna a niente.

Sul costo non le faccio girare la testa: se poi decidesse di metterlo online si parla di poche centinaia di euro una volta, non di migliaia, più una quota annuale per tenerlo attivo. Il numero preciso glielo faccio solo se la cosa le interessa davvero.

Gliela mando?","Via Chiari 119, Valmadrera · 392 0080756. «Il primo locale piratesco», eventi, 7,9 su TheFork.",2026-09-09-instagram-ristorazione-va-co-lc-bg.csv,,,
@therealpizzadream,Pizza Dream,Valmadrera (LC),Pizzeria,1148,1,"cercato «""Pizza Dream"" Valmadrera pizzeria asporto» → tripadvisor, facebook Pizzadream39, cosaordino, restaurantguru e una pagina generata su restaurants-us.com: nessun dominio suo. Profilo aperto il 9/9: nessun link in bio [verifica-sito] motori «""Pizza Dream"" Valmadrera»: 0 risultati · domini: nessuno risponde",2026-09-09,,"Buongiorno, sono Patrick Sappa. Ho una piccola software house a Seveso, DenkiCode.

Le scrivo perché ho guardato il profilo di Pizza Dream e su Google non compare un suo sito: c'è Instagram, ci sono le schede degli altri, ma un sito suo no.

Le sue foto erano già metà del lavoro: l'altra metà l'ho fatta io. La bozza del suo sito è già pronta, con le sue immagini e il suo nome. Non deve scrivere niente e non deve mandarmi niente.

Gliela mando qui, la guarda con calma, e se non le piace me lo dice e non ci sentiamo più. Non le costa un euro e non la impegna a niente.

Sul costo non le faccio girare la testa: se poi decidesse di metterlo online si parla di poche centinaia di euro una volta, non di migliaia, più una quota annuale per tenerlo attivo. Il numero preciso glielo faccio solo se la cosa le interessa davvero.

Gliela mando?","Via Manzoni 39, Valmadrera · 0341 321960. Asporto e consegna a Valmadrera, Civate e Malgrate; 4,5 su Google.",2026-09-09-instagram-ristorazione-va-co-lc-bg.csv,,,
@semaforo13_,Semaforo 13,Valmadrera (LC),Pizzeria/rosticceria,527,1,"cercato «""Semaforo 13"" OR ""Piccolo Angolo Calabrese"" Valmadrera pizzeria rosticceria» → facebook, justeat, restaurantguru, reteimprese, registroaziende e una pagina generata su restaurants-world.net: nessun dominio suo. Profilo aperto il 9/9: nessun link in bio [verifica-sito] motori «""Semaforo 13"" Valmadrera»: 0 risultati · domini: nessuno risponde",2026-09-09,,"Buongiorno, sono Patrick Sappa. Ho una piccola software house a Seveso, DenkiCode.

Le scrivo perché ho guardato il profilo di Semaforo 13 e su Google non compare un suo sito: c'è Instagram, ci sono le schede degli altri, ma un sito suo no.

Le sue foto erano già metà del lavoro: l'altra metà l'ho fatta io. La bozza del suo sito è già pronta, con le sue immagini e il suo nome. Non deve scrivere niente e non deve mandarmi niente.

Gliela mando qui, la guarda con calma, e se non le piace me lo dice e non ci sentiamo più. Non le costa un euro e non la impegna a niente.

Sul costo non le faccio girare la testa: se poi decidesse di metterlo online si parla di poche centinaia di euro una volta, non di migliaia, più una quota annuale per tenerlo attivo. Il numero preciso glielo faccio solo se la cosa le interessa davvero.

Gliela mando?","Via San Giuseppe 57, Valmadrera · 333 8840912. «Il piccolo angolo calabrese», asporto e domicilio, 4,8 su Restaurant Guru.",2026-09-09-instagram-ristorazione-va-co-lc-bg.csv,,,
@alverde_mandello,Al Verde albergo e ristorante,Mandello del Lario (LC),Ristorante/albergo,1181,1,"cercato «""Al Verde"" albergo ristorante Mandello del Lario» → tripadvisor, booking, comune.mandello, matrimonio.com, visitmandello e portali tipo comolake-hotels.com: solo OTA e portali, nessun dominio suo. Profilo aperto il 9/9: nessun link in bio [verifica-sito] motori «""Al Verde albergo e ristorante"" Mandello del Lario»: 0 risultati · domini: nessuno risponde",2026-09-09,,"Buongiorno, sono Patrick Sappa. Ho una piccola software house a Seveso, DenkiCode.

Le scrivo perché ho guardato il profilo di Al Verde albergo e ristorante e su Google non compare un suo sito: c'è Instagram, ci sono le schede degli altri, ma un sito suo no.

Le sue foto erano già metà del lavoro: l'altra metà l'ho fatta io. La bozza del suo sito è già pronta, con le sue immagini e il suo nome. Non deve scrivere niente e non deve mandarmi niente.

Gliela mando qui, la guarda con calma, e se non le piace me lo dice e non ci sentiamo più. Non le costa un euro e non la impegna a niente.

Sul costo non le faccio girare la testa: se poi decidesse di metterlo online si parla di poche centinaia di euro una volta, non di migliaia, più una quota annuale per tenerlo attivo. Il numero preciso glielo faccio solo se la cosa le interessa davvero.

Gliela mando?","Via Segantini 28, Mandello del Lario · 0341 735104. Albergo di 13 camere con ristorante, vicino al museo Guzzi. Presente solo sui portali.",2026-09-09-instagram-ristorazione-va-co-lc-bg.csv,,,
@osteriadeibulli,Osteria dei Bulli,Casatenovo (LC),Ristorante/pizzeria,12000,1,"cercato «""Osteria dei Bulli"" Casatenovo cucina romana» → tripadvisor, facebook, sluurpy, i-migliori-ristoranti, restaurantguru, wheree e due pagine su piattaforme: osteriadeibulli27.wixsite.com (404 il 9/9) e goto-restaurants.com: nessun dominio suo. Profilo aperto il 9/9: nessun link in bio [verifica-sito] motori «""Osteria dei Bulli"" Casatenovo»: 0 risultati · domini: nessuno risponde",2026-09-09,,"Buongiorno, sono Patrick Sappa. Ho una piccola software house a Seveso, DenkiCode.

Le scrivo perché ho guardato il profilo di Osteria dei Bulli e su Google non compare un suo sito: c'è Instagram, ci sono le schede degli altri, ma un sito suo no.

Le sue foto erano già metà del lavoro: l'altra metà l'ho fatta io. La bozza del suo sito è già pronta, con le sue immagini e il suo nome. Non deve scrivere niente e non deve mandarmi niente.

Gliela mando qui, la guarda con calma, e se non le piace me lo dice e non ci sentiamo più. Non le costa un euro e non la impegna a niente.

Sul costo non le faccio girare la testa: se poi decidesse di metterlo online si parla di poche centinaia di euro una volta, non di migliaia, più una quota annuale per tenerlo attivo. Il numero preciso glielo faccio solo se la cosa le interessa davvero.

Gliela mando?","Via Dante 24, Casatenovo (Cassina de' Bracchi). Cucina romana dei fratelli Davide e Simone, dal 2022, sempre pieno. 12.000 follower: il profilo grosso senza sito.",2026-09-09-instagram-ristorazione-va-co-lc-bg.csv,,,
@pizzeria_l_oasi,Pizzeria L'Oasi,Calolziocorte (LC),Pizzeria,314,1,"cercato «""L'Oasi"" pizzeria Calolziocorte via Calvi» → tripadvisor, paginebianche, sluurpy, ristorantesacroeprofano, piatti.menu, paginegialle, restaurantguru: nessun dominio suo. Profilo aperto il 9/9: nessun link in bio [verifica-sito] motori «""Pizzeria L'Oasi"" Calolziocorte»: 0 risultati · domini: nessuno risponde",2026-09-09,,"Buongiorno, sono Patrick Sappa. Ho una piccola software house a Seveso, DenkiCode.

Le scrivo perché ho guardato il profilo di Pizzeria L'Oasi e su Google non compare un suo sito: c'è Instagram, ci sono le schede degli altri, ma un sito suo no.

Le sue foto erano già metà del lavoro: l'altra metà l'ho fatta io. La bozza del suo sito è già pronta, con le sue immagini e il suo nome. Non deve scrivere niente e non deve mandarmi niente.

Gliela mando qui, la guarda con calma, e se non le piace me lo dice e non ci sentiamo più. Non le costa un euro e non la impegna a niente.

Sul costo non le faccio girare la testa: se poi decidesse di metterlo online si parla di poche centinaia di euro una volta, non di migliaia, più una quota annuale per tenerlo attivo. Il numero preciso glielo faccio solo se la cosa le interessa davvero.

Gliela mando?","Via Fratelli Calvi 75, Calolziocorte · 0341 630905. 186 recensioni a 4,5 su Google, chiuso lunedì e domenica a pranzo.",2026-09-09-instagram-ristorazione-va-co-lc-bg.csv,,,
@serendipitycocktails,Serendipity Cocktails & Food,Brivio (LC),Lounge bar/pizzeria,3252,1,"cercato «""Serendipity"" cocktail bar Brivio pizzeria» → facebook, apetime, dovemangiare24, garlini.it, cylex, restaurantguru: nessun dominio suo. Profilo aperto il 9/9: il link in bio è un menù digitale su qrtonic.it [verifica-sito] motori «""Serendipity Cocktails & Food"" Brivio»: 0 risultati · domini: nessuno risponde",2026-09-09,,"Buongiorno, sono Patrick Sappa. Ho una piccola software house a Seveso, DenkiCode.

Le scrivo perché ho guardato il profilo di Serendipity Cocktails & Food e su Google non compare un suo sito: c'è Instagram, ci sono le schede degli altri, ma un sito suo no.

Le sue foto erano già metà del lavoro: l'altra metà l'ho fatta io. La bozza del suo sito è già pronta, con le sue immagini e il suo nome. Non deve scrivere niente e non deve mandarmi niente.

Gliela mando qui, la guarda con calma, e se non le piace me lo dice e non ci sentiamo più. Non le costa un euro e non la impegna a niente.

Sul costo non le faccio girare la testa: se poi decidesse di metterlo online si parla di poche centinaia di euro una volta, non di migliaia, più una quota annuale per tenerlo attivo. Il numero preciso glielo faccio solo se la cosa le interessa davvero.

Gliela mando?","Via Fossa Castello 8, Brivio. Lounge bar, colazioni, aperitivi, pizzeria, eventi privati; chiuso giovedì. 4,3 su Restaurant Guru.",2026-09-09-instagram-ristorazione-va-co-lc-bg.csv,,,
@grano_86,Grano 86,Brivio (LC),Pizzeria,1358,1,"cercato «""Grano 86"" pizzeria Beverate Brivio» → facebook, tripadvisor, restaurantguru, mymenuweb, paginegialle, menuweb e una pagina generata su menu-world.com: nessun dominio suo. Profilo aperto il 9/9: nessun link in bio [verifica-sito] motori «""Grano 86"" Brivio»: 0 risultati · domini: nessuno risponde",2026-09-09,,"Buongiorno, sono Patrick Sappa. Ho una piccola software house a Seveso, DenkiCode.

Le scrivo perché ho guardato il profilo di Grano 86 e su Google non compare un suo sito: c'è Instagram, ci sono le schede degli altri, ma un sito suo no.

Le sue foto erano già metà del lavoro: l'altra metà l'ho fatta io. La bozza del suo sito è già pronta, con le sue immagini e il suo nome. Non deve scrivere niente e non deve mandarmi niente.

Gliela mando qui, la guarda con calma, e se non le piace me lo dice e non ci sentiamo più. Non le costa un euro e non la impegna a niente.

Sul costo non le faccio girare la testa: se poi decidesse di metterlo online si parla di poche centinaia di euro una volta, non di migliaia, più una quota annuale per tenerlo attivo. Il numero preciso glielo faccio solo se la cosa le interessa davvero.

Gliela mando?","Via Prinetti 11, Beverate di Brivio · 039 5320063. Asporto con posti a sedere, impasti al mais blu e integrale, 4,7 su Google.",2026-09-09-instagram-ristorazione-va-co-lc-bg.csv,,,
@gelaterialavogliamatta_merate,Gelateria La Voglia Matta,Merate (LC),Gelateria/pasticceria,387,1,"cercato «""La Voglia Matta"" gelateria Merate 2007» → facebook, virgilio, paginebianche, sluurpy, reteimprese, paginegialle, piatti.menu e una pagina generata su goto-where.com: nessun dominio suo. Profilo aperto il 9/9: nessun link in bio [verifica-sito] motori «""Gelateria La Voglia Matta"" Merate»: 0 risultati · domini: nessuno risponde",2026-09-09,,"Buongiorno, sono Patrick Sappa. Ho una piccola software house a Seveso, DenkiCode.

Le scrivo perché ho guardato il profilo di Gelateria La Voglia Matta e su Google non compare un suo sito: c'è Instagram, ci sono le schede degli altri, ma un sito suo no.

Le sue foto erano già metà del lavoro: l'altra metà l'ho fatta io. La bozza del suo sito è già pronta, con le sue immagini e il suo nome. Non deve scrivere niente e non deve mandarmi niente.

Gliela mando qui, la guarda con calma, e se non le piace me lo dice e non ci sentiamo più. Non le costa un euro e non la impegna a niente.

Sul costo non le faccio girare la testa: se poi decidesse di metterlo online si parla di poche centinaia di euro una volta, non di migliaia, più una quota annuale per tenerlo attivo. Il numero preciso glielo faccio solo se la cosa le interessa davvero.

Gliela mando?","Via Bergamo 39, Merate · 039 5969569. Gelateria, pasticceria e caffetteria siciliana dal 2007.",2026-09-09-instagram-ristorazione-va-co-lc-bg.csv,,,
@pasticceria_gelateria_cris,Pasticceria Gelateria Cris,Calolziocorte (LC),Pasticceria/gelateria,694,1,"cercato «""Cristina Valsecchi"" pasticceria gelateria Calolziocorte Corso Dante» → yelp, paginegialle, coobiz, rigagialla: nessun dominio suo. Profilo aperto il 9/9: nessun link in bio [verifica-sito] motori «""Pasticceria Gelateria Cris"" Calolziocorte»: 0 risultati · domini: nessuno risponde",2026-09-09,,"Buongiorno, sono Patrick Sappa. Ho una piccola software house a Seveso, DenkiCode.

Le scrivo perché ho guardato il profilo di Pasticceria Gelateria Cris e su Google non compare un suo sito: c'è Instagram, ci sono le schede degli altri, ma un sito suo no.

Le sue foto erano già metà del lavoro: l'altra metà l'ho fatta io. La bozza del suo sito è già pronta, con le sue immagini e il suo nome. Non deve scrivere niente e non deve mandarmi niente.

Gliela mando qui, la guarda con calma, e se non le piace me lo dice e non ci sentiamo più. Non le costa un euro e non la impegna a niente.

Sul costo non le faccio girare la testa: se poi decidesse di metterlo online si parla di poche centinaia di euro una volta, non di migliaia, più una quota annuale per tenerlo attivo. Il numero preciso glielo faccio solo se la cosa le interessa davvero.

Gliela mando?","Corso Dante 21/1, Calolziocorte · 0341 641480 · WhatsApp 333 2802742. Pasticceria artigianale con consegna a domicilio, chiusa lunedì.",2026-09-09-instagram-ristorazione-va-co-lc-bg.csv,,,
@excaliburbargelateria,Excalibur bar gelateria,Cesana Brianza (LC),Bar/gelateria,2949,1,"cercato «""Excalibur"" bar gelateria Cesana Brianza» → mindtrip, tripadvisor, facebook Excaliburgelateria, abillion, yelp, restaurantguru: nessun dominio suo. Profilo aperto il 9/9: nessun link in bio [verifica-sito] motori «""Excalibur bar gelateria"" Cesana Brianza»: 0 risultati · domini: nessuno risponde",2026-09-09,,"Buongiorno, sono Patrick Sappa. Ho una piccola software house a Seveso, DenkiCode.

Le scrivo perché ho guardato il profilo di Excalibur bar gelateria e su Google non compare un suo sito: c'è Instagram, ci sono le schede degli altri, ma un sito suo no.

Le sue foto erano già metà del lavoro: l'altra metà l'ho fatta io. La bozza del suo sito è già pronta, con le sue immagini e il suo nome. Non deve scrivere niente e non deve mandarmi niente.

Gliela mando qui, la guarda con calma, e se non le piace me lo dice e non ci sentiamo più. Non le costa un euro e non la impegna a niente.

Sul costo non le faccio girare la testa: se poi decidesse di metterlo online si parla di poche centinaia di euro una volta, non di migliaia, più una quota annuale per tenerlo attivo. Il numero preciso glielo faccio solo se la cosa le interessa davvero.

Gliela mando?","Via De Gasperi 43, Cesana Brianza. Da oltre 30 anni, Champion's Gelaterie, 3.983 recensioni a 4,8 su Restaurant Guru.",2026-09-09-instagram-ristorazione-va-co-lc-bg.csv,,,
@pasticceria.ofelee.merate,Pasticceria & Caffetteria L'Ôfelee,Merate (LC),Pasticceria,1963,1,"cercato «""L'Ofelee"" pasticceria caffetteria Merate» → virgilio, facebook, paginebianche, elenchitelefonici, tastemood, animenascoste, paginegialle, restaurantguru: nessun dominio suo. Profilo aperto il 9/9: il link in bio è la pagina Facebook [verifica-sito] motori «""Pasticceria & Caffetteria L'Ôfelee"" Merate»: 0 risultati · domini: nessuno risponde",2026-09-09,,"Buongiorno, sono Patrick Sappa. Ho una piccola software house a Seveso, DenkiCode.

Le scrivo perché ho guardato il profilo di Pasticceria & Caffetteria L'Ôfelee e su Google non compare un suo sito: c'è Instagram, ci sono le schede degli altri, ma un sito suo no.

Le sue foto erano già metà del lavoro: l'altra metà l'ho fatta io. La bozza del suo sito è già pronta, con le sue immagini e il suo nome. Non deve scrivere niente e non deve mandarmi niente.

Gliela mando qui, la guarda con calma, e se non le piace me lo dice e non ci sentiamo più. Non le costa un euro e non la impegna a niente.

Sul costo non le faccio girare la testa: se poi decidesse di metterlo online si parla di poche centinaia di euro una volta, non di migliaia, più una quota annuale per tenerlo attivo. Il numero preciso glielo faccio solo se la cosa le interessa davvero.

Gliela mando?","Via Padre Arlati 2, Merate · 039 9900514. Silvia e Alessandro, pasticceria artigianale, 180 recensioni a 4,7 su Google.",2026-09-09-instagram-ristorazione-va-co-lc-bg.csv,,,
@pizzeriasmilecosta,Pizzeria Smile,Costa Masnaga (LC),Pizzeria,515,1,"cercato «""Pizzeria Smile"" Costa Masnaga via Puccini» → untappd, tripadvisor, sluurpy, facebook, tuttocittà, pizzerievicinoame, oraridiapertura24, restaurantguru: nessun dominio suo. Profilo aperto il 9/9: nessun link in bio [verifica-sito] motori «""Pizzeria Smile"" Costa Masnaga»: 0 risultati · domini: pizzeria-smile.it (vivo, indovinato: Pizzeria Smile - Genova - Pizza) · [letto a mano 9/9] pizzeria-smile.it non è di Costa Masnaga: nella pagina non ci sono né il telefono 031 856264 né il comune; resta gancio 1",2026-09-09,,"Buongiorno, sono Patrick Sappa. Ho una piccola software house a Seveso, DenkiCode.

Le scrivo perché ho guardato il profilo di Pizzeria Smile e su Google non compare un suo sito: c'è Instagram, ci sono le schede degli altri, ma un sito suo no.

Le sue foto erano già metà del lavoro: l'altra metà l'ho fatta io. La bozza del suo sito è già pronta, con le sue immagini e il suo nome. Non deve scrivere niente e non deve mandarmi niente.

Gliela mando qui, la guarda con calma, e se non le piace me lo dice e non ci sentiamo più. Non le costa un euro e non la impegna a niente.

Sul costo non le faccio girare la testa: se poi decidesse di metterlo online si parla di poche centinaia di euro una volta, non di migliaia, più una quota annuale per tenerlo attivo. Il numero preciso glielo faccio solo se la cosa le interessa davvero.

Gliela mando?","Via Puccini 44, Costa Masnaga · 031 856264. Asporto, 4,6 su Restaurant Guru, chiuso lunedì e domenica a pranzo.",2026-09-09-instagram-ristorazione-va-co-lc-bg.csv,,,
@pizzeria_assaje_bergamo,Pizzeria Assaje,Bergamo (BG),Pizzeria,4861,1,"cercato «""Assaje"" pizzeria Bergamo» → gigigriffis, tripadvisor, weekendbergamo, gluto, safarway, restaurantguru, piatti.menu, ibnbattutatravel: nessun dominio suo. Profilo aperto il 9/9: nessun link in bio [verifica-sito] motori «""Pizzeria Assaje"" Bergamo»: 0 risultati · domini: pizzeria-assaje.it (vivo, indovinato: Pizzeria Tropp' Assaje - Pizzeria napoletana a Alessandria) · [letto a mano 9/9] pizzeria-assaje.it è Tropp' Assaje di Alessandria, omonimo; resta gancio 1",2026-09-09,,"Buongiorno, sono Patrick Sappa. Ho una piccola software house a Seveso, DenkiCode.

Le scrivo perché ho guardato il profilo di Pizzeria Assaje e su Google non compare un suo sito: c'è Instagram, ci sono le schede degli altri, ma un sito suo no.

Le sue foto erano già metà del lavoro: l'altra metà l'ho fatta io. La bozza del suo sito è già pronta, con le sue immagini e il suo nome. Non deve scrivere niente e non deve mandarmi niente.

Gliela mando qui, la guarda con calma, e se non le piace me lo dice e non ci sentiamo più. Non le costa un euro e non la impegna a niente.

Sul costo non le faccio girare la testa: se poi decidesse di metterlo online si parla di poche centinaia di euro una volta, non di migliaia, più una quota annuale per tenerlo attivo. Il numero preciso glielo faccio solo se la cosa le interessa davvero.

Gliela mando?","Largo di Porta S. Alessandro 1, Bergamo Alta · 035 256383. Pizza napoletana gourmet, chiuso martedì. 4.861 follower.",2026-09-09-instagram-ristorazione-va-co-lc-bg.csv,,,
@cherubinogelato,Gelateria Cherubino,Bergamo (BG),Gelateria,423,1,"cercato «""Cherubino"" gelateria Bergamo Alta» → tripadvisor, abillion, wanderlog, yelp, restaurantguru: nessun dominio suo. Profilo aperto il 9/9: nessun link in bio [verifica-sito] motori «""Gelateria Cherubino"" Bergamo»: 0 risultati · domini: nessuno risponde",2026-09-09,,"Buongiorno, sono Patrick Sappa. Ho una piccola software house a Seveso, DenkiCode.

Le scrivo perché ho guardato il profilo di Gelateria Cherubino e su Google non compare un suo sito: c'è Instagram, ci sono le schede degli altri, ma un sito suo no.

Le sue foto erano già metà del lavoro: l'altra metà l'ho fatta io. La bozza del suo sito è già pronta, con le sue immagini e il suo nome. Non deve scrivere niente e non deve mandarmi niente.

Gliela mando qui, la guarda con calma, e se non le piace me lo dice e non ci sentiamo più. Non le costa un euro e non la impegna a niente.

Sul costo non le faccio girare la testa: se poi decidesse di metterlo online si parla di poche centinaia di euro una volta, non di migliaia, più una quota annuale per tenerlo attivo. Il numero preciso glielo faccio solo se la cosa le interessa davvero.

Gliela mando?","Via Colleoni 40/B, Bergamo Alta. Aperta tutti i giorni 10.30-22.30, crêpes e cioccolata d'inverno.",2026-09-09-instagram-ristorazione-va-co-lc-bg.csv,,,
@gelatoalquadrato,Gelato al Quadrato,Bergamo (BG),Gelateria,10000,1,"cercato «""Gelato al Quadrato"" Bergamo» → apple maps, atly, happycow, findmeglutenfree, tripadvisor, gluto, restaurantguru: nessun dominio suo. Profilo aperto il 9/9: nessun link in bio (parla di un'app, ma il link non c'è) [verifica-sito] motori «""Gelato al Quadrato"" Bergamo»: 0 risultati · domini: nessuno risponde",2026-09-09,,"Buongiorno, sono Patrick Sappa. Ho una piccola software house a Seveso, DenkiCode.

Le scrivo perché ho guardato il profilo di Gelato al Quadrato e su Google non compare un suo sito: c'è Instagram, ci sono le schede degli altri, ma un sito suo no.

Le sue foto erano già metà del lavoro: l'altra metà l'ho fatta io. La bozza del suo sito è già pronta, con le sue immagini e il suo nome. Non deve scrivere niente e non deve mandarmi niente.

Gliela mando qui, la guarda con calma, e se non le piace me lo dice e non ci sentiamo più. Non le costa un euro e non la impegna a niente.

Sul costo non le faccio girare la testa: se poi decidesse di metterlo online si parla di poche centinaia di euro una volta, non di migliaia, più una quota annuale per tenerlo attivo. Il numero preciso glielo faccio solo se la cosa le interessa davvero.

Gliela mando?","Via Tasso, Bergamo. Gelato senza glutine, senza lattosio e vegano, cassa self; aperta 17-01. 10.000 follower senza un sito.",2026-09-09-instagram-ristorazione-va-co-lc-bg.csv,,2026-09-11,
@gelateriagemma,Gelateria Gemma dal 1970,Bergamo (BG),Gelateria,1422,1,"cercato «""Gelateria Gemma"" Bergamo Borgo Palazzo 1970» → mindtrip, facebook, tripadvisor, abillion, wanderlog, nuovaopinione: nessun dominio suo. Profilo aperto il 9/9: nessun link in bio [verifica-sito] motori «""Gelateria Gemma dal 1970"" Bergamo»: 0 risultati · domini: nessuno risponde",2026-09-09,,"Buongiorno, sono Patrick Sappa. Ho una piccola software house a Seveso, DenkiCode.

Le scrivo perché ho guardato il profilo di Gelateria Gemma dal 1970 e su Google non compare un suo sito: c'è Instagram, ci sono le schede degli altri, ma un sito suo no.

Le sue foto erano già metà del lavoro: l'altra metà l'ho fatta io. La bozza del suo sito è già pronta, con le sue immagini e il suo nome. Non deve scrivere niente e non deve mandarmi niente.

Gliela mando qui, la guarda con calma, e se non le piace me lo dice e non ci sentiamo più. Non le costa un euro e non la impegna a niente.

Sul costo non le faccio girare la testa: se poi decidesse di metterlo online si parla di poche centinaia di euro una volta, non di migliaia, più una quota annuale per tenerlo attivo. Il numero preciso glielo faccio solo se la cosa le interessa davvero.

Gliela mando?","Via Borgo Palazzo 90, Bergamo · 035 235653. Dal 1970, 7 su 7 fino alle 23.25, oltre 3.000 recensioni a 4,5.",2026-09-09-instagram-ristorazione-va-co-lc-bg.csv,,,
@gelateria.verderosa,Gelateria Verderosa,Bergamo (BG),Gelateria,1658,1,"cercato «""Verderosa"" gelateria Bergamo» → facebook, happycow, camera di commercio (bg.camcom), tripadvisor, sluurpy, glovo, ilmadeinbergamo, reteimpresestoriche e la scheda del progetto grafico su raso.design: nessun dominio suo. Profilo aperto il 9/9: nessun link in bio [verifica-sito] motori «""Gelateria Verderosa"" Bergamo»: 0 risultati · domini: verderosa.it (vivo, indovinato: HOME - VERDEROSA studio | architetture, paesi, paesaggi) · [letto a mano 9/9] verderosa.it è VERDEROSA studio, architettura e paesaggio, non la gelateria; resta gancio 1",2026-09-09,,"Buongiorno, sono Patrick Sappa. Ho una piccola software house a Seveso, DenkiCode.

Le scrivo perché ho guardato il profilo di Gelateria Verderosa e su Google non compare un suo sito: c'è Instagram, ci sono le schede degli altri, ma un sito suo no.

Le sue foto erano già metà del lavoro: l'altra metà l'ho fatta io. La bozza del suo sito è già pronta, con le sue immagini e il suo nome. Non deve scrivere niente e non deve mandarmi niente.

Gliela mando qui, la guarda con calma, e se non le piace me lo dice e non ci sentiamo più. Non le costa un euro e non la impegna a niente.

Sul costo non le faccio girare la testa: se poi decidesse di metterlo online si parla di poche centinaia di euro una volta, non di migliaia, più una quota annuale per tenerlo attivo. Il numero preciso glielo faccio solo se la cosa le interessa davvero.

Gliela mando?","Via Cesare Battisti 1D, Bergamo. Dal 1990, famiglia Bellelli, due coni Gambero Rosso, aperta 7/7. Il logo l'ha fatto uno studio (Raso Design): il sito no.",2026-09-09-instagram-ristorazione-va-co-lc-bg.csv,,,
@pizzeriatrevi_treviglio,Pizzeria Trevi,Treviglio (BG),Pizzeria,398,1,"cercato «""Pizzeria Trevi"" Treviglio asporto» → facebook, tripadvisor, paginebianche, sluurpy, treviglioincentro, piatti.menu, paginegialle: nessun dominio suo. Profilo aperto il 9/9: nessun link in bio [verifica-sito] motori «""Pizzeria Trevi"" Treviglio»: ricerca fallita (ddg 403, brave HTTP Error 429: Too Many Requests) · domini: nessuno risponde",2026-09-09,,"Buongiorno, sono Patrick Sappa. Ho una piccola software house a Seveso, DenkiCode.

Le scrivo perché ho guardato il profilo di Pizzeria Trevi e su Google non compare un suo sito: c'è Instagram, ci sono le schede degli altri, ma un sito suo no.

Le sue foto erano già metà del lavoro: l'altra metà l'ho fatta io. La bozza del suo sito è già pronta, con le sue immagini e il suo nome. Non deve scrivere niente e non deve mandarmi niente.

Gliela mando qui, la guarda con calma, e se non le piace me lo dice e non ci sentiamo più. Non le costa un euro e non la impegna a niente.

Sul costo non le faccio girare la testa: se poi decidesse di metterlo online si parla di poche centinaia di euro una volta, non di migliaia, più una quota annuale per tenerlo attivo. Il numero preciso glielo faccio solo se la cosa le interessa davvero.

Gliela mando?","Via Tasso 12, Treviglio · 334 5725638. Asporto e domicilio, forno a legna, pizza al metro. Chiuso martedì.",2026-09-09-instagram-ristorazione-va-co-lc-bg.csv,,,
@osarracino_pizzeria,Pizzeria O' Sarracino,Treviglio (BG),Pizzeria,2359,5,"cercato «""Osarracino"" pizzeria Treviglio» → deliveroo (vicolo Poggetto 2/a), restaurantguru, una pagina su sites.google.com/view/pizzeria-osarracino e un secondo profilo @pizzeria_osarracino: nessun dominio suo. Profilo aperto il 9/9: nessun link in bio, nessun indirizzo [verifica-sito] motori «""Pizzeria O' Sarracino"" Treviglio»: ricerca fallita (brave HTTP Error 429: Too Many Requests) · domini: nessuno risponde",2026-09-09,,"Buongiorno, sono Patrick Sappa. Ho una piccola software house a Seveso, DenkiCode.

Le scrivo perché ho guardato il profilo di Pizzeria O' Sarracino e quello che ha non è un sito suo: è una pagina su Google Sites.

Le sue foto erano già metà del lavoro: l'altra metà l'ho fatta io. La bozza del suo sito è già pronta, con le sue immagini e il suo nome. Non deve scrivere niente e non deve mandarmi niente.

Gliela mando qui, la guarda con calma, e se non le piace me lo dice e non ci sentiamo più. Non le costa un euro e non la impegna a niente.

Sul costo non le faccio girare la testa: se poi decidesse di metterlo online si parla di poche centinaia di euro una volta, non di migliaia, più una quota annuale per tenerlo attivo. Il numero preciso glielo faccio solo se la cosa le interessa davvero.

Gliela mando?","Vicolo Poggetto 2/a, Treviglio (da Deliveroo) · 393 0999771. Pizza napoletana; 2,6 su Restaurant Guru con 129 recensioni. Esiste anche @pizzeria_osarracino: scrivere solo a questo.",2026-09-09-instagram-ristorazione-va-co-lc-bg.csv,,,
@pizzeriadalinoseriate,Pizzeria Da Lino,Seriate (BG),Pizzeria,5134,5,"cercato «""Da Lino"" pizzeria Seriate 1987 trancio» → mindtrip, facebook, tripadvisor, altraopinione, restaurantguru, wheree e pizzeria-da-lino.res-menu.net, la piattaforma dei menù: nessun dominio suo. Profilo aperto il 9/9: la bio dice «ordina dal link» ma il profilo non espone nessun sito proprio [verifica-sito] motori «""Pizzeria Da Lino"" Seriate»: ricerca fallita (brave HTTP Error 429: Too Many Requests) · domini: nessuno risponde",2026-09-09,,"Buongiorno, sono Patrick Sappa. Ho una piccola software house a Seveso, DenkiCode.

Le scrivo perché ho guardato il profilo di Pizzeria Da Lino e quello che ha non è un sito suo: è una pagina su res-menu.

Le sue foto erano già metà del lavoro: l'altra metà l'ho fatta io. La bozza del suo sito è già pronta, con le sue immagini e il suo nome. Non deve scrivere niente e non deve mandarmi niente.

Gliela mando qui, la guarda con calma, e se non le piace me lo dice e non ci sentiamo più. Non le costa un euro e non la impegna a niente.

Sul costo non le faccio girare la testa: se poi decidesse di metterlo online si parla di poche centinaia di euro una volta, non di migliaia, più una quota annuale per tenerlo attivo. Il numero preciso glielo faccio solo se la cosa le interessa davvero.

Gliela mando?","Via Italia, Seriate · 035 299877. Dal 1987 pizza al trancio, restyling 2020, 5.134 follower. Quello che ha online è la pagina res-menu.",2026-09-09-instagram-ristorazione-va-co-lc-bg.csv,,,
@pizzeriaquick_,Pizzeria Quick,Dalmine (BG),Pizzeria,241,1,"cercato «""Pizzeria Quick"" Dalmine via Orti» → foursquare e poco altro: nessun dominio suo. Profilo aperto il 9/9: nessun link in bio [verifica-sito] motori «""Pizzeria Quick"" Dalmine»: ricerca fallita (brave HTTP Error 429: Too Many Requests) · domini: nessuno risponde",2026-09-09,,"Buongiorno, sono Patrick Sappa. Ho una piccola software house a Seveso, DenkiCode.

Le scrivo perché ho guardato il profilo di Pizzeria Quick e su Google non compare un suo sito: c'è Instagram, ci sono le schede degli altri, ma un sito suo no.

Le sue foto erano già metà del lavoro: l'altra metà l'ho fatta io. La bozza del suo sito è già pronta, con le sue immagini e il suo nome. Non deve scrivere niente e non deve mandarmi niente.

Gliela mando qui, la guarda con calma, e se non le piace me lo dice e non ci sentiamo più. Non le costa un euro e non la impegna a niente.

Sul costo non le faccio girare la testa: se poi decidesse di metterlo online si parla di poche centinaia di euro una volta, non di migliaia, più una quota annuale per tenerlo attivo. Il numero preciso glielo faccio solo se la cosa le interessa davvero.

Gliela mando?","Via Orti 20, Mariano di Dalmine · 035 500388. Asporto con forno a legna, consegna a Dalmine, Mariano, Brembo, Sforzatica, Sabbio, Osio Sopra. ⚠ 241 follower.",2026-09-09-instagram-ristorazione-va-co-lc-bg.csv,,,
@ilfornodelloste,Il Forno dell'Oste,Seriate (BG),Osteria/pizzeria,1634,1,"cercato «""Il Forno dell'Oste"" Seriate osteria pizzeria» → ecodibergamo, facebook, thefork, tripadvisor, sluurpy, paginebianche, paginegialle: nessun dominio suo. Profilo aperto il 9/9: il link in bio è la pagina di prenotazione su plateform.app [verifica-sito] motori «""Il Forno dell'Oste"" Seriate»: ricerca fallita (brave HTTP Error 429: Too Many Requests) · domini: nessuno risponde",2026-09-09,,"Buongiorno, sono Patrick Sappa. Ho una piccola software house a Seveso, DenkiCode.

Le scrivo perché ho guardato il profilo di Il Forno dell'Oste e su Google non compare un suo sito: c'è Instagram, ci sono le schede degli altri, ma un sito suo no.

Le sue foto erano già metà del lavoro: l'altra metà l'ho fatta io. La bozza del suo sito è già pronta, con le sue immagini e il suo nome. Non deve scrivere niente e non deve mandarmi niente.

Gliela mando qui, la guarda con calma, e se non le piace me lo dice e non ci sentiamo più. Non le costa un euro e non la impegna a niente.

Sul costo non le faccio girare la testa: se poi decidesse di metterlo online si parla di poche centinaia di euro una volta, non di migliaia, più una quota annuale per tenerlo attivo. Il numero preciso glielo faccio solo se la cosa le interessa davvero.

Gliela mando?","Piazzale dei Caduti 12, Seriate · 035 291097. Clara e Ivan, tre impasti, pizze gourmet; prenota via Plateform. Nessun sito.",2026-09-09-instagram-ristorazione-va-co-lc-bg.csv,,,
@ristoranteparsifal,Ristorante Pizzeria Parsifal,Treviolo (BG),Ristorante/pizzeria,651,1,"cercato «""Parsifal"" ristorante pizzeria Treviolo Curnasco 1987» → tripadvisor, sluurpy, leggimenu (menù digitale), paginegialle, piatti.menu, ristorante24: nessun dominio suo. Profilo aperto il 9/9: nessun link in bio [verifica-sito] motori «""Ristorante Pizzeria Parsifal"" Treviolo»: ricerca fallita (brave HTTP Error 429: Too Many Requests) · domini: nessuno risponde",2026-09-09,,"Buongiorno, sono Patrick Sappa. Ho una piccola software house a Seveso, DenkiCode.

Le scrivo perché ho guardato il profilo di Ristorante Pizzeria Parsifal e su Google non compare un suo sito: c'è Instagram, ci sono le schede degli altri, ma un sito suo no.

Le sue foto erano già metà del lavoro: l'altra metà l'ho fatta io. La bozza del suo sito è già pronta, con le sue immagini e il suo nome. Non deve scrivere niente e non deve mandarmi niente.

Gliela mando qui, la guarda con calma, e se non le piace me lo dice e non ci sentiamo più. Non le costa un euro e non la impegna a niente.

Sul costo non le faccio girare la testa: se poi decidesse di metterlo online si parla di poche centinaia di euro una volta, non di migliaia, più una quota annuale per tenerlo attivo. Il numero preciso glielo faccio solo se la cosa le interessa davvero.

Gliela mando?","Via Bergamo 17, Curnasco di Treviolo · 035 691578. Dal 1987, pesce e pizza al metro, anche asporto.",2026-09-09-instagram-ristorazione-va-co-lc-bg.csv,,,
@passione_in_corte,Passione in Corte,Treviolo (BG),Ristorante/pizzeria,742,1,"cercato «""Passione in Corte"" Treviolo ristorante pizzeria via Roma» → mapstr, restaurantguru, wanderboat, mymenuweb, lacaseranevegal e una pagina generata su menufyy: nessun dominio suo. Profilo aperto il 9/9: nessun link in bio [verifica-sito] motori «""Passione in Corte"" Treviolo»: ricerca fallita (brave HTTP Error 429: Too Many Requests) · domini: nessuno risponde",2026-09-09,,"Buongiorno, sono Patrick Sappa. Ho una piccola software house a Seveso, DenkiCode.

Le scrivo perché ho guardato il profilo di Passione in Corte e su Google non compare un suo sito: c'è Instagram, ci sono le schede degli altri, ma un sito suo no.

Le sue foto erano già metà del lavoro: l'altra metà l'ho fatta io. La bozza del suo sito è già pronta, con le sue immagini e il suo nome. Non deve scrivere niente e non deve mandarmi niente.

Gliela mando qui, la guarda con calma, e se non le piace me lo dice e non ci sentiamo più. Non le costa un euro e non la impegna a niente.

Sul costo non le faccio girare la testa: se poi decidesse di metterlo online si parla di poche centinaia di euro una volta, non di migliaia, più una quota annuale per tenerlo attivo. Il numero preciso glielo faccio solo se la cosa le interessa davvero.

Gliela mando?","Via Roma 69, Treviolo · 035 751921. Pizza napoletana contemporanea, 4,6 su Google, chiuso lunedì.",2026-09-09-instagram-ristorazione-va-co-lc-bg.csv,,,
@pizzeria.devita,Pizzeria De Vita,Angera (VA),Pizzeria,1014,1,"cercato «""De Vita"" pizzeria Angera» → angera.it (turismo), facebook, tripadvisor, restaurantguru, moovit, mymenuweb; devita-pizzeria.de è un omonimo tedesco: nessun dominio suo. Profilo aperto il 9/9: nessun link in bio [verifica-sito] motori «""Pizzeria De Vita"" Angera»: ricerca fallita (brave HTTP Error 429: Too Many Requests) · domini: nessuno risponde",2026-09-09,,"Buongiorno, sono Patrick Sappa. Ho una piccola software house a Seveso, DenkiCode.

Le scrivo perché ho guardato il profilo di Pizzeria De Vita e su Google non compare un suo sito: c'è Instagram, ci sono le schede degli altri, ma un sito suo no.

Le sue foto erano già metà del lavoro: l'altra metà l'ho fatta io. La bozza del suo sito è già pronta, con le sue immagini e il suo nome. Non deve scrivere niente e non deve mandarmi niente.

Gliela mando qui, la guarda con calma, e se non le piace me lo dice e non ci sentiamo più. Non le costa un euro e non la impegna a niente.

Sul costo non le faccio girare la testa: se poi decidesse di metterlo online si parla di poche centinaia di euro una volta, non di migliaia, più una quota annuale per tenerlo attivo. Il numero preciso glielo faccio solo se la cosa le interessa davvero.

Gliela mando?","Angera · 0331 1173610. Aperta 18.30-22, 17 post. ⚠ In bio: «chiusi dal 6 al 15 settembre 2026», scrivere dal 16 in poi.",2026-09-09-instagram-ristorazione-va-co-lc-bg.csv,,,
@pizzeriacortegrande,Pizzeria Corte Grande,Lipomo (CO),Pizzeria,596,1,"cercato «""Corte Grande"" pizzeria Lipomo» → untappd, facebook, tripadvisor, sluurpy, restaurantguru, menuweb: nessun dominio suo. Profilo aperto il 9/9: il link in bio è la pagina Glovo [verifica-sito] motori «""Pizzeria Corte Grande"" Lipomo»: ricerca fallita (brave HTTP Error 429: Too Many Requests) · domini: nessuno risponde",2026-09-09,,"Buongiorno, sono Patrick Sappa. Ho una piccola software house a Seveso, DenkiCode.

Le scrivo perché ho guardato il profilo di Pizzeria Corte Grande e su Google non compare un suo sito: c'è Instagram, ci sono le schede degli altri, ma un sito suo no.

Le sue foto erano già metà del lavoro: l'altra metà l'ho fatta io. La bozza del suo sito è già pronta, con le sue immagini e il suo nome. Non deve scrivere niente e non deve mandarmi niente.

Gliela mando qui, la guarda con calma, e se non le piace me lo dice e non ci sentiamo più. Non le costa un euro e non la impegna a niente.

Sul costo non le faccio girare la testa: se poi decidesse di metterlo online si parla di poche centinaia di euro una volta, non di migliaia, più una quota annuale per tenerlo attivo. Il numero preciso glielo faccio solo se la cosa le interessa davvero.

Gliela mando?","Via Corte Grande 39, Lipomo. Pizzeria e friggitoria, consegna su Glovo, listino su richiesta in direct.",2026-09-09-instagram-ristorazione-va-co-lc-bg.csv,,,
@altrullo1974,Ristorante Pizzeria Al Trullo 1974,Lurate Caccivio (CO),Ristorante/pizzeria,208,1,"cercato «""Al Trullo 1974"" Lurate Caccivio» → nextdoor, tripadvisor, facebook, paginebianche, wanderlog, swipein, restaurantguru e una pagina generata su grubbio.com: nessun dominio suo. Profilo aperto il 9/9: nessun link in bio [verifica-sito] motori «""Ristorante Pizzeria Al Trullo 1974"" Lurate Caccivio»: ricerca fallita (brave HTTP Error 429: Too Many Requests) · domini: nessuno risponde",2026-09-09,,"Buongiorno, sono Patrick Sappa. Ho una piccola software house a Seveso, DenkiCode.

Le scrivo perché ho guardato il profilo di Ristorante Pizzeria Al Trullo 1974 e su Google non compare un suo sito: c'è Instagram, ci sono le schede degli altri, ma un sito suo no.

Le sue foto erano già metà del lavoro: l'altra metà l'ho fatta io. La bozza del suo sito è già pronta, con le sue immagini e il suo nome. Non deve scrivere niente e non deve mandarmi niente.

Gliela mando qui, la guarda con calma, e se non le piace me lo dice e non ci sentiamo più. Non le costa un euro e non la impegna a niente.

Sul costo non le faccio girare la testa: se poi decidesse di metterlo online si parla di poche centinaia di euro una volta, non di migliaia, più una quota annuale per tenerlo attivo. Il numero preciso glielo faccio solo se la cosa le interessa davvero.

Gliela mando?","Via XX Settembre 10, Lurate Caccivio · 031 491072. Cucina pugliese, chiuso lunedì sera. ⚠ 208 follower e 19 post.",2026-09-09-instagram-ristorazione-va-co-lc-bg.csv,,,
@pizzeria_romeo_faloppio,Pizzeria Romeo,Faloppio (CO),Pizzeria,2173,1,"cercato «""Pizzeria Romeo"" Faloppio via Albiolo» → justeat, virgilio, facebook, paginebianche, paginegialle; pizzeria-romeopizzaekebab.it aperto: pagina generata da una rete, senza il loro telefono. Profilo aperto il 9/9: nessun link in bio [verifica-sito] motori «""Pizzeria Romeo"" Faloppio»: ricerca fallita (brave HTTP Error 429: Too Many Requests) · domini: nessuno risponde",2026-09-09,,"Buongiorno, sono Patrick Sappa. Ho una piccola software house a Seveso, DenkiCode.

Le scrivo perché ho guardato il profilo di Pizzeria Romeo e su Google non compare un suo sito: c'è Instagram, ci sono le schede degli altri, ma un sito suo no.

Le sue foto erano già metà del lavoro: l'altra metà l'ho fatta io. La bozza del suo sito è già pronta, con le sue immagini e il suo nome. Non deve scrivere niente e non deve mandarmi niente.

Gliela mando qui, la guarda con calma, e se non le piace me lo dice e non ci sentiamo più. Non le costa un euro e non la impegna a niente.

Sul costo non le faccio girare la testa: se poi decidesse di metterlo online si parla di poche centinaia di euro una volta, non di migliaia, più una quota annuale per tenerlo attivo. Il numero preciso glielo faccio solo se la cosa le interessa davvero.

Gliela mando?","Via Albiolo 1, Faloppio · 031 940124. Pizze, kebab, piadine, consegna a domicilio; 253 post. Su Google esce pizzeria-romeopizzaekebab.it: non è loro.",2026-09-09-instagram-ristorazione-va-co-lc-bg.csv,,,
@prettydogs_varese,Toelettatura Pretty Dogs,Varese (VA),Toelettatura,339,1,"cercato «""Pretty Dogs"" toelettatura Varese via Castoldi» → esce il profilo Instagram e un post di @toelettaturagiulietta che la nomina, più portali di hotel senza attinenza: nessun dominio suo. Profilo aperto il 10/9: in bio solo il WhatsApp di Michela, nessun link [verifica-sito] motori «""Toelettatura Pretty Dogs"" Varese»: 0 risultati · domini: nessuno risponde",,,"Buongiorno, sono Patrick Sappa. Ho una piccola software house a Seveso, DenkiCode.

Le scrivo perché ho guardato il profilo di Toelettatura Pretty Dogs e su Google non compare un suo sito: c'è Instagram, ci sono le schede degli altri, ma un sito suo no.

Le sue foto erano già metà del lavoro: l'altra metà l'ho fatta io. La bozza del suo sito è già pronta, con le sue immagini e il suo nome. Non deve scrivere niente e non deve mandarmi niente.

Gliela mando qui, la guarda con calma, e se non le piace me lo dice e non ci sentiamo più. Non le costa un euro e non la impegna a niente.

Sul costo non le faccio girare la testa: se poi decidesse di metterlo online si parla di poche centinaia di euro una volta, non di migliaia, più una quota annuale per tenerlo attivo. Il numero preciso glielo faccio solo se la cosa le interessa davvero.

Gliela mando?","Via Castoldi 2, Varese · WhatsApp 349 4562460, Michela · 26 post. ⚠ Toelettatura Giulietta, scritta il 9 settembre, ha un post intitolato «Toelettatura Giulietta - Pretty Dogs Varese»: possono essere due persone che collaborano. Guardare i post prima di scrivere.",2026-09-10-instagram-animali-va-co-lc-bg-ti.csv,,,
@toelettatura_belli_e_pelosi,Toelettatura Belli e Pelosi,Malnate (VA),Toelettatura,309,1,"cercato «""Belli e Pelosi"" toelettatura Malnate Oberdan» → virgilio, reteimprese, oraridiapertura24, trova-aperto, firmania, paginegialle, cylex, italiarecensioni: solo schede di terzi, nessun dominio suo. Profilo aperto il 10/9: bio ridotta a un punto, nessun link [verifica-sito] motori «""Toelettatura Belli e Pelosi"" Malnate»: 0 risultati · domini: nessuno risponde",,,"Buongiorno, sono Patrick Sappa. Ho una piccola software house a Seveso, DenkiCode.

Le scrivo perché ho guardato il profilo di Toelettatura Belli e Pelosi e su Google non compare un suo sito: c'è Instagram, ci sono le schede degli altri, ma un sito suo no.

Le sue foto erano già metà del lavoro: l'altra metà l'ho fatta io. La bozza del suo sito è già pronta, con le sue immagini e il suo nome. Non deve scrivere niente e non deve mandarmi niente.

Gliela mando qui, la guarda con calma, e se non le piace me lo dice e non ci sentiamo più. Non le costa un euro e non la impegna a niente.

Sul costo non le faccio girare la testa: se poi decidesse di metterlo online si parla di poche centinaia di euro una volta, non di migliaia, più una quota annuale per tenerlo attivo. Il numero preciso glielo faccio solo se la cosa le interessa davvero.

Gliela mando?","Via Guglielmo Oberdan 1, Malnate · 0332 428504 · da martedì a sabato 8-18. Solo 11 post: profilo aperto da poco, foto poche ma buone.",2026-09-10-instagram-animali-va-co-lc-bg-ti.csv,,,
@bbpowerhorse_equitazione,Centro Ippico BB Power Horse,Bodio Lomnago (VA),Centro ippico,2943,1,"cercato «""BB Power Horse"" centro ippico Varese» → la pagina Facebook (che dà Bodio Lomnago), la scheda di ilportaledelcavallo e la location Instagram: nessun dominio suo. Profilo aperto il 10/9: nessun link in bio [verifica-sito] motori «""Centro Ippico BB Power Horse"" Bodio Lomnago»: 0 risultati · domini: nessuno risponde",,,"Buongiorno, sono Patrick Sappa. Ho una piccola software house a Seveso, DenkiCode.

Le scrivo perché ho guardato il profilo di Centro Ippico BB Power Horse e su Google non compare un suo sito: c'è Instagram, ci sono le schede degli altri, ma un sito suo no.

Le sue foto erano già metà del lavoro: l'altra metà l'ho fatta io. La bozza del suo sito è già pronta, con le sue immagini e il suo nome. Non deve scrivere niente e non deve mandarmi niente.

Gliela mando qui, la guarda con calma, e se non le piace me lo dice e non ci sentiamo più. Non le costa un euro e non la impegna a niente.

Sul costo non le faccio girare la testa: se poi decidesse di metterlo online si parla di poche centinaia di euro una volta, non di migliaia, più una quota annuale per tenerlo attivo. Il numero preciso glielo faccio solo se la cosa le interessa davvero.

Gliela mando?","Bodio Lomnago (dalla pagina Facebook) · scuola di equitazione FISE, fida e mezza fida, pensione cavalli. 2.943 follower e 126 post, con i cavalli uno per uno nelle storie in evidenza.",2026-09-10-instagram-animali-va-co-lc-bg-ti.csv,,,
@centroippicolepuledre,Centro Ippico Le Puledre,Cislago (VA),Centro ippico,372,5,"cercato «""Le Puledre"" centro ippico Cislago» → tripadvisor, facebook, cylex, tiktok, parrocchiamadonnadipompei: nessun dominio suo. Profilo aperto il 10/9: il link in bio porta a centroippico-lepuledre.my.canva.site [verifica-sito] motori «""Centro Ippico Le Puledre"" Cislago»: 0 risultati · domini: nessuno risponde",,,"Buongiorno, sono Patrick Sappa. Ho una piccola software house a Seveso, DenkiCode.

Le scrivo perché ho guardato il profilo di Centro Ippico Le Puledre e quello che ha non è un sito suo: è una paginetta fatta con Canva.

Le sue foto erano già metà del lavoro: l'altra metà l'ho fatta io. La bozza del suo sito è già pronta, con le sue immagini e il suo nome. Non deve scrivere niente e non deve mandarmi niente.

Gliela mando qui, la guarda con calma, e se non le piace me lo dice e non ci sentiamo più. Non le costa un euro e non la impegna a niente.

Sul costo non le faccio girare la testa: se poi decidesse di metterlo online si parla di poche centinaia di euro una volta, non di migliaia, più una quota annuale per tenerlo attivo. Il numero preciso glielo faccio solo se la cosa le interessa davvero.

Gliela mando?","Via Dante Alighieri 896, Cislago · scuola SEF Italia: lezioni, passeggiate, trekking, campus estivi, compleanni in pony, mountain trail. In bio una pagina Canva, non un dominio.",2026-09-10-instagram-animali-va-co-lc-bg-ti.csv,,,
@scodinzolandia_cantu,Scodinzolandia,Cantù (CO),Toelettatura,265,1,"cercato «""Scodinzolandia"" Cantù toelettatura via Ariberto» → facebook, oraridiapertura24, toelettatura.info (Scodinzolandia di Confalonieri Francesca): nessun dominio suo. scodinzolandia.org, aperto il 10/9, è un'altra Scodinzolandia: nel testo non compaiono né Cantù né via Ariberto. Profilo aperto il 10/9: in bio l'indirizzo e una gmail, nessun link [verifica-sito] motori «""Scodinzolandia"" Cantù»: 0 risultati · domini: nessuno risponde",,,"Buongiorno, sono Patrick Sappa. Ho una piccola software house a Seveso, DenkiCode.

Le scrivo perché ho guardato il profilo di Scodinzolandia e su Google non compare un suo sito: c'è Instagram, ci sono le schede degli altri, ma un sito suo no.

Le sue foto erano già metà del lavoro: l'altra metà l'ho fatta io. La bozza del suo sito è già pronta, con le sue immagini e il suo nome. Non deve scrivere niente e non deve mandarmi niente.

Gliela mando qui, la guarda con calma, e se non le piace me lo dice e non ci sentiamo più. Non le costa un euro e non la impegna a niente.

Sul costo non le faccio girare la testa: se poi decidesse di metterlo online si parla di poche centinaia di euro una volta, non di migliaia, più una quota annuale per tenerlo attivo. Il numero preciso glielo faccio solo se la cosa le interessa davvero.

Gliela mando?","Via Ariberto da Intimiano 3, Cantù · scodinzolandiacantu@gmail.com · 392 7522153. Acqua ozonizzata, trattamenti medicali ed estetici, medagliette.",2026-09-10-instagram-animali-va-co-lc-bg-ti.csv,,,
@doggywash.erba1,Toelettatura Doggy Wash,Erba (CO),Toelettatura,280,1,"cercato «""Doggy Wash"" Erba toelettatura via Mazzini» → facebook, oraridiapertura24, justdog, reteimprese, mondo-zampa: nessun dominio suo. doggywash.it, aperto il 10/9, è un negozio Shopify di attrezzature: «Erba» e «Como» compaiono solo nel menù a tendina delle province. Profilo aperto il 10/9: nessun link in bio [verifica-sito] motori «""Toelettatura Doggy Wash"" Erba»: 7 risultati · domini: hackerone.com (non risponde); status.brave.app (vivo: Brave status) · directory: facebook.com, oraridiapertura24.it, reteimprese.it, justdog.it",2026-09-10,"Risposta — cortesia, nessun interesse dichiarato (dalla posta, letta il 12/09/2026)","Buongiorno, sono Patrick Sappa. Ho una piccola software house a Seveso, DenkiCode.

Le scrivo perché ho guardato il profilo di Toelettatura Doggy Wash e su Google non compare un suo sito: c'è Instagram, ci sono le schede degli altri, ma un sito suo no.

Le sue foto erano già metà del lavoro: l'altra metà l'ho fatta io. La bozza del suo sito è già pronta, con le sue immagini e il suo nome. Non deve scrivere niente e non deve mandarmi niente.

Gliela mando qui, la guarda con calma, e se non le piace me lo dice e non ci sentiamo più. Non le costa un euro e non la impegna a niente.

Sul costo non le faccio girare la testa: se poi decidesse di metterlo online si parla di poche centinaia di euro una volta, non di migliaia, più una quota annuale per tenerlo attivo. Il numero preciso glielo faccio solo se la cosa le interessa davvero.

Gliela mando?","Via Mazzini 29, Erba · 342 5526998. Si lavora su appuntamento e il padrone può restare durante il lavaggio. 182 post.",2026-09-10-instagram-animali-va-co-lc-bg-ti.csv,,2026-09-10,"Mi scusi ma l'attivita' e' chiusa, non esiste piu' una doggy wash | Grazie buona serata a lei"
@mikuma.dogs,"Martina Carneli, istruttrice cinofila",Como (CO),Istruttore cinofilo,1719,1,"cercato «""Martina Carneli"" istruttrice cinofila Como obedience» → nessuna scheda sua: escono altri istruttori e le pagine della federazione, nessun dominio suo. Profilo aperto il 10/9: nessun link in bio, i contatti stanno solo nelle storie in evidenza [verifica-sito] motori «""Martina Carneli, istruttrice cinofila"" Como»: 17 risultati · domini: it.doggybell.com (DNS morto); superprof.it (non risponde); doggylab.it (non risponde); qualazampa.news (DNS morto); kodami.it (DNS morto); tripdoggy.com (DNS morto); gaiamorini.it (DNS morto); ascinofilia.it (DNS morto); aieci.eu (DNS morto); dogscuola.it (DNS morto); it.indeed.com (non risponde); asdvitadacani.it (DNS morto); hackerone.com (non risponde); status.brave.app (vivo: Brave status) · directory: instagram.com, facebook.com, it.linkedin.com",2026-09-11,"Risposta — in valutazione (dalla posta, letta il 12/09/2026)","Buongiorno, sono Patrick Sappa. Ho una piccola software house a Seveso, DenkiCode.

Le scrivo perché ho guardato il profilo di Martina Carneli, istruttrice cinofila e su Google non compare un suo sito: c'è Instagram, ci sono le schede degli altri, ma un sito suo no.

Le sue foto erano già metà del lavoro: l'altra metà l'ho fatta io. La bozza del suo sito è già pronta, con le sue immagini e il suo nome. Non deve scrivere niente e non deve mandarmi niente.

Gliela mando qui, la guarda con calma, e se non le piace me lo dice e non ci sentiamo più. Non le costa un euro e non la impegna a niente.

Sul costo non le faccio girare la testa: se poi decidesse di metterlo online si parla di poche centinaia di euro una volta, non di migliaia, più una quota annuale per tenerlo attivo. Il numero preciso glielo faccio solo se la cosa le interessa davvero.

Gliela mando?","Como · istruttrice cinofila CSEN e ACSI, obedience, water games CIS, consulenze online. 408 post e 1.719 follower. È una persona sola, non un centro: il sito le serve da biglietto da visita.",2026-09-10-instagram-animali-va-co-lc-bg-ti.csv,,,Ok ci sta | Non so di quanto sia la cifra ma intanto guardo volentieri | Se ci si puo' aiutare a vicenda perche' no | Dammi pure del tu | Buona serata a te | Stasera apro il link e guardo con calma intanto grazie | Lunedi' meglio | Scusa ancora non ho guardato
@101caniegatti,101 Cani e Gatti,Merate (LC),Pet shop con toelettatura,369,1,"cercato «""101 Cani e Gatti"" Merate negozio» → promoqui, impresaitalia, facebook, una discussione su openstreetmap: nessun dominio suo. Profilo aperto il 10/9: nessun link in bio [verifica-sito] motori «""101 Cani e Gatti"" Merate»: 0 risultati · domini: nessuno risponde",,,"Buongiorno, sono Patrick Sappa. Ho una piccola software house a Seveso, DenkiCode.

Le scrivo perché ho guardato il profilo di 101 Cani e Gatti e su Google non compare un suo sito: c'è Instagram, ci sono le schede degli altri, ma un sito suo no.

Le sue foto erano già metà del lavoro: l'altra metà l'ho fatta io. La bozza del suo sito è già pronta, con le sue immagini e il suo nome. Non deve scrivere niente e non deve mandarmi niente.

Gliela mando qui, la guarda con calma, e se non le piace me lo dice e non ci sentiamo più. Non le costa un euro e non la impegna a niente.

Sul costo non le faccio girare la testa: se poi decidesse di metterlo online si parla di poche centinaia di euro una volta, non di migliaia, più una quota annuale per tenerlo attivo. Il numero preciso glielo faccio solo se la cosa le interessa davvero.

Gliela mando?","Via Campi 54, Merate · 039 9900959. Alimenti, diete veterinarie, parafarmacia e toelettatura. 2.030 post e solo 369 follower: pubblicano tanto e nessuno li vede.",2026-09-10-instagram-animali-va-co-lc-bg-ti.csv,,,
@franpetslecco2026,Franpets Toelettatura,Lecco (LC),Toelettatura,272,1,"cercato «""Franpets"" toelettatura Lecco Matteotti» → toelettatori.it, paginebianche, toelettatori-italia, petqueen: solo elenchi di zona, nessuna scheda sua con un dominio. Profilo aperto il 10/9: nessun link in bio [verifica-sito] motori «""Franpets Toelettatura"" Lecco»: 0 risultati · domini: nessuno risponde",,,"Buongiorno, sono Patrick Sappa. Ho una piccola software house a Seveso, DenkiCode.

Le scrivo perché ho guardato il profilo di Franpets Toelettatura e su Google non compare un suo sito: c'è Instagram, ci sono le schede degli altri, ma un sito suo no.

Le sue foto erano già metà del lavoro: l'altra metà l'ho fatta io. La bozza del suo sito è già pronta, con le sue immagini e il suo nome. Non deve scrivere niente e non deve mandarmi niente.

Gliela mando qui, la guarda con calma, e se non le piace me lo dice e non ci sentiamo più. Non le costa un euro e non la impegna a niente.

Sul costo non le faccio girare la testa: se poi decidesse di metterlo online si parla di poche centinaia di euro una volta, non di migliaia, più una quota annuale per tenerlo attivo. Il numero preciso glielo faccio solo se la cosa le interessa davvero.

Gliela mando?","Corso Giacomo Matteotti 111-113, Lecco · 311 post. Profilo aperto quest'anno (il nome finisce con 2026), bio in italiano e portoghese.",2026-09-10-instagram-animali-va-co-lc-bg-ti.csv,,,
@la_casa_del_lupo,La Casa del Lupo,Valgreghentino (LC),Pensione e asilo per cani,3034,1,"cercato «""La Casa del Lupo"" pensione cani Valgreghentino» → italiarecensioni, cronoshare, lecconotizie, un blog su wordpress e una scheda su parrocchiamadonnadipompei: nessun dominio suo. Profilo aperto il 10/9: nessun link in bio [verifica-sito] motori «""La Casa del Lupo"" Valgreghentino»: 0 risultati · domini: nessuno risponde",,,"Buongiorno, sono Patrick Sappa. Ho una piccola software house a Seveso, DenkiCode.

Le scrivo perché ho guardato il profilo di La Casa del Lupo e su Google non compare un suo sito: c'è Instagram, ci sono le schede degli altri, ma un sito suo no.

Le sue foto erano già metà del lavoro: l'altra metà l'ho fatta io. La bozza del suo sito è già pronta, con le sue immagini e il suo nome. Non deve scrivere niente e non deve mandarmi niente.

Gliela mando qui, la guarda con calma, e se non le piace me lo dice e non ci sentiamo più. Non le costa un euro e non la impegna a niente.

Sul costo non le faccio girare la testa: se poi decidesse di metterlo online si parla di poche centinaia di euro una volta, non di migliaia, più una quota annuale per tenerlo attivo. Il numero preciso glielo faccio solo se la cosa le interessa davvero.

Gliela mando?","Via Aldo Moro 11, Valgreghentino · 328 6239559 · Patrizia e Marco. Pensione, asilo e rifugio per cani in adozione, box coperti e recinti divisi per taglia. 3.034 follower: il profilo più grosso della lista.",2026-09-10-instagram-animali-va-co-lc-bg-ti.csv,,,
@irmapezzottabergamo,Irma Pezzotta toelettatura e scuola,Bergamo (BG),Toelettatura,2943,1,"cercato «""Irma Pezzotta"" toelettatura Bergamo scuola» → la pagina Facebook baubauwash, Threads, cronoshare, portale.bergamo: nessun dominio suo. Profilo aperto il 10/9: il link in bio è un articolo di primatreviglio.it su di lei, non un sito [verifica-sito] motori «""Irma Pezzotta toelettatura e scuola"" Bergamo»: 0 risultati · domini: nessuno risponde",,,"Buongiorno, sono Patrick Sappa. Ho una piccola software house a Seveso, DenkiCode.

Le scrivo perché ho guardato il profilo di Irma Pezzotta toelettatura e scuola e su Google non compare un suo sito: c'è Instagram, ci sono le schede degli altri, ma un sito suo no.

Le sue foto erano già metà del lavoro: l'altra metà l'ho fatta io. La bozza del suo sito è già pronta, con le sue immagini e il suo nome. Non deve scrivere niente e non deve mandarmi niente.

Gliela mando qui, la guarda con calma, e se non le piace me lo dice e non ci sentiamo più. Non le costa un euro e non la impegna a niente.

Sul costo non le faccio girare la testa: se poi decidesse di metterlo online si parla di poche centinaia di euro una volta, non di migliaia, più una quota annuale per tenerlo attivo. Il numero preciso glielo faccio solo se la cosa le interessa davvero.

Gliela mando?","Bergamo centro, vicino all'Esselunga di via Corridoni · toelettatura 331 9944406, scuola 391 4180550. Campionessa di asian style, 1.320 post. ⚠ Ha un secondo profilo, @irma.pezzotta: scrivere solo a questo.",2026-09-10-instagram-animali-va-co-lc-bg-ti.csv,,,
@wowpetcouture,WOW Pet Couture,Paladina (BG),Toelettatura e boutique,1957,5,"cercato «""WOW Pet Couture"" Paladina toelettatura boutique» → facebook e la pagina sumupbookings.com/wow-srl: nessun dominio suo. wowpet.it, che esce nella stessa ricerca, è un'altra WOW, di Calusco d'Adda. Profilo aperto il 10/9: in bio solo il link SumUp [verifica-sito] motori «""WOW Pet Couture"" Paladina»: 0 risultati · domini: nessuno risponde",,,"Buongiorno, sono Patrick Sappa. Ho una piccola software house a Seveso, DenkiCode.

Le scrivo perché ho guardato il profilo di WOW Pet Couture e quello che ha non è un sito suo: è la pagina delle prenotazioni su SumUp.

Le sue foto erano già metà del lavoro: l'altra metà l'ho fatta io. La bozza del suo sito è già pronta, con le sue immagini e il suo nome. Non deve scrivere niente e non deve mandarmi niente.

Gliela mando qui, la guarda con calma, e se non le piace me lo dice e non ci sentiamo più. Non le costa un euro e non la impegna a niente.

Sul costo non le faccio girare la testa: se poi decidesse di metterlo online si parla di poche centinaia di euro una volta, non di migliaia, più una quota annuale per tenerlo attivo. Il numero preciso glielo faccio solo se la cosa le interessa davvero.

Gliela mando?","Via del Colletto 39, Paladina · 335 1964298 · lun-sab 9.30-15. Toelettatura, boutique, cuccioli selezionati, grooming academy. Attenzione all'omonima di Calusco d'Adda, che il sito ce l'ha.",2026-09-10-instagram-animali-va-co-lc-bg-ti.csv,,,
@potadogtoelettatura,Pota Dog Toelettatura,Chiuduno (BG),Toelettatura,964,5,"cercato «""Pota Dog"" toelettatura Chiuduno Finazzi» → paginegialle e una vetrina su mypushop.com intestata «potadog/scuola di toelettatura bergamo»: nessun dominio suo. Profilo aperto il 10/9: in bio nessun link, solo il nome ripetuto [verifica-sito] motori «""Pota Dog Toelettatura"" Chiuduno»: 4 risultati · domini: hackerone.com (non risponde); status.brave.app (vivo: Brave status) · directory: virgilio.it, ufficiocamerale.it",,,"Buongiorno, sono Patrick Sappa. Ho una piccola software house a Seveso, DenkiCode.

Le scrivo perché ho guardato il profilo di Pota Dog Toelettatura e quello che ha non è un sito suo: è una vetrina su myPushop.

Le sue foto erano già metà del lavoro: l'altra metà l'ho fatta io. La bozza del suo sito è già pronta, con le sue immagini e il suo nome. Non deve scrivere niente e non deve mandarmi niente.

Gliela mando qui, la guarda con calma, e se non le piace me lo dice e non ci sentiamo più. Non le costa un euro e non la impegna a niente.

Sul costo non le faccio girare la testa: se poi decidesse di metterlo online si parla di poche centinaia di euro una volta, non di migliaia, più una quota annuale per tenerlo attivo. Il numero preciso glielo faccio solo se la cosa le interessa davvero.

Gliela mando?","Via C. Finazzi 20, Chiuduno · 351 9043518 · lun-ven 9-12.30 e 14-18, sabato 9-14. Venticinque anni di attività, tagli asian e italian style, corsi di toelettatura. 493 post.",2026-09-10-instagram-animali-va-co-lc-bg-ti.csv,,,
@baucettitoelettatura,Baucetti Toelettatura,Treviglio (BG),Toelettatura,681,1,"cercato «""Baucetti"" toelettatura Treviglio Ortigara» → empresite (Baucetti di Guarnerio Sharon), paginebianche, paginegialle, reteimprese: nessun dominio suo. Profilo aperto il 10/9: nessun link in bio [verifica-sito] motori «""Baucetti Toelettatura"" Treviglio»: 0 risultati · domini: nessuno risponde",,,"Buongiorno, sono Patrick Sappa. Ho una piccola software house a Seveso, DenkiCode.

Le scrivo perché ho guardato il profilo di Baucetti Toelettatura e su Google non compare un suo sito: c'è Instagram, ci sono le schede degli altri, ma un sito suo no.

Le sue foto erano già metà del lavoro: l'altra metà l'ho fatta io. La bozza del suo sito è già pronta, con le sue immagini e il suo nome. Non deve scrivere niente e non deve mandarmi niente.

Gliela mando qui, la guarda con calma, e se non le piace me lo dice e non ci sentiamo più. Non le costa un euro e non la impegna a niente.

Sul costo non le faccio girare la testa: se poi decidesse di metterlo online si parla di poche centinaia di euro una volta, non di migliaia, più una quota annuale per tenerlo attivo. Il numero preciso glielo faccio solo se la cosa le interessa davvero.

Gliela mando?","Viale Ortigara 7, Treviglio · 334 2250580 · di Sharon Guarnerio. Acqua ozonizzata e trattamenti personalizzati. 1.560 post: di materiale per una vetrina ce n'è.",2026-09-10-instagram-animali-va-co-lc-bg-ti.csv,,,
@peaceanddogs.lugano,Peace & dogs di Luana Spada,Lugano (TI),Dog sitter e pensione casalinga,1161,1,"cercato «""Peace & dogs"" Luana Spada Lugano» → moneyhouse, handelsregister, northdata, local.ch, facebook: registri di commercio e schede, nessun dominio suo. Profilo aperto il 10/9: nessun link in bio [verifica-sito] motori «""Peace & dogs di Luana Spada"" Lugano»: 4 risultati · domini: hackerone.com (non risponde); status.brave.app (vivo: Brave status) · directory: instagram.com, facebook.com",,,"Buongiorno, sono Patrick Sappa. Ho una piccola software house a Seveso, DenkiCode.

Le scrivo perché ho guardato il profilo di Peace & dogs di Luana Spada e su Google non compare un suo sito: c'è Instagram, ci sono le schede degli altri, ma un sito suo no.

Le sue foto erano già metà del lavoro: l'altra metà l'ho fatta io. La bozza del suo sito è già pronta, con le sue immagini e il suo nome. Non deve scrivere niente e non deve mandarmi niente.

Gliela mando qui, la guarda con calma, e se non le piace me lo dice e non ci sentiamo più. Non le costa un franco e non la impegna a niente.

Sul costo non le faccio girare la testa: se poi decidesse di metterlo online non si parla di migliaia di franchi, e c'è una quota annuale per tenerlo attivo. Il numero preciso glielo faccio solo se la cosa le interessa davvero.

Gliela mando?","Via delle Aie 3, Lugano · +41 76 823 9814 · CHE-252.491.379. Dog sitter e pensione casalinga con massimo cinque cani, certificato FSNLP. 205 post.",2026-09-10-instagram-animali-va-co-lc-bg-ti.csv,,,
@ellepetsitter,Elle Pet Sitter,Lugano (TI),Pet sitter,897,1,"cercato «""Elle Pet Sitter"" Lugano pet sitting» → solo portali: petsitting24, trustedhousesitters, yoopies, petbacker, yelp. Nessun dominio suo. Profilo aperto il 10/9: nessun link in bio [verifica-sito] motori «""Elle Pet Sitter"" Lugano»: 0 risultati · domini: nessuno risponde",,,"Buongiorno, sono Patrick Sappa. Ho una piccola software house a Seveso, DenkiCode.

Le scrivo perché ho guardato il profilo di Elle Pet Sitter e su Google non compare un suo sito: c'è Instagram, ci sono le schede degli altri, ma un sito suo no.

Le sue foto erano già metà del lavoro: l'altra metà l'ho fatta io. La bozza del suo sito è già pronta, con le sue immagini e il suo nome. Non deve scrivere niente e non deve mandarmi niente.

Gliela mando qui, la guarda con calma, e se non le piace me lo dice e non ci sentiamo più. Non le costa un franco e non la impegna a niente.

Sul costo non le faccio girare la testa: se poi decidesse di metterlo online non si parla di migliaia di franchi, e c'è una quota annuale per tenerlo attivo. Il numero preciso glielo faccio solo se la cosa le interessa davvero.

Gliela mando?","Lugano e dintorni · Laura e Debora. 40 post, 897 follower. Vivono di passaparola e di portali che si prendono la visibilità.",2026-09-10-instagram-animali-va-co-lc-bg-ti.csv,,,
@wild_dog_trainer,Wild Dog Trainer,Ticino (TI),Istruttore cinofilo,406,1,"cercato «""Wild Dog Trainer"" istruttore cinofilo Ticino» → escono altri istruttori della zona (mondocaneticino, canefelice.ch, swissdsf) ma di lui nessuna scheda e nessun dominio. Profilo aperto il 10/9: il link in bio è un WhatsApp [verifica-sito] motori «""Wild Dog Trainer"" Ticino»: 0 risultati · domini: nessuno risponde",,,"Buongiorno, sono Patrick Sappa. Ho una piccola software house a Seveso, DenkiCode.

Le scrivo perché ho guardato il profilo di Wild Dog Trainer e su Google non compare un suo sito: c'è Instagram, ci sono le schede degli altri, ma un sito suo no.

Le sue foto erano già metà del lavoro: l'altra metà l'ho fatta io. La bozza del suo sito è già pronta, con le sue immagini e il suo nome. Non deve scrivere niente e non deve mandarmi niente.

Gliela mando qui, la guarda con calma, e se non le piace me lo dice e non ci sentiamo più. Non le costa un franco e non la impegna a niente.

Sul costo non le faccio girare la testa: se poi decidesse di metterlo online non si parla di migliaia di franchi, e c'è una quota annuale per tenerlo attivo. Il numero preciso glielo faccio solo se la cosa le interessa davvero.

Gliela mando?","Ticino · istruttore cinofilo ENCI: educazione, obbedienza, recupero comportamentale, esperienze col cane. WhatsApp +41 78 941 1893, 80 post. ⚠ Il profilo non dichiara il comune, dice solo Ticino.",2026-09-10-instagram-animali-va-co-lc-bg-ti.csv,,,
@blueladies_saronno,Blue Ladies Parrucchieri,Saronno (VA),Parrucchieri,844,1,"cercato «""Blue Ladies"" parrucchieri Saronno via Trento» → facebook, fresha, misterimprese (Blue Ladies di Basilico Elena e La Guardia Stefani snc), tutti-gli-orari, oraridiapertura24, paginegialle: nessun dominio suo. Profilo letto il 10/9: indirizzo e telefono in bio, nessun link [verifica-sito] motori «""Blue Ladies Parrucchieri"" Saronno»: ricerca fallita (ddg <urlopen error nessuna risposta>, brave HTTP Error 429: http 429) · domini: nessuno risponde",,,"Buongiorno Elena, buongiorno Stefania. Sono Patrick Sappa, ho una piccola software house a Seveso, DenkiCode.

Ho guardato il profilo di Blue Ladies: salone nuovo, dal 2023, le foto delle pieghe sono belle. Su Google però un vostro sito non c'è, esce solo la scheda con gli orari e Fresha.

La bozza del vostro sito è già pronta, con le vostre foto e il vostro nome. Ve la mando qui. Gratis. La guardate, e se non vi piace finisce lì.

Se poi la volete online si parla di poche centinaia di euro una volta, non di migliaia, più una quota annuale.

Ve la mando?","Via Trento 55, Saronno · 02 96709207 / 320 2993133 · Elena e Stefania, salone dal 2023, «vigalizzato». Chiuso lunedì. 257 post.",2026-09-10-instagram-siti-va-co-lc-bg.csv,,,
@bella.hairstudio5,Bella Hair Studio,Saronno (VA),Parrucchieri,672,1,"cercato «""Bella Hair Studio"" Saronno via Sampietro» → fresha (Bella Hair Styling), paginegialle (Bella di Barizza Silvia), facebook: nessun dominio suo. Profilo letto il 10/9: indirizzo e telefono, nessun link [verifica-sito] motori «""Bella Hair Studio"" Saronno»: 1 risultati · domini: bellahairstudio.com (parcheggiato, indovinato); bellahairstudio.ch (vivo, indovinato: Startseite - Bella Hair Studio Kefikon) · directory: instagram.com · [esamina-sito] bellahairstudio.ch: OK (il server lo dà modificato l'ultima volta il 01 Feb 2026) · titolo «Startseite - Bella Hair Studio Kefikon» · WordPress 6.9 · [letto a mano 10/9] bellahairstudio.ch è un salone di Kefikon (Svizzera) e bellahairstudio.com è parcheggiato: omonimi. Resta gancio 1",,,"Buongiorno, sono Patrick Sappa. Piccola software house a Seveso, si chiama DenkiCode.

Ho visto Bella Hair Studio in via Sampietro. Su Google chi vi cerca trova Fresha e Pagine Gialle, ma un sito vostro no. Le prenotazioni passano da lì o dal telefono.

La bozza del suo sito è già pronta, con le sue foto e il suo nome. Gliela mando qui, senza che debba mandarmi niente. Se non le piace me lo dice e chiudiamo qui.

Costo, se poi lo vuole online: poche centinaia di euro una volta, più una quota all'anno. Niente migliaia.

Gliela mando?","Via Sampietro 36/A, Saronno · 02 96701635 · di Silvia Barizza. Hair & beauty, chiuso lunedì. 102 post.",2026-09-10-instagram-siti-va-co-lc-bg.csv,,,
@novart.hairstudio,NØVART hair studio,Saronno (VA),Parrucchieri,380,1,"cercato «""Novart"" hair studio Saronno via Mazzini» → nessuna scheda sua, esce solo un'altra attività della stessa via: nessun dominio. Profilo letto il 10/9: solo su appuntamento, nessun link [verifica-sito] motori «""NØVART hair studio"" Saronno»: 1 risultati · domini: emprego.com (non risponde)",,,"Buongiorno, sono Patrick Sappa di DenkiCode, una piccola software house a Seveso.

Ho guardato NØVART: airtouch, crazy color, extension, solo su appuntamento. Le foto parlano da sole. Ma se una cliente vi cerca su Google non trova un sito, trova solo Instagram.

La bozza del vostro sito è già pronta, con le vostre foto. Ve la mando qui e la guardate con calma. Gratis, nessun impegno.

Se poi vi piace e la volete online, sono poche centinaia di euro una volta più una quota annuale. Non migliaia.

Ve la mando?","Via Mazzini 7, Saronno · solo su appuntamento. Airtouch, crazy color, extension, make up. Profilo giovane: 26 post, 380 follower, ma le foto sono da salone vero.",2026-09-10-instagram-siti-va-co-lc-bg.csv,,,
@samsara_hair_saronno,Samsara Hair and Soul,Saronno (VA),Parrucchieri,316,1,"cercato «""Samsara"" parrucchiere Saronno stanza quantica» → solo la pagina Facebook «Samsara Hair and Soul» e gli elenchi di zona: nessun dominio suo. Profilo letto il 10/9: nessun indirizzo e nessun link [verifica-sito] motori «""Samsara Hair and Soul"" Saronno»: 4 risultati · domini: beautynailhairsalons.com (vivo: Trova Saloni locali) · directory: facebook.com, firmania.it, cylex-italia.it · [esamina-sito] beautynailhairsalons.com: OK · titolo «Trova Saloni locali»",,,"Buongiorno, sono Patrick Sappa. Ho una piccola software house a Seveso, DenkiCode.

Ho letto di Samsara e della Stanza Quantica. È una cosa che si racconta, e su Instagram non c'è lo spazio per raccontarla: su Google poi un vostro sito non esce, solo la pagina Facebook.

La bozza del vostro sito è già pronta, con le vostre foto. Ve la mando qui. Non dovete scrivermi niente. Se non vi piace me lo dite e basta.

Se poi la volete online, poche centinaia di euro una volta più una quota annuale. Il numero preciso lo faccio solo se vi interessa davvero.

Ve la mando?","Saronno · «capelli, tecnologia, stile e relax», con una «Stanza Quantica». 96 post. ⚠ In bio manca l'indirizzo: guardare i post prima di scrivere.",2026-09-10-instagram-siti-va-co-lc-bg.csv,,,
@missdarling_beauty_c_saronno,MissDarling Beauty Center,Saronno (VA),Estetica avanzata,461,5,"cercato «""Miss Darling"" estetica avanzata Saronno» → facebook, fresha e missdarlingsaronno.wixsite.com/website: una pagina Wix gratuita, nessun dominio suo. Profilo letto il 10/9: indirizzo in bio, nessun link [verifica-sito] motori «""MissDarling Beauty Center"" Saronno»: 7 risultati · domini: missdarlingsaronno.wixsite.com (piattaforma); salons10.org (non risponde); beautynailhairsalons.com (vivo: Trova Saloni locali) · directory: facebook.com, firmania.it, findglocal.com, trova-aperto.it · [esamina-sito] missdarlingsaronno.wixsite.com: NON APRE (missdarlingsaronno.wixsite.com non apre (http 404, https://missdarlingsaronno.wixsite.com/)) · [esamina-sito] beautynailhairsalons.com: OK · titolo «Trova Saloni locali»",,,"Buongiorno, sono Patrick Sappa, DenkiCode, una piccola software house a Seveso.

Ho guardato MissDarling: lifting non chirurgico, rimodellamento, un centro serio. Il sito che avete adesso sta su Wix, missdarlingsaronno.wixsite.com, e si vede dall'indirizzo. Chi lo apre lo capisce.

La bozza del vostro sito è già pronta, con un dominio vostro e le vostre foto. Ve la mando qui. Gratis, senza impegno.

Se poi la volete online, poche centinaia di euro una volta più una quota annuale, dominio compreso. Non migliaia.

Ve la mando?","Via Padre Luigi Monti 48/50, Saronno · 02 39525367 · WhatsApp 366 4248043. Lifting non chirurgico, dimagrimento. La pagina Wix si vede dall'indirizzo.",2026-09-10-instagram-siti-va-co-lc-bg.csv,,,
@antheasaronno,Centro Estetico Anthea,Saronno (VA),Estetica,654,1,"cercato «""Anthea"" estetica Saronno via Verdi 23» → facebook, oraridiapertura24, paginegialle (Anthea di Lauria Federica), findglocal, aromavero: nessun dominio suo. Profilo letto il 10/9: indirizzo in bio, nessun link [verifica-sito] motori «""Centro Estetico Anthea"" Saronno»: 4 risultati · domini: aromavero.it (vivo: 43507 Centri Estetici in Italia (2026) | AromaVero) · directory: firmania.it, oraridiapertura24.it, reteimprese.it · [esamina-sito] aromavero.it: OK (il server lo dà modificato l'ultima volta il 09 Sep 2026) · titolo «43507 Centri Estetici in Italia (2026) | AromaVero»",,,"Buongiorno Federica, sono Patrick Sappa. Piccola software house a Seveso, DenkiCode.

Ho visto Anthea in via Verdi: radiofrequenza, unghie, ciglia, dermopigmentazione, e 4,6 su Google con venti recensioni. Un sito però non c'è: su Google escono solo le schede degli altri.

La bozza del suo sito è già pronta, con le sue foto. Gliela mando qui. Se non le piace finisce lì, non mi deve niente.

Se poi decide di metterlo online sono poche centinaia di euro una volta più una quota annuale.

Gliela mando?","Via Verdi 23, Saronno · 02 96705219 · Federica Lauria. Radiofrequenza, unghie, ciglia, dermopigmentazione. 4,6 su Google con 20 recensioni.",2026-09-10-instagram-siti-va-co-lc-bg.csv,,,
@deipregi,DeiPregi Hair&Beauty,Saronno (VA),Parrucchieri/estetica,1493,2,"cercato «""DeiPregi"" Saronno via Roma 21» → facebook, fresha, esteticauno, beautynailhairsalons; la scheda Estetica UNO dà il sito deipregy.com, che il 10/9 è NXDOMAIN su Cloudflare. Profilo letto il 10/9: in bio il menù su widget.treatwell.it [verifica-sito] motori «""DeiPregi Hair&Beauty"" Saronno»: 7 risultati · domini: beautynailhairsalons.com (vivo: Trova Saloni locali); aromavero.it (vivo: 43507 Centri Estetici in Italia (2026) | AromaVero); beautypassport.it (vivo: Beauty Passport - Ad un Pass dalla perfezione) · directory: facebook.com, firmania.it, italiarecensioni.com, fresha.com · [esamina-sito] beautynailhairsalons.com: NON APRE (beautynailhairsalons.com non apre (http 429, https://www.beautynailhairsalons.com/)) · [esamina-sito] aromavero.it: OK (il server lo dà modificato l'ultima volta il 09 Sep 2026) · titolo «43507 Centri Estetici in Italia (2026) | AromaVero» · [esamina-sito] beautypassport.it: OK · titolo «Beauty Passport - Ad un Pass dalla perfezione» · [letto a mano 10/9] beautypassport.it è una directory di saloni, non un sito loro. Resta gancio 2 sul dominio morto deipregy.com",,,"Buongiorno, sono Patrick Sappa di DenkiCode, una piccola software house a Seveso.

Ho guardato DeiPregi, la Beauty Jungle di via Roma. Il dominio deipregy.com, che compare ancora nelle vostre schede, non si apre più: chi ci clicca trova il vuoto e va su Treatwell.

La bozza del vostro sito è già pronta, con le vostre foto. Ve la mando qui. Gratis, la guardate e decidete.

Se poi la volete online si parla di poche centinaia di euro una volta più una quota annuale, e il dominio nuovo lo mettiamo dentro.

Ve la mando?","Via Roma 21, Saronno · 351 6239327 · «Beauty Jungle»: parrucchiere, estetica, profumeria. 81 recensioni a 3,9. Il dominio che avevano è morto e in bio c'è Treatwell.",2026-09-10-instagram-siti-va-co-lc-bg.csv,,,
@angel_estetica_cantu,Angel Estetica & Benessere,Cantù (CO),Estetica,394,1,"cercato «""Angel Estetica"" Cantù benessere ayurveda» → facebook (esteticaangel85), instagram, paginebianche: nessun dominio suo; centroesteticoangel.com, che esce, è un'altra Angel e non nomina Cantù. Profilo letto il 10/9: WhatsApp in bio, nessun sito [verifica-sito] motori «""Angel Estetica & Benessere"" Cantù»: 1 risultati · domini: nessuno risponde · directory: instagram.com",,,"Buongiorno, sono Patrick Sappa. Ho una piccola software house a Seveso, DenkiCode.

Ho visto Angel Estetica: ayurveda, i rituali viso e corpo, la linea Angel Skin che è vostra. Su Google però non esce un sito, esce un'altra Angel che non c'entra niente con Cantù.

La bozza del vostro sito è già pronta, con le vostre foto. Ve la mando qui. Nessun impegno: se non vi piace me lo dite.

Costo, se poi la volete online: poche centinaia di euro una volta, più una quota annuale.

Ve la mando?","Cantù · 031 704348 · WhatsApp 351 4736361. Estetica base e ayurveda, linea viso propria «Angel Skin». 346 post.",2026-09-10-instagram-siti-va-co-lc-bg.csv,,,
@esteticain_cantu,Estetica In,Cantù (CO),Estetica,249,1,"cercato «""Estetica In"" Cantù piazza Garibaldi 15» → paginebianche e virgilio (Estetica In di Enrica Molteni, 031 711682): nessun dominio suo. Profilo letto il 10/9: indirizzo in bio, nessun link [verifica-sito] motori «""Estetica In"" Cantù»: 3 risultati · domini: guidaestetica.it (vivo: La community di chirurgia plastica ed estetica - Guidaestetica.it); esteticain.it (vivo, indovinato: Web Server's Default Page); esteticain.com (parcheggiato, indovinato); esteticain.eu (parcheggiato, indovinato: Home Page - esteticain); estetica-in.it (vivo, indovinato: Centro Estetico Cinecittà Est Roma | Estetica IN dal 1988); estetica.it (vivo, indovinato: Estetica.it | Il portale della Coiffure » Estetica.it); estetica.com (non risponde, indovinato); estetica.ch (vivo, indovinato: Estetica.ch - Estetica Iris Lugano); estetica.eu (parcheggiato, indovinato: estetica.eu is for sale!); estetica.net (parcheggiato, indovinato) · directory: firmania.it, locale.infobel.it · [esamina-sito] guidaestetica.it: OK · titolo «La community di chirurgia plastica ed estetica - Guidaestetica.it» · [esamina-sito] esteticain.it: DUBBIO (in fondo alla pagina è fermo al 2018; il server lo dà modificato l'ultima volta il 04 Aug 2020) · titolo «Web Server's Default Page» · [esamina-sito] estetica-in.it: OK · titolo «Centro Estetico Cinecittà Est Roma | Estetica IN dal 1988» · WordPress 6.9.4 · [esamina-sito] estetica.it: DUBBIO (in fondo alla pagina è fermo al 2020) · titolo «Estetica.it | Il portale della Coiffure &#187; Estetica.it» · WordPress 7.0.4 · [esamina-sito] estetica.ch: OK · titolo «Estetica.ch - Estetica Iris Lugano» · WordPress 6.8.8 · [letto a mano 10/9] guidaestetica.it è la community di chirurgia estetica, non un sito suo. Resta gancio 1",,,"Buongiorno Enrica, sono Patrick Sappa, DenkiCode, piccola software house a Seveso.

Ho guardato Estetica In, in piazza Garibaldi. Chi vi cerca su Google trova Pagine Bianche con il numero e basta: un sito vostro non c'è.

La bozza del suo sito è già pronta, con le sue foto. Gliela mando qui. Se non le piace non ne parliamo più, non le costa niente.

Se poi lo vuole online, poche centinaia di euro una volta più una quota all'anno.

Gliela mando?","Piazza Garibaldi 15, Cantù · 031 711682 · Enrica Molteni. «In pieno centro a Cantù», 211 post. ⚠ 249 follower.",2026-09-10-instagram-siti-va-co-lc-bg.csv,,,
@luana.nailslab,Luana NailsLab,Cantù (CO),Onicotecnica,1057,1,"cercato «""Luana"" nails lab Cantù nail artist» → solo Instagram e Threads: nessun dominio suo. Profilo letto il 10/9: nessun link in bio [verifica-sito] motori «""Luana NailsLab"" Cantù»: 6 risultati · domini: it.cybo.com (non risponde) · directory: fresha.com, informazione-aziende.it, registroaziende.it, reteimprese.it",,,"Buongiorno Luana, sono Patrick Sappa. Ho una piccola software house a Seveso, DenkiCode.

Ho guardato il tuo profilo, scusa il tu ma il tono del tuo studio è quello: relax, pace, unghie curate. Le foto ci sono. Un sito no, su Google esce solo Instagram e Threads.

La bozza del tuo sito è già pronta, con le tue foto e il tuo nome. Te la mando qui. Gratis. Se non ti piace finisce lì.

Se poi la vuoi online, poche centinaia di euro una volta più una quota annuale. Non migliaia.

Te la mando?","Cantù · nail artist, consulenza gratuita, semipermanente e ricostruzione. 130 post, 1.057 follower.",2026-09-10-instagram-siti-va-co-lc-bg.csv,,,
@diamond.nails.cantu,Diamond Nails,Cantù (CO),Onicotecnica,503,1,"cercato «""Diamond Nails"" Cantù nails beauty brows» → nessuna scheda italiana, solo omonimi all'estero: nessun dominio suo. Profilo letto il 10/9: nessun link in bio [verifica-sito] motori «""Diamond Nails"" Cantù»: 8 risultati · domini: diamondnails.it (vivo: Diamond Nails); diamondnailsandspas.com (vivo: Home - Diamond Nails & Spa); diamond-nailsandspa.com (vivo: Diamond Nails & Spa); diamondnails.org (vivo: Diamond Nails); diamondnails.eu (vivo: Diamond Nails -Gel Polish- Nail Accessories); diamondnails.com (vivo, indovinato); diamondnails.net (vivo, indovinato); diamond-nails.it (vivo, indovinato: Diamond Nails); diamond-nails.com (parcheggiato, indovinato); diamond-nails.ch (parcheggiato, indovinato: diamond-nails.ch is for sale!) · directory: reteimprese.it, instagram.com, sites.google.com · [esamina-sito] diamondnails.it: DUBBIO (ha ancora il testo finto «lorem ipsum»; il server lo dà modificato l'ultima volta il 10 Sep 2026) · titolo «Diamond Nails» · [esamina-sito] diamondnailsandspas.com: OK · titolo «Home - Diamond Nails &amp; Spa» · Websplanet · [esamina-sito] diamond-nailsandspa.com: OK · titolo «Diamond Nails &amp; Spa» · [esamina-sito] diamondnails.org: OK · titolo «Diamond Nails» · [esamina-sito] diamondnails.eu: NON APRE (diamondnails.eu non apre (http 522, https://diamondnails.eu/)) · [esamina-sito] diamondnails.com: VECCHIO (non si adatta al telefono: manca il meta viewport; la pagina ha 1 parole in tutto: è una vetrina vuota) · titolo «Loading...» · [esamina-sito] diamondnails.net: VECCHIO (costruito con nvU; la pagina ha 8 parole in tutto: è una vetrina vuota) · [esamina-sito] diamond-nails.it: DUBBIO (ha ancora il testo finto «lorem ipsum»; il server lo dà modificato l'ultima volta il 10 Sep 2026) · titolo «Diamond Nails» · [letto a mano 10/9] diamondnails.it è una pagina «Diamond Nails» con dentro ancora il lorem ipsum e senza una riga su Cantù, come le altre otto omonime uscite: non è la sua. Resta gancio 1",,,"Buongiorno, sono Patrick Sappa di DenkiCode, piccola software house a Seveso.

Diamond Nails: pink, glow, luxury vibes. Lo stile è chiaro dalle foto. Su Google però il nome porta a saloni americani, non a voi: un sito vostro non c'è.

La bozza del vostro sito è già pronta, con le vostre foto. Ve la mando qui, senza impegno. Se non vi piace me lo dite.

Se poi la volete online, poche centinaia di euro una volta più una quota annuale.

Ve la mando?","Cantù · «Pink, Glow, Luxury Vibes»: unghie, beauty, sopracciglia. 63 post, 503 follower.",2026-09-10-instagram-siti-va-co-lc-bg.csv,,,
@class_luxurybeauty_pmu,CLASS luxury beauty & permanent make-up,Luino (VA),Estetica avanzata/PMU,1572,1,"cercato «""Class"" luxury beauty permanent makeup Luino Confalonieri» → solo la pagina Facebook clarissaMicroblading: nessun dominio suo. Profilo letto il 10/9: indirizzo in bio, nessun link [verifica-sito] motori «""CLASS luxury beauty & permanent make-up"" Luino»: 0 risultati · domini: nessuno risponde",,,"Buongiorno Clarissa, buongiorno Costanza. Sono Patrick Sappa, DenkiCode, una piccola software house a Seveso.

Ho guardato CLASS: face restyling, microblading, più di cento clienti. Chi vi cerca su Google trova solo la pagina Facebook. Per un lavoro così, un sito con i prima e dopo farebbe la differenza.

La bozza del vostro sito è già pronta, con le vostre foto. Ve la mando qui. Gratis, la guardate e decidete voi.

Se poi la volete online sono poche centinaia di euro una volta più una quota annuale.

Ve la mando?","Via Confalonieri 19, Luino · Clarissa e Costanza. Face-restyling, microblading, dermopigmentazione, laminazione. 199 post, «risultati garantiti da più di 100 clienti».",2026-09-10-instagram-siti-va-co-lc-bg.csv,,,
@diamond_estetica_luino,Diamond Estetica Avanzata,Luino (VA),Estetica avanzata,647,1,"cercato «""Diamond"" estetica avanzata Luino corso 25 Aprile» → nessuna scheda con dominio: escono omonime di Torino e Daverio, nessuna a Luino. Profilo letto il 10/9: indirizzo in bio, nessun link [verifica-sito] motori «""Diamond Estetica Avanzata"" Luino»: 7 risultati · domini: aromavero.it (vivo: 43507 Centri Estetici in Italia (2026) | AromaVero); ilgigantecentricommerciali.it (vivo: Negozi e Ipermercati | Il Gigante Centri Commerciali); pagantattoo.it (vivo: Arte e Inchiostro - Directory dei migliori studi di tatuaggio e piercing in Ital); blefaroplasticagenova.it (non risponde) · directory: instagram.com, locale.infobel.it, facebook.com · [esamina-sito] aromavero.it: OK (il server lo dà modificato l'ultima volta il 09 Sep 2026) · titolo «43507 Centri Estetici in Italia (2026) | AromaVero» · [esamina-sito] ilgigantecentricommerciali.it: OK · titolo «Negozi e Ipermercati | Il Gigante Centri Commerciali» · [esamina-sito] pagantattoo.it: OK (il server lo dà modificato l'ultima volta il 10 Sep 2026) · titolo «Arte e Inchiostro - Directory dei migliori studi di tatuaggio e piercing in Italia. Trova »",,,"Buongiorno, sono Patrick Sappa. Ho una piccola software house a Seveso, DenkiCode.

Ho visto Diamond Estetica Avanzata in corso XXV Aprile. Su Google il vostro nome porta a centri di Torino e Daverio, a Luino non esce un sito vostro.

La bozza del vostro sito è già pronta, con le vostre foto. Ve la mando qui. Non dovete mandarmi niente. Se non vi piace finisce lì.

Se poi la volete online, poche centinaia di euro una volta più una quota annuale.

Ve la mando?","Corso XXV Aprile 15, Luino · centro polispecialistico face & body care, team con @lorenzatiepolo. 184 post. ⚠ C'è una Diamond a Daverio (Il Gigante): possibile seconda sede, chiedere.",2026-09-10-instagram-siti-va-co-lc-bg.csv,,,
@solesteticaluino,Solestetica,Luino (VA),Estetica/solarium,542,2,"cercato «""Solestetica"" Luino via Voldomino centro estetico» → virgilio (Sole Estetica di Hoxhaj Yllka), paginebianche, cylex e il vecchio solesteticaluino.it, che il 10/9 è NXDOMAIN su Cloudflare. Profilo letto il 10/9: indirizzo e telefono, nessun link [verifica-sito] motori «""Solestetica"" Luino»: 6 risultati · domini: aromavero.it (vivo: 43507 Centri Estetici in Italia (2026) | AromaVero); solestetica.it (vivo: solestetica.it); solestetica.com (vivo, indovinato: SolEstetica.com is for sale | HugeDomains); solestetica.net (parcheggiato, indovinato) · directory: firmania.it, instagram.com, facebook.com, reteimprese.it · [esamina-sito] aromavero.it: OK (il server lo dà modificato l'ultima volta il 09 Sep 2026) · titolo «43507 Centri Estetici in Italia (2026) | AromaVero» · [esamina-sito] solestetica.it: VECCHIO (apre solo in http, senza lucchetto (https non risponde); la pagina ha 37 parole in tutto: è una vetrina vuota) · titolo «solestetica.it» · [esamina-sito] solestetica.com: DUBBIO (apre solo in http, senza lucchetto (https non risponde)) · titolo «SolEstetica.com is for sale | HugeDomains» · [letto a mano 10/9] solestetica.it è una pagina di 37 parole, solo http, titolo «solestetica.it», che non nomina Luino: un dominio parcheggiato da altri, non un sito. Resta gancio 2 su solesteticaluino.it",,,"Buongiorno Stella, sono Patrick Sappa, DenkiCode, piccola software house a Seveso.

Ho guardato Solestetica. Il dominio solesteticaluino.it compare ancora nelle ricerche, ma non si apre più: chi ci clicca non trova niente.

La bozza del suo sito è già pronta, con le sue foto. Gliela mando qui. Gratis, e se non le piace non se ne fa niente.

Se poi lo vuole online, poche centinaia di euro una volta più una quota annuale, e il dominio torna vostro.

Gliela mando?","Via Martiri di Voldomino 5, Luino · 334 9395407 / 0332 536351 · Stella. Estetica e solarium. Il dominio con il loro nome è scaduto: gancio forte.",2026-09-10-instagram-siti-va-co-lc-bg.csv,,,
@nailslikehermes,"Rebecca, onicotecnica",Merate (LC),Onicotecnica,700,1,"cercato «""nailslikehermes"" OR Rebecca onicotecnica Merate» → solo il profilo Instagram: nessun dominio suo. Profilo letto il 10/9: nessun link in bio [verifica-sito] motori «""Rebecca, onicotecnica"" Merate»: 0 risultati · domini: nessuno risponde",,,"Ciao Rebecca, sono Patrick Sappa. Ho una piccola software house a Seveso, DenkiCode.

Ho guardato il tuo profilo: unghie che raccontano chi sei, e si vede. Su Google però il tuo nome non porta da nessuna parte, un sito non c'è.

La bozza del tuo sito è già pronta, con le tue foto. Te la mando qui. Gratis. Se non ti piace me lo dici e chiudiamo.

Se poi la vuoi online sono poche centinaia di euro una volta più una quota annuale.

Te la mando?","Merate · nail artist, «unghie che raccontano chi sei», 344 post. Si scrive «ART» in DM per personalizzare.",2026-09-10-instagram-siti-va-co-lc-bg.csv,,,
@alessandra_nails_oggiono,"Alessandra Noto, onicotecnica",Oggiono (LC),Onicotecnica,399,1,"cercato «""Alessandra Noto"" onicotecnica Oggiono» → nessuna scheda: nessun dominio suo. Profilo letto il 10/9: nessun link in bio [verifica-sito] motori «""Alessandra Noto, onicotecnica"" Oggiono»: 0 risultati · domini: nessuno risponde",,,"Buongiorno Alessandra, sono Patrick Sappa, DenkiCode, una piccola software house a Seveso.

Ho visto il suo lavoro sull'onicofagia: è una cosa che la gente cerca su Google, e su Google lei non c'è, non esce nessun sito con il suo nome.

La bozza del suo sito è già pronta, con le sue foto. Gliela mando qui. Gratis. Se non le piace me lo dice.

Se poi lo vuole online, poche centinaia di euro una volta più una quota annuale.

Gliela mando?","Oggiono · onicotecnica certificata, trattamenti per onicofagia. 386 post.",2026-09-10-instagram-siti-va-co-lc-bg.csv,,,
@alyynails,Alyy Nails Studio,Lecco (LC),Onicotecnica,1542,1,"cercato «""Alyy Nails"" studio Lecco onicotecnica» → nessuna scheda sua, solo altri studi di Lecco: nessun dominio. Profilo letto il 10/9: nessun link in bio [verifica-sito] motori «""Alyy Nails Studio"" Lecco»: 0 risultati · domini: nessuno risponde",,,"Ciao Alice, sono Patrick Sappa. Piccola software house a Seveso, DenkiCode.

Ho guardato Alyy Nails Studio. Gli appuntamenti li prendi in DM, e va bene finché chi ti cerca ti trova qui. Su Google però un sito tuo non c'è.

La bozza del tuo sito è già pronta, con le tue foto. Te la mando qui. Nessun impegno.

Se poi la vuoi online, poche centinaia di euro una volta più una quota annuale. Non migliaia.

Te la mando?","Lecco · Alice, onicotecnica specializzata, info in DM. 146 post, 1.542 follower.",2026-09-10-instagram-siti-va-co-lc-bg.csv,,,
@p.nails_lecco,P.Unghie,Lecco (LC),Onicotecnica,771,1,"cercato «""P.Unghie"" Lecco onicotecnica» → nessuna scheda: nessun dominio suo. Profilo letto il 10/9: nessun link in bio [verifica-sito] motori «""P.Unghie"" Lecco»: 1 risultati · domini: nessuno risponde · directory: instagram.com",,,"Buongiorno, sono Patrick Sappa di DenkiCode, piccola software house a Seveso.

Ho letto il suo profilo: dodici anni di esperienza e prende nuovi clienti sempre. Chi la cerca su Google non trova un sito, e per chi non è su Instagram lei non esiste.

La bozza del suo sito è già pronta, con le sue foto. Gliela mando qui. Gratis, senza impegno.

Se poi lo vuole online, poche centinaia di euro una volta più una quota annuale.

Gliela mando?","Lecco · «prendo nuovi clienti sempre», dodici anni di esperienza. 606 post.",2026-09-10-instagram-siti-va-co-lc-bg.csv,,,
@valentinacauli.nails,"Valentina Cauli, unghie e laminazione",Garbagnate Monastero (LC),Onicotecnica,1079,5,"cercato «""Valentina Cauli"" unghie Garbagnate Monastero» → nessuna scheda: nessun dominio suo. Profilo letto il 10/9: in bio linktr.ee/ValentinaCauli, nessun sito [verifica-sito] motori «""Valentina Cauli, unghie e laminazione"" Garbagnate Monastero»: 0 risultati · domini: nessuno risponde",,,"Ciao Valentina, sono Patrick Sappa. Ho una piccola software house a Seveso, DenkiCode.

Ho visto il tuo profilo, unghie e laminazione a Garbagnate. Il link in bio porta a un Linktree: funziona, ma è una pagina di Linktree, non tua.

La bozza del tuo sito è già pronta, con le tue foto e il tuo nome. Te la mando qui. Gratis. Se non ti piace finisce lì.

Se poi la vuoi online, poche centinaia di euro una volta più una quota annuale.

Te la mando?","Garbagnate Monastero · unghie e laminazione, trattamenti personalizzati. 86 post, 1.079 follower.",2026-09-10-instagram-siti-va-co-lc-bg.csv,,,
@glam_gavirate,GLAM hair-styling & estetica,Gavirate (VA),Parrucchieri/estetica,895,1,"cercato «""Glam"" hair styling estetica Gavirate via Amendola» → virgilio (Glam sas di Di Francesco Sabrina), oraridiapertura24, facebook, beautynailhairsalons: nessun dominio suo. Profilo letto il 10/9: indirizzo in bio, nessun link [verifica-sito] motori «""GLAM hair-styling & estetica"" Gavirate»: 0 risultati · domini: nessuno risponde",,,"Buongiorno Sabrina, sono Patrick Sappa, DenkiCode, una piccola software house a Seveso.

Ho guardato GLAM: siete in sei, hair spa, viso e corpo, armocromia. Un salone così su Google esce solo con Virgilio e gli orari di apertura. Un sito vostro non c'è.

La bozza del vostro sito è già pronta, con le vostre foto. Ve la mando qui. Gratis, la guardate con calma.

Se poi la volete online, poche centinaia di euro una volta più una quota annuale.

Ve la mando?","Via Amendola 14, Gavirate · 0332 732323 · Sabrina e cinque colleghe (Pinuccia, Romina, Silvia, Paola, Ombretta). Hair spa, viso e corpo, armocromia. 526 post.",2026-09-10-instagram-siti-va-co-lc-bg.csv,,,
@alchimiahairexperience,L'Alchimia Hair Experience,Somma Lombardo (VA),Parrucchieri,1287,1,"cercato «""Alchimia Hair Experience"" Somma Lombardo» → facebook, prenotado.it, virgilio, paginegialle, reteimprese: nessun dominio suo. Profilo letto il 10/9: il bit.ly in bio porta a una pagina QR su workingroupitalia.it, il dominio di un fornitore [verifica-sito] motori «""L'Alchimia Hair Experience"" Somma Lombardo»: 4 risultati · domini: beautynailhairsalons.com (vivo: Trova Saloni locali); capelliextension.it (vivo: Capelli EXT - Elenco delle aziende produttrici di capelli in Italia. Posizione, ) · directory: facebook.com, instagram.com · [esamina-sito] beautynailhairsalons.com: OK · titolo «Trova Saloni locali» · [esamina-sito] capelliextension.it: OK (il server lo dà modificato l'ultima volta il 10 Sep 2026) · titolo «Capelli EXT - Elenco delle aziende produttrici di capelli in Italia. Posizione, contatti e»",,,"Buongiorno Barbara, sono Patrick Sappa. Piccola software house a Seveso, DenkiCode.

Ho visto L'Alchimia: le schiariture naturali e l'analisi della cute. Il link in bio porta a una pagina QR su workingroupitalia.it, il dominio di un fornitore. Un sito con il vostro nome non c'è.

La bozza del suo sito è già pronta, con le sue foto. Gliela mando qui. Gratis, senza impegno.

Se poi lo vuole online sono poche centinaia di euro una volta più una quota annuale.

Gliela mando?","Via Vignola 46, Somma Lombardo · 0331 1861249 · Barbara Rivellini. Schiariture su misura, analisi cute. 1.368 post.",2026-09-10-instagram-siti-va-co-lc-bg.csv,,,
@nails_style.varese,Nails Style,Varese (VA),Nails/estetica,487,1,"cercato «""Nails Style"" Varese via Cavour 6» → fresha, near-place, facebook: nessun dominio suo. Profilo letto il 10/9: indirizzo in bio, nessun link [verifica-sito] motori «""Nails Style"" Varese»: 7 risultati · domini: beautynailhairsalons.com (vivo: Trova Saloni locali); nailsstyle.com (parcheggiato, indovinato); nailsstyle.net (vivo, indovinato: Variety of nail products,gel paints,brushes,nail drills and more – Nails & Style); nails-style.com (vivo, indovinato: 2x Nails-Style in Bremen) · directory: facebook.com, fresha.com, firmania.it, instagram.com · [esamina-sito] beautynailhairsalons.com: OK · titolo «Trova Saloni locali» · [esamina-sito] nailsstyle.net: OK · titolo «Variety of nail products,gel paints,brushes,nail drills and more &ndash; Nails &amp; Style» · [esamina-sito] nails-style.com: VECCHIO (apre solo in http, senza lucchetto (https non risponde); non si adatta al telefono: manca il meta viewport; in fondo alla pagina è fermo al 2007; il server lo dà modificato l'ultima volta il 04 Dec 2007) · titolo «2x Nails-Style in Bremen» · [letto a mano 10/9] beautynailhairsalons.com è una directory. Resta gancio 1",,,"Buongiorno, sono Patrick Sappa di DenkiCode, piccola software house a Seveso.

Ho guardato Nails Style in via Cavour: unghie, ciglia, laser, PMU, pressoterapia. Su Google però escono Fresha e una scheda orari, un sito vostro no.

La bozza del vostro sito è già pronta, con le vostre foto. Ve la mando qui. Gratis. Se non vi piace me lo dite.

Se poi la volete online, poche centinaia di euro una volta più una quota annuale.

Ve la mando?","Via Cavour 6, Varese · nails, ciglia, laser, PMU, pressoterapia. 190 post.",2026-09-10-instagram-siti-va-co-lc-bg.csv,,,
@i_burtini_acconciature_unisex,I Burtini acconciature unisex,Cantello (VA),Parrucchieri/barber,935,1,"cercato «""I Burtini"" acconciature Varese head spa» → facebook (burtinihair, Cantello) e fresha: nessun dominio suo. Profilo letto il 10/9: nessun link in bio [verifica-sito] motori «""I Burtini acconciature unisex"" Cantello»: 5 risultati · domini: italy.worldplaces.me (non risponde) · directory: cylex-italia.it, findglocal.com, oraridiapertura24.it, facebook.com",,,"Buongiorno, sono Patrick Sappa. Ho una piccola software house a Seveso, DenkiCode.

Ho visto I Burtini a Cantello, head spa e barber corner. Su Google escono la pagina Facebook e Fresha: un sito vostro non c'è.

La bozza del vostro sito è già pronta, con le vostre foto. Ve la mando qui, senza impegno. La guardate e decidete.

Se poi la volete online, poche centinaia di euro una volta più una quota annuale. Non migliaia.

Ve la mando?","Piazza Europa 8, Cantello · 0332 418884. Head spa e barber corner. 120 post.",2026-09-10-instagram-siti-va-co-lc-bg.csv,,,
@esteticaeasytradate,Easy Estetica & Benessere,Tradate (VA),Estetica,845,1,"cercato «""Easy Estetica"" Tradate viale Marconi» → fresha, tripadvisor, facebook, beautytrip, reteimprese: nessun dominio suo. Profilo letto il 10/9: indirizzo in bio, nessun link [verifica-sito] motori «""Easy Estetica & Benessere"" Tradate»: 2 risultati · domini: italy.worldplaces.me (non risponde) · directory: facebook.com",,,"Buongiorno, sono Patrick Sappa, DenkiCode, una piccola software house a Seveso.

Ho guardato Easy Estetica: 4,9 su Google con diciannove recensioni, laser, ciglia. Il sito però non c'è, chi vi cerca finisce su Fresha o su Tripadvisor.

La bozza del vostro sito è già pronta, con le vostre foto. Ve la mando qui. Gratis, senza impegno.

Se poi la volete online sono poche centinaia di euro una volta più una quota annuale.

Ve la mando?","Viale Marconi 7B, Tradate · 0331 1424592. Estetica avanzata, laser, ciglia. 19 recensioni a 4,9 su Google. 233 post.",2026-09-10-instagram-siti-va-co-lc-bg.csv,,,
@esteticamarina.tradate,Estetica Marina,Tradate (VA),Estetica,350,1,"cercato «""Estetica Marina"" Tradate corso Bernacchi» → fresha, virgilio, paginebianche (Rubinato Marina), yelp, trova-aperto: nessun dominio suo. Profilo letto il 10/9: indirizzo e telefono, nessun link [verifica-sito] motori «""Estetica Marina"" Tradate»: 9 risultati · domini: beautynailhairsalons.com (vivo: Trova Saloni locali); aromavero.it (vivo: 43507 Centri Estetici in Italia (2026) | AromaVero); esteticamarina.com (parcheggiato, indovinato); esteticamarina.net (vivo, indovinato: Home - Estetica Marina) · directory: facebook.com, firmania.it, cylex-italia.it, fresha.com · [esamina-sito] beautynailhairsalons.com: NON APRE (beautynailhairsalons.com non apre (http 429, https://www.beautynailhairsalons.com/)) · [esamina-sito] aromavero.it: OK (il server lo dà modificato l'ultima volta il 09 Sep 2026) · titolo «43507 Centri Estetici in Italia (2026) | AromaVero» · [esamina-sito] esteticamarina.net: OK · titolo «Home - Estetica Marina» · Elementor 4.2.4; features: e_font_icon_svg, additional_custo · [letto a mano 10/9] beautynailhairsalons.com è una directory. Resta gancio 1",,,"Buongiorno Marina, sono Patrick Sappa. Piccola software house a Seveso, DenkiCode.

Ho visto Estetica Marina in corso Bernacchi: i massaggi ayurvedici, il solarium. Su Google escono Fresha, Virgilio e Pagine Bianche, ma un sito suo no.

La bozza del suo sito è già pronta, con le sue foto. Gliela mando qui. Se non le piace me lo dice e chiudiamo qui.

Se poi lo vuole online, poche centinaia di euro una volta più una quota annuale.

Gliela mando?","Corso Bernacchi 45, Tradate · 0331 811415 · Marina Rubinato. Estetica e massaggi ayurvedici, solarium. 347 post.",2026-09-10-instagram-siti-va-co-lc-bg.csv,,,
@passionnails_tradate,Passion Nails,Tradate (VA),Nails,536,1,"cercato «""Passion Nails"" Tradate corso Bernacchi 103» → facebook, oraridiapertura24, scuolaesteticabea: nessun dominio suo. Profilo letto il 10/9: indirizzo in bio, nessun link [verifica-sito] motori «""Passion Nails"" Tradate»: 8 risultati · domini: beautynailhairsalons.com (vivo: Trova Saloni locali); aromavero.it (vivo: 43507 Centri Estetici in Italia (2026) | AromaVero); italy.worldplaces.me (non risponde); it.nails.paraharita.com (non risponde); passionnails.net (vivo, indovinato: PASSION NAILS Official Website | Imagine Nails); passion-nails.com (vivo, indovinato: Passion-Nails.com for sale | Spaceship.com); passion-nails.net (vivo, indovinato: Nagel- und Wimpernstudio - Passion of Eyelash and Nails) · directory: instagram.com, facebook.com, firmania.it, oraridiapertura24.it · [esamina-sito] beautynailhairsalons.com: NON APRE (beautynailhairsalons.com non apre (http 429, https://beautynailhairsalons.com/)) · [esamina-sito] aromavero.it: OK (il server lo dà modificato l'ultima volta il 09 Sep 2026) · titolo «43507 Centri Estetici in Italia (2026) | AromaVero» · [esamina-sito] passionnails.net: DUBBIO (costruito con iWeb; il server lo dà modificato l'ultima volta il 09 Sep 2026) · titolo «PASSION NAILS Official Website | Imagine Nails» · Hostinger AI Builder · [esamina-sito] passion-nails.com: DUBBIO (in fondo alla pagina è fermo al 2001; il server lo dà modificato l'ultima volta il 10 Sep 2026) · titolo «Passion-Nails.com for sale | Spaceship.com» · [esamina-sito] passion-nails.net: DUBBIO (non si adatta al telefono: manca il meta viewport; sta su una piattaforma (weebly)) · titolo «Nagel- und Wimpernstudio - Passion of Eyelash and Nails» · [letto a mano 10/9] beautynailhairsalons.com è una directory. Resta gancio 1",,,"Buongiorno, sono Patrick Sappa di DenkiCode, una piccola software house a Seveso.

Ho guardato Passion Nails in corso Bernacchi. Su Google escono la pagina Facebook e una scheda con gli orari: un sito vostro non c'è, e le foto delle unghie restano chiuse dentro Instagram.

La bozza del vostro sito è già pronta, con le vostre foto. Ve la mando qui. Gratis, se non vi piace finisce lì.

Se poi la volete online, poche centinaia di euro una volta più una quota annuale.

Ve la mando?","Corso Bernacchi 103, Tradate · 375 6062284. Nail art, ricostruzione. 124 post.",2026-09-10-instagram-siti-va-co-lc-bg.csv,,,
@nailstradate,Nails Tradate Paola,Tradate (VA),Onicotecnica,308,1,"cercato «""Passion Nails"" Tradate corso Bernacchi 103» → la ricerca su Tradate non tira fuori nessun dominio a questo nome; controllo domini con verifica-sito.py. Profilo letto il 10/9: nessun link in bio [verifica-sito] motori «""Nails Tradate Paola"" Tradate»: 0 risultati · domini: nessuno risponde",,,"Ciao Paola, sono Patrick Sappa. Ho una piccola software house a Seveso, DenkiCode.

Ho visto il tuo profilo, formata da Nail Master Galia, corsi e clienti nelle storie. Su Google il tuo nome non porta a niente di tuo: un sito non c'è.

La bozza del tuo sito è già pronta, con le tue foto e il tuo nome. Te la mando qui. Gratis. Se non ti piace me lo dici.

Se poi la vuoi online sono poche centinaia di euro una volta più una quota annuale.

Te la mando?","Tradate · Paola, onicotecnica formata da @nailmastergalia. 85 post. ⚠ 308 follower.",2026-09-10-instagram-siti-va-co-lc-bg.csv,,,
@mep.parrucchiere,MeP parrucchiere,Cassano Magnago (VA),Parrucchieri,466,1,"cercato «""MeP"" parrucchiere Cassano Magnago via Vecchia Villa» → paginebianche e paginegialle (Cavallin Colangelo), fresha: nessun dominio suo. Profilo letto il 10/9: indirizzo in bio, nessun link [verifica-sito] motori «""MeP parrucchiere"" Cassano Magnago»: 3 risultati · domini: beautynailhairsalons.com (vivo: Trova Saloni locali) · directory: facebook.com, instagram.com · [esamina-sito] beautynailhairsalons.com: NON APRE (beautynailhairsalons.com non apre (http 429, https://beautynailhairsalons.com/))",,,"Buongiorno, sono Patrick Sappa, DenkiCode, piccola software house a Seveso.

Ho guardato MeP in via Vecchia Villa: uomo e donna, acconciature sposa, 629 post. Su Google però vi trova solo chi già sa il nome, escono Pagine Bianche e Fresha, un sito vostro no.

La bozza del vostro sito è già pronta, con le vostre foto. Ve la mando qui. Gratis, senza impegno.

Se poi la volete online, poche centinaia di euro una volta più una quota annuale.

Ve la mando?","Via Vecchia Villa 47, Cassano Magnago · 0331 289790 · 349 1789316. Uomo e donna, acconciature sposa. 629 post.",2026-09-10-instagram-siti-va-co-lc-bg.csv,,,
@elleffehairstudio,Elleffe hair studio,Castiglione Olona (VA),Parrucchieri/barber,409,1,"cercato «""Elleffe"" hair studio Fiandra Luca Castiglione Olona» → fresha, icribis, facebook, firmania, cylex: nessun dominio suo. Profilo letto il 10/9: indirizzo e telefono, nessun link [verifica-sito] motori «""Elleffe hair studio"" Castiglione Olona»: 8 risultati · domini: capelliextension.it (vivo: Capelli EXT - Elenco delle aziende produttrici di capelli in Italia. Posizione, ); valeriocervelli.it (vivo: Saloni di Bellezza - Elenco dei migliori saloni di bellezza in Italia. Indirizzo); italy.worldplaces.me (non risponde) · directory: firmania.it, facebook.com, fresha.com, informazione-aziende.it · [esamina-sito] capelliextension.it: OK (il server lo dà modificato l'ultima volta il 10 Sep 2026) · titolo «Capelli EXT - Elenco delle aziende produttrici di capelli in Italia. Posizione, contatti e» · [esamina-sito] valeriocervelli.it: OK (il server lo dà modificato l'ultima volta il 10 Sep 2026) · titolo «Saloni di Bellezza - Elenco dei migliori saloni di bellezza in Italia. Indirizzo, recensio»",,,"Buongiorno Luca, sono Patrick Sappa. Piccola software house a Seveso, DenkiCode.

Ho visto Elleffe a Castiglione Olona: donna e barbiere, staff giovane. Su Google escono Fresha, iCribis e Firmania, cioè le schede degli altri. Un sito vostro non c'è.

La bozza del vostro sito è già pronta, con le vostre foto. Ve la mando qui. Non dovete mandarmi niente. Se non vi piace chiudiamo qui.

Se poi lo volete online, poche centinaia di euro una volta più una quota annuale.

Ve la mando?","Via Cesare Battisti 58, Castiglione Olona · 348 4233042 · Luca Fiandra, staff giovane, donna e barbiere. 416 post.",2026-09-10-instagram-siti-va-co-lc-bg.csv,,,
@in19_nails_gallarate,In19 Nails,Gallarate (VA),Nails,664,1,"cercato «""In19"" nails Gallarate via Mazzini 19» → localshop24 (In19 Nails, centro estetico, 344 7066742) e reteimprese: nessun dominio suo. Profilo letto il 10/9: indirizzo in bio, nessun link [verifica-sito] motori «""In19 Nails"" Gallarate»: 4 risultati · domini: nessuno risponde · directory: instagram.com, firmania.it, reteimprese.it, facebook.com",,,"Buongiorno, sono Patrick Sappa di DenkiCode, una piccola software house a Seveso.

Ho guardato In19 Nails in via Mazzini. Su Google escono LocalShop24 e Rete Imprese, con l'indirizzo e il telefono. Un sito vostro non c'è.

La bozza del vostro sito è già pronta, con le vostre foto. Ve la mando qui, gratis. La guardate e decidete.

Se poi la volete online, poche centinaia di euro una volta più una quota annuale.

Ve la mando?","Via Mazzini 19, Gallarate · manicure, pedicure, ricostruzione. 73 post.",2026-09-10-instagram-siti-va-co-lc-bg.csv,,,
@debby.nails.design,"Debora, onicotecnica",Busto Arsizio (VA),Onicotecnica,763,1,"cercato «""Debora"" onicotecnica Busto Arsizio debby nails» → nessuna scheda sua: escono Feelgold, Diva Nail e l'elenco ProntoPro, lei no. Nessun dominio. Profilo letto il 10/9: nessun link in bio [verifica-sito] motori «""Debora, onicotecnica"" Busto Arsizio»: 0 risultati · domini: nessuno risponde",,,"Ciao Debora, sono Patrick Sappa. Ho una piccola software house a Seveso, DenkiCode.

Ho visto il tuo profilo, la manicure curativa oltre alla ricostruzione. Su Google a Busto escono Feelgold e Diva Nail, tu no: un sito con il tuo nome non c'è.

La bozza del tuo sito è già pronta, con le tue foto. Te la mando qui. Gratis. Se non ti piace finisce lì.

Se poi la vuoi online, poche centinaia di euro una volta più una quota annuale.

Te la mando?","Busto Arsizio · ricostruzione, gel, semipermanente, manicure curativa. 143 post.",2026-09-10-instagram-siti-va-co-lc-bg.csv,,,
@barber_garage_busto_arsizio,Barber Garage,Busto Arsizio (VA),Barber,268,1,"cercato «""Barber Garage"" Busto Arsizio via Matteotti 13» → fresha, tiktok, il profilo del barbiere Jonathan: nessun dominio suo. Profilo letto il 10/9: indirizzo e telefono, nessun link [verifica-sito] motori «""Barber Garage"" Busto Arsizio»: 6 risultati · domini: barbergarage.com (vivo, indovinato: BarberGarage.com is for sale | HugeDomains); barbergarage.eu (vivo, indovinato: Barber Garage – Officina dello stile) · directory: misterimprese.it, firmania.it, italiarecensioni.com, fresha.com · [esamina-sito] barbergarage.com: DUBBIO (apre solo in http, senza lucchetto (https non risponde)) · titolo «BarberGarage.com is for sale | HugeDomains» · [esamina-sito] barbergarage.eu: OK · titolo «Barber Garage – Officina dello stile» · [letto a mano 10/9] barbergarage.com è in vendita su HugeDomains e barbergarage.eu è un altro Barber Garage che non nomina Busto: omonimi. Resta gancio 1",,,"Buongiorno, sono Patrick Sappa, DenkiCode, piccola software house a Seveso.

Ho guardato Barber Garage in via Matteotti: stile industriale, prodotti grooming. Su Google esce Fresha con gli orari, ma un sito vostro no.

La bozza del vostro sito è già pronta, con le vostre foto. Ve la mando qui. Gratis, senza impegno.

Se poi la volete online, poche centinaia di euro una volta più una quota annuale. Non migliaia.

Ve la mando?","Via Matteotti 13, Busto Arsizio · 0331 1498206. Barbershop e prodotti grooming. ⚠ 268 follower, 52 post.",2026-09-10-instagram-siti-va-co-lc-bg.csv,,,
@esteticaladolcevitabusto,La Dolce Vita di Sara & Rossana,Busto Arsizio (VA),Estetica,705,1,"cercato «""La Dolce Vita"" estetica Busto Arsizio viale Sicilia» → facebook, foursquare, nicelocal (La Dolce Vita di Reguzzoni Sara e Magni Rossana), informazione-aziende, trova-aperto, firmania, reteimprese: nessun dominio suo. Profilo letto il 10/9: indirizzo, mail e telefono, nessun link [verifica-sito] motori «""La Dolce Vita di Sara & Rossana"" Busto Arsizio»: 0 risultati · domini: nessuno risponde",,,"Buongiorno Sara, buongiorno Rossana. Sono Patrick Sappa, ho una piccola software house a Seveso, DenkiCode.

Ho guardato La Dolce Vita in viale Sicilia. Su Google escono Facebook, Foursquare e le solite schede: un sito vostro non c'è, e la mail in bio è ancora su libero.

La bozza del vostro sito è già pronta, con le vostre foto. Ve la mando qui. Gratis. Se non vi piace me lo dite.

Se poi la volete online, poche centinaia di euro una volta più una quota annuale.

Ve la mando?","Viale Sicilia 19, Busto Arsizio · 392 9812106 · ladolcevita.snc@libero.it. Centro estetico e benessere, Sara e Rossana. 181 post.",2026-09-10-instagram-siti-va-co-lc-bg.csv,,,
@bioesteticabusto,Bio Estetica di Alessia,Busto Arsizio (VA),Estetica avanzata,437,5,"cercato «""Bio Estetica"" Alessia Busto Arsizio» → si controlla; profilo letto il 10/9: in bio bioestetica.prodotticomfortzone.com, la vetrina che il marchio Comfort Zone dà ai rivenditori, nessun dominio suo [verifica-sito] motori «""Bio Estetica di Alessia"" Busto Arsizio»: 0 risultati · domini: nessuno risponde",,,"Buongiorno Alessia, sono Patrick Sappa di DenkiCode, una piccola software house a Seveso.

Ho guardato Bio Estetica: trentacinque anni di lavoro, laser, Comfort Zone. Il link in bio porta a bioestetica.prodotticomfortzone.com, la vetrina che il marchio dà ai rivenditori. Un sito con il vostro nome non c'è.

La bozza del vostro sito è già pronta, con le vostre foto. Ve la mando qui. Gratis, senza impegno.

Se poi la volete online, poche centinaia di euro una volta più una quota annuale.

Ve la mando?","Via Alberto da Giussano 19b, Busto Arsizio · manicure, laser diodo, viso. 279 post.",2026-09-10-instagram-siti-va-co-lc-bg.csv,,,
@cgdecor_imbianchino_varese,CG Decor di Antonio Cigliola,Oggiona con Santo Stefano (VA),Imbianchino/cartongessista,1072,1,"cercato «""CG Decor"" Antonio Cigliola imbianchino Oggiona» → nessuna scheda sua, solo elenchi generici di imbianchini: nessun dominio. Profilo letto il 10/9: WhatsApp in bio, nessun sito [verifica-sito] motori «""CG Decor di Antonio Cigliola"" Oggiona con Santo Stefano»: 5 risultati · domini: nessuno risponde · directory: paginegialle.it, paginebianche.it, informazione-aziende.it, instagram.com",,,"Buongiorno Antonio, sono Patrick Sappa. Ho una piccola software house a Seveso, DenkiCode.

Ho visto i suoi lavori, i cartongessi e le decorazioni. Chi cerca un imbianchino a Oggiona su Google trova Instapro e ProntoPro, lei no: un sito suo non c'è.

La bozza del suo sito è già pronta, con le sue foto di cantiere. Gliela mando qui. Gratis. Se non le piace non se ne fa niente.

Se poi lo vuole online, poche centinaia di euro una volta più una quota annuale.

Gliela mando?","Oggiona con Santo Stefano · 388 4909490. Imbiancature, decorazioni, cartongesso su misura. 25 post, 1.072 follower. È la riga sonda del settore artigiani casa.",2026-09-10-instagram-siti-va-co-lc-bg.csv,,,
@xoval.nails,"Valentina Unghie, onicotecnica",Erba (CO),Onicotecnica,2271,1,"cercato «""xoval"" nails Valentina onicotecnica Como Erba» → Instagram, TikTok, Facebook (Valentina M Nails): nessun dominio suo. Profilo letto il 10/9: nessun link in bio [verifica-sito] motori «""Valentina Unghie, onicotecnica"" Erba»: 0 risultati · domini: nessuno risponde",,,"Ciao Valentina, sono Patrick Sappa. Piccola software house a Seveso, DenkiCode.

Ho guardato il tuo profilo, Como e Erba, 447 post, tutorial e lavori. Su Google il tuo nome porta a Instagram, TikTok e Facebook, ma un sito tuo non c'è.

La bozza del tuo sito è già pronta, con le tue foto. Te la mando qui. Gratis. Se non ti piace me lo dici e chiudiamo.

Se poi la vuoi online, poche centinaia di euro una volta più una quota annuale.

Te la mando?","Como e Erba · estetista e onicotecnica, prenota in DM. 447 post, 2.271 follower.",2026-09-10-instagram-siti-va-co-lc-bg.csv,,,
@debs.beauty.lab,Deb's Beauty Lab,Como (CO),Nails/lashes,324,1,"cercato «""Deborah Nuhaj"" OR ""Deb's beauty lab"" Como» → nessuna scheda italiana: nessun dominio suo. Profilo letto il 10/9: in bio solo il link a Google Maps [verifica-sito] motori «""Deb's Beauty Lab"" Como»: 0 risultati · domini: nessuno risponde",,,"Ciao Deborah, sono Patrick Sappa. Ho una piccola software house a Seveso, DenkiCode.

Ho visto Deb's Beauty Lab, ciglia e unghie a Como. In bio c'è il link a Google Maps, su Google il tuo nome non esce: un sito non c'è.

La bozza del tuo sito è già pronta, con le tue foto. Te la mando qui. Gratis, senza impegno.

Se poi la vuoi online sono poche centinaia di euro una volta più una quota annuale.

Te la mando?","Como · Deborah Nuhaj, lashmaker e onicotecnica. 149 post. ⚠ 324 follower.",2026-09-10-instagram-siti-va-co-lc-bg.csv,,,
@veronica_nails_como,Veronica Nails,Como (CO),Onicotecnica,3751,1,"cercato «""Veronica"" nails Como manicure russa» → escono omonime di Roma e Seregno, nessuna scheda di Como: nessun dominio suo. Profilo letto il 10/9: nessun link in bio [verifica-sito] motori «""Veronica Nails"" Como»: 2 risultati · domini: veronicanails.it (vivo: Veronica Nails | Ricostruzione Unghie Roma Nord); veronicanails.com (vivo, indovinato: Veronica Nails) · directory: facebook.com · [esamina-sito] veronicanails.it: OK · titolo «Veronica Nails | Ricostruzione Unghie Roma Nord» · [esamina-sito] veronicanails.com: OK · titolo «Veronica Nails» · WordPress 6.9.7 · [letto a mano 10/9] veronicanails.it è la Veronica Nails di Roma, già vista nella ricerca a mano: omonima. Resta gancio 1",,,"Ciao Veronica, sono Patrick Sappa di DenkiCode, una piccola software house a Seveso.

Ho guardato il tuo profilo: lami lash, manicure russa, agenda aperta, quasi quattromila follower. Su Google però il tuo nome porta a omonime di Roma e Seregno. Un sito tuo non c'è.

La bozza del tuo sito è già pronta, con le tue foto. Te la mando qui. Gratis. Se non ti piace finisce lì.

Se poi la vuoi online, poche centinaia di euro una volta più una quota annuale.

Te la mando?","Como · lami lash, manicure russa, ricostruzione, «agenda aperta». 548 post, 3.751 follower.",2026-09-10-instagram-siti-va-co-lc-bg.csv,,,
@nicholegramegna_nails,"Nichole, onicotecnica",Como (CO),Onicotecnica,2204,1,"cercato «""Nichole Gramegna"" onicotecnica Como» → nessuna scheda: nessun dominio suo. Profilo letto il 10/9: in bio il link a TikTok, nessun sito [verifica-sito] motori «""Nichole, onicotecnica"" Como»: 0 risultati · domini: nessuno risponde",,,"Ciao Nichole, sono Patrick Sappa. Piccola software house a Seveso, DenkiCode.

Ho visto il tuo profilo, Salon Expert 2025. In bio c'è TikTok, su Google il tuo nome non porta a niente di tuo. Con duemila persone che ti seguono, un sito tuo non c'è.

La bozza del tuo sito è già pronta, con le tue foto. Te la mando qui. Gratis, senza impegno.

Se poi la vuoi online, poche centinaia di euro una volta più una quota annuale.

Te la mando?","Como · Salon Expert 2025 di un'accademia nail. 73 post, 2.204 follower: pochi post, molto seguito.",2026-09-10-instagram-siti-va-co-lc-bg.csv,,,
@_cristabel.nails_,Cristabel Nails,Como (CO),Onicotecnica,1235,1,"cercato «""Cristabel"" nails Como ricostruzione unghie» → solo Instagram: nessun dominio suo. Profilo letto il 10/9: nessun link in bio [verifica-sito] motori «""Cristabel Nails"" Como»: 0 risultati · domini: nessuno risponde",,,"Ciao, sono Patrick Sappa di DenkiCode, una piccola software house a Seveso.

Ho guardato Cristabel Nails: manicure russa, corsi individuali, il french perfetto. Su Google esce solo Instagram, un sito tuo non c'è, e i corsi su un sito si vendono meglio che in una storia.

La bozza del tuo sito è già pronta, con le tue foto. Te la mando qui. Gratis. Se non ti piace me lo dici.

Se poi la vuoi online, poche centinaia di euro una volta più una quota annuale.

Te la mando?","Como · ricostruzione, manicure russa, corsi individuali. 157 post.",2026-09-10-instagram-siti-va-co-lc-bg.csv,,,
@vanity_seriate,Estetica Vanity,Seriate (BG),Estetica,1524,1,"cercato «""Estetica Vanity"" Seriate Paola Giulia» → facebook (Estetica Vanity di Bissacco Giulia), prontopro, virgilio: nessun dominio suo. Profilo letto il 10/9: in bio un link g.co alla scheda Google, nessun sito [verifica-sito] motori «""Estetica Vanity"" Seriate»: 6 risultati · domini: services.italy724.info (vivo: Local Search - Italy); esteticavanity.shop (parcheggiato); esteticavanity.it (parcheggiato, indovinato); estetica-vanity.it (vivo, indovinato: Benvenuti al Vanity Beauty & Sun - Centro estetico San Martino in Rio (RE)) · directory: reteimprese.it, misterimprese.it, instagram.com, coobiz.it · [esamina-sito] services.italy724.info: OK · titolo «Local Search - Italy» · [esamina-sito] estetica-vanity.it: DUBBIO (in fondo alla pagina è fermo al 2023) · titolo «Benvenuti al Vanity Beauty &amp; Sun - Centro estetico San Martino in Rio (RE)» · WordPress 7.1 · [letto a mano 10/9] services.italy724.info è una directory. Resta gancio 1",,,"Buongiorno Paola, buongiorno Giulia. Sono Patrick Sappa, ho una piccola software house a Seveso, DenkiCode.

Ho guardato Estetica Vanity. In bio c'è il link alla scheda Google, e su Google escono Facebook e ProntoPro: un sito vostro non c'è.

La bozza del vostro sito è già pronta, con le vostre foto. Ve la mando qui. Gratis, senza impegno.

Se poi la volete online, poche centinaia di euro una volta più una quota annuale.

Ve la mando?","Seriate · 035 291488 · Paola e Giulia. Ceretta brasiliana, nails. 409 post, 1.524 follower.",2026-09-10-instagram-siti-va-co-lc-bg.csv,,,
@centro_estetica_glamour,Centro Estetica Glamour,Osio Sotto (BG),Estetica/solarium,996,1,"cercato «""Estetica Glamour"" Osio Sotto corso Italia» → facebook, cylex, oraridiapertura24, virgilio: nessun dominio suo (centroestetico.osiosotto.bg.it è La Playa, un'altra). Profilo letto il 10/9: indirizzo e telefono, nessun link [verifica-sito] motori «""Centro Estetica Glamour"" Osio Sotto»: 3 risultati · domini: beautynailhairsalons.com (vivo: Trova Saloni locali) · directory: facebook.com, oraridiapertura24.it · [esamina-sito] beautynailhairsalons.com: OK · titolo «Trova Saloni locali»",,,"Buongiorno, sono Patrick Sappa, DenkiCode, piccola software house a Seveso.

Ho guardato Estetica Glamour in corso Italia, quasi mille post. Su Google escono Facebook, Cylex e gli orari di apertura. Un sito vostro non c'è.

La bozza del vostro sito è già pronta, con le vostre foto. Ve la mando qui. Gratis. Se non vi piace me lo dite.

Se poi la volete online, poche centinaia di euro una volta più una quota annuale.

Ve la mando?","Corso Italia 2, Osio Sotto · 347 6872231. Estetica, nail art, solarium. 983 post.",2026-09-10-instagram-siti-va-co-lc-bg.csv,,,
@esteticaverdesalvia,Verde Salvia Estetica,Bergamo (BG),Estetica/solarium,915,5,"cercato «""Verde Salvia"" estetica Bergamo Jessica Masper» → icribis, fresha, facebook, reteimprese e unobooking.app/verdesalvia: nessun dominio suo. Profilo letto il 10/9: in bio un link a Google Maps e uno in più [verifica-sito] motori «""Verde Salvia Estetica"" Bergamo»: 9 risultati · domini: aromavero.it (vivo: 43507 Centri Estetici in Italia (2026) | AromaVero) · directory: instagram.com, italiarecensioni.com, localshop24.com, unobooking.app · [esamina-sito] aromavero.it: OK (il server lo dà modificato l'ultima volta il 09 Sep 2026) · titolo «43507 Centri Estetici in Italia (2026) | AromaVero»",,,"Buongiorno Jessica, sono Patrick Sappa. Ho una piccola software house a Seveso, DenkiCode.

Ho visto Verde Salvia in via dei Caniana. Le prenotazioni passano da unobooking.app: funziona, ma è una pagina di Unobooking, non un sito suo, e su Google escono Fresha e iCribis.

La bozza del suo sito è già pronta, con le sue foto. Gliela mando qui. Gratis, senza impegno.

Se poi lo vuole online, poche centinaia di euro una volta più una quota annuale, e il bottone per prenotare ci resta.

Gliela mando?","Via dei Caniana 4, Bergamo · Jessica Masper. Estetica avanzata e solarium. 94 post.",2026-09-10-instagram-siti-va-co-lc-bg.csv,,,
@essenziabeautystudio,Essenzia Beauty Studio,Bergamo (BG),Estetica/massaggi,559,1,"cercato «""Essenzia"" beauty studio Bergamo massaggi» → nessuna scheda di Bergamo (l'Essenzia che esce è a Gorizia): nessun dominio suo. Profilo letto il 10/9: nessun link in bio [verifica-sito] motori «""Essenzia Beauty Studio"" Bergamo»: 1 risultati · domini: essenziabeautystudio.com (parcheggiato, indovinato) · directory: instagram.com",,,"Buongiorno, sono Patrick Sappa di DenkiCode, una piccola software house a Seveso.

Ho guardato Essenzia: massaggi olistici, laser, PMU, ciglia. Su Google il nome porta a uno studio di Gorizia, non a Bergamo. Un sito vostro non c'è.

La bozza del vostro sito è già pronta, con le vostre foto. Ve la mando qui. Gratis. Se non vi piace finisce lì.

Se poi la volete online, poche centinaia di euro una volta più una quota annuale.

Ve la mando?","Bergamo · massaggi olistici, laser, PMU, ciglia. 295 post.",2026-09-10-instagram-siti-va-co-lc-bg.csv,,,
@hair_fullness_treviglio,Hair Fullness,Treviglio (BG),Parrucchieri,1049,1,"cercato «""Hair Fullness"" Treviglio via De Federici» → facebook, icribis e registroaziende (Hair-Fullness di Barbieri Silvia), informazione-aziende: nessun dominio suo. Profilo letto il 10/9: WhatsApp in bio, nessun sito [verifica-sito] motori «""Hair Fullness"" Treviglio»: 2 risultati · domini: portale.bergamo.it (vivo: Portale Bergamo | Vivere Bergamo); hairfullness.com (vivo, indovinato: Hairfullness) · directory: registroaziende.it · [esamina-sito] portale.bergamo.it: DUBBIO (in fondo alla pagina è fermo al 2012; il server lo dà modificato l'ultima volta il 10 Sep 2026) · titolo «Portale Bergamo | Vivere Bergamo» · All in One SEO (AIOSEO) 5.0.1.1 · [esamina-sito] hairfullness.com: DUBBIO (la pagina ha 52 parole in tutto: è una vetrina vuota) · titolo «Hairfullness» · [letto a mano 10/9] hairfullness.com è una pagina vuota di 52 parole che non nomina Treviglio né Silvia Barbieri: non è la sua. Resta gancio 1",2026-09-10,"Nessuna risposta (solo autorisposta) (dalla posta, letta il 12/09/2026)","Buongiorno Silvia, sono Patrick Sappa. Piccola software house a Seveso, DenkiCode.

Ho visto Hair Fullness: prodotti organici, la sauna per capelli. Su Google escono Facebook, iCribis e il registro aziende. Un sito suo non c'è, e per un metodo così un sito serve a spiegarlo.

La bozza del suo sito è già pronta, con le sue foto. Gliela mando qui. Gratis, senza impegno.

Se poi lo vuole online, poche centinaia di euro una volta più una quota annuale.

Gliela mando?","Via De Federici 2/A, Treviglio · 340 0512074 · Silvia Barbieri. Cura naturale, prodotti organici, sauna per capelli. 119 post.",2026-09-10-instagram-siti-va-co-lc-bg.csv,,,"Ciao, grazie per averci contattato. Ti ricontatteremo il prima possibile"
@andrea_lashmaker_bustoa,"EsteticAndrea, lashmaker",Busto Arsizio (VA),Lashmaker/estetica,309,1,"cercato «""EsteticAndrea"" lashmaker Busto Arsizio ciglia» → solo il profilo Instagram e TikTok: nessun dominio suo. Profilo letto il 10/9: nessun link in bio [verifica-sito] motori «""EsteticAndrea, lashmaker"" Busto Arsizio»: 0 risultati · domini: nessuno risponde",,,"Ciao Andrea, sono Patrick Sappa. Ho una piccola software house a Seveso, DenkiCode.

Ho visto il tuo profilo, lashmaker a Busto. Su Google il tuo nome porta a Instagram e a TikTok, un sito tuo non c'è.

La bozza del tuo sito è già pronta, con le tue foto. Te la mando qui. Gratis. Se non ti piace finisce lì.

Se poi la vuoi online, poche centinaia di euro una volta più una quota annuale.

Te la mando?",Busto Arsizio · lashmaker specializzata. 125 post. ⚠ 309 follower.,2026-09-10-instagram-siti-va-co-lc-bg.csv,,,
@barber_shop_gold_2,Barber Shop Gold 2,Busto Arsizio (VA),Barber,262,5,"cercato «""Barber Shop Gold"" Busto Arsizio barbiere gold 2» → fresha (piazza Manzoni 7, 388 2495414), facebook: nessun dominio suo. Profilo letto il 10/9: in bio solo app.barbierefacile.it/shop/barber-shop-gold-2 [verifica-sito] motori «""Barber Shop Gold 2"" Busto Arsizio»: 2 risultati · domini: nessuno risponde · directory: facebook.com, fresha.com",,,"Buongiorno, sono Patrick Sappa di DenkiCode, piccola software house a Seveso.

Ho guardato Barber Shop Gold 2 in piazza Manzoni, aperti anche la domenica. Il link in bio porta a barbierefacile.it: comodo per prenotare, ma è una pagina loro, non un sito vostro.

La bozza del vostro sito è già pronta, con le vostre foto e il bottone per prenotare. Ve la mando qui. Gratis, senza impegno.

Se poi la volete online, poche centinaia di euro una volta più una quota annuale.

Ve la mando?","Piazza Manzoni 7, Busto Arsizio · 388 2495414 · mar-sab 9-20, domenica 11-19. 30 post. ⚠ 262 follower.",2026-09-10-instagram-siti-va-co-lc-bg.csv,,,
@ela__nails__gallarate,Ela Nails,Gallarate (VA),Onicotecnica,1988,1,"cercato «""Ela nails"" Gallarate onicotecnica ricostruzione» → escono Queen Nail, Crystal Nails, La Regina Nails: lei no, nessun dominio suo. Profilo letto il 10/9: bio vuota, nessun link [verifica-sito] motori «""Ela Nails"" Gallarate»: 3 risultati · domini: elanails.com (vivo, indovinato: elanails.com - Questo sito web è in vendita! - elanails Risorse e informazione.); ela-nails.ch (vivo, indovinato: Home) · directory: instagram.com, facebook.com, linktr.ee · [esamina-sito] elanails.com: DUBBIO (la pagina ha 29 parole in tutto: è una vetrina vuota; il server lo dà modificato l'ultima volta il 10 Sep 2026) · titolo «elanails.com&nbsp;-&nbsp;Questo sito web è in vendita!&nbsp;-&nbsp;elanails Risorse e info» · [esamina-sito] ela-nails.ch: DUBBIO (il titolo della pagina è ancora quello di default: «Home») · titolo «Home» · BaseKit · [letto a mano 10/9] elanails.com è in vendita e ela-nails.ch è svizzero con il titolo di default: nessuno dei due è suo. Resta gancio 1",,,"Ciao, sono Patrick Sappa. Ho una piccola software house a Seveso, DenkiCode.

Ho guardato Ela Nails: 325 post, quasi duemila persone che ti seguono, e in bio non c'è niente, nemmeno un telefono. Su Google non esci. Chi ti cerca fuori da Instagram non ti trova.

La bozza del tuo sito è già pronta, con le tue foto e il tuo nome. Te la mando qui. Gratis. Se non ti piace finisce lì.

Se poi la vuoi online, poche centinaia di euro una volta più una quota annuale.

Te la mando?","Gallarate · 325 post e quasi duemila follower, ma la bio è vuota: niente indirizzo, niente telefono. Le foto sono l'unica cosa che ha online.",2026-09-10-instagram-siti-va-co-lc-bg.csv,,,
@nailsbyirsi_gallarate,Nails by Irsi,Gallarate (VA),Onicotecnica,276,1,"cercato «""nails by Irsi"" onicotecnica Gallarate Varese» → nessuna scheda sua, escono solo gli elenchi ProntoPro, Fresha ed Emagister: nessun dominio. Profilo letto il 10/9: nessun link in bio [verifica-sito] motori «""Nails by Irsi"" Gallarate»: 0 risultati · domini: nessuno risponde",,,"Ciao Irsi, sono Patrick Sappa di DenkiCode, una piccola software house a Seveso.

Ho visto il tuo profilo, Gallarate e Varese, info in DM. Su Google il tuo nome non porta a niente di tuo: escono le accademie e ProntoPro, tu no.

La bozza del tuo sito è già pronta, con le tue foto. Te la mando qui. Gratis, senza impegno.

Se poi la vuoi online, poche centinaia di euro una volta più una quota annuale.

Te la mando?","Gallarate e Varese · onicotecnica, info in DM. 91 post. ⚠ 276 follower.",2026-09-10-instagram-siti-va-co-lc-bg.csv,,,
@nails.varese_avignio,Manicure & Pedicure Varese (Avignio),Varese (VA),Onicotecnica,222,1,"cercato «""Avignio"" manicure pedicure Varese nails» → nessuna scheda sua, escono altri centri di Varese (ABC Nails, Perfect Nails): nessun dominio. Profilo letto il 10/9: in bio una mail gmail, nessun link [verifica-sito] motori «""Manicure & Pedicure Varese (Avignio)"" Varese»: 0 risultati · domini: nessuno risponde",,,"Ciao, sono Patrick Sappa. Piccola software house a Seveso, DenkiCode.

Ho guardato il tuo profilo di manicure e pedicure a Varese. In bio c'è solo una mail, e su Google escono gli altri centri della città, non tu.

La bozza del tuo sito è già pronta, con le tue foto. Te la mando qui. Gratis. Se non ti piace me lo dici.

Se poi la vuoi online, poche centinaia di euro una volta più una quota annuale.

Te la mando?","Varese · manicure e pedicure. 78 post. ⚠ 222 follower, il profilo più piccolo della lista.",2026-09-10-instagram-siti-va-co-lc-bg.csv,,,
@hoteldecharmelaveno,Hotel De Charme Laveno,Laveno Mombello (VA),Albergo,5815,T,"cercato «site:instagram.com hotel Luino Laveno lago Maggiore» → profilo letto il 10/9: boutique hotel con 30 suite e 12 appartamenti, sito laveno-hotel.com. Squadra stimata 20-40 persone, gestione propria · [verifica-turni] letto il 10/9: 30 suite, 12 appartamenti, una villa, piscina rooftop e spa: reception, camere, colazioni e spa girano su turni diversi",,,"Buongiorno, sono Patrick Sappa. Ho una piccola software house a Seveso, DenkiCode.

Ho guardato l'Hotel De Charme: trenta suite, dodici appartamenti, la piscina sul tetto, la spa. Sono almeno tre squadre che girano su orari diversi. Le chiedo una cosa sola: i turni li fate ancora su un foglio, o avete un programma?

Il nostro fa questo: chi coordina costruisce la settimana una volta, ogni persona la vede sul suo telefono, e quando uno si dà malato le dice subito chi è libero.

Dieci minuti in videochiamata e vede se vale qualcosa per voi. Se non serve, non mi sente più.","Laveno Mombello · boutique hotel 30 suite + 12 appartamenti + Villa de Charme, rooftop pool, spa. 397 post, 5.815 follower. Sito curato: investe.",2026-09-10-instagram-denkishift-va-co-lc-bg.csv,,,
@caminhotelluino,Camin Hotel Luino,Luino (VA),Albergo con ristorante,2344,T,"cercato «site:instagram.com hotel Luino lago Maggiore» → profilo letto il 10/9: boutique hotel con ristorante gourmet @illeondoro, viale Dante 35, sito caminhotelluino.com. Squadra stimata 15-30 · [verifica-turni] letto il 10/9: albergo con ristorante gourmet (Il Leon d'Oro): due squadre, sala e camere, su orari diversi",,,"Buongiorno, sono Patrick Sappa, DenkiCode, una piccola software house a Seveso.

Camere vista lago e il Leon d'Oro sotto: la squadra delle camere e la brigata del ristorante non fanno mai gli stessi orari. Come li mettete insieme, ancora su WhatsApp?

Abbiamo fatto un programma per quello. La settimana si costruisce una volta, ognuno vede la sua sul telefono, e i cambi di turno non passano più da cinque telefonate.

Glielo faccio vedere in dieci minuti, in videochiamata, quando le torna comodo. Se non le serve me lo dice e finisce lì.","Viale Dante 35, Luino · camere vista lago e ristorante gourmet Il Leon d'Oro. 280 post.",2026-09-10-instagram-denkishift-va-co-lc-bg.csv,,,
@hoteldulacbellagio,Hotel Du Lac & Spa,Bellagio (CO),Albergo con ristoranti,7236,T,"cercato «site:instagram.com hotel Bellagio lago di Como» → profilo letto il 10/9: hotel & spa in piazza Mazzini 32 con bistrot @arturo_bistrot, fine dining @gioya_bellagio e rooftop; sito bellagiohoteldulac.com. Squadra stimata 30-50 · [verifica-turni] letto il 10/9: bistrot, fine dining e rooftop bar oltre alle camere: quattro squadre in un edificio solo",2026-09-10,"Nessuna risposta (solo autorisposta) (dalla posta, letta il 12/09/2026)","Buongiorno, sono Patrick Sappa. Piccola software house a Seveso, DenkiCode.

Ho guardato il Du Lac: hotel, spa, il bistrot Arturo, Gioya e il rooftop. Quattro squadre in un edificio solo. Chi fa i turni da voi, e con cosa?

Il nostro programma fa questo: la settimana la costruisce una volta, ogni persona la vede sul suo telefono, e quando salta qualcuno le dice chi è libero e chi ha già fatto troppe ore.

Dieci minuti in videochiamata. Se non vale per voi, non mi sente più.","Piazza Mazzini 32, Bellagio · hotel, spa, bistrot, ristorante, rooftop bar. 212 post, 7.236 follower.",2026-09-10-instagram-denkishift-va-co-lc-bg.csv,,,Thank you for your kind request. For any information contact info@bellagiohoteldulac.com
@hotelasnigocernobbio,Hotel Asnigo,Cernobbio (CO),Albergo con ristorante,1954,T,"cercato «site:instagram.com hotel Cernobbio» → profilo letto il 10/9: hotel in via Noseda 2 con piscina e ristorante, sito hotelasnigo.it. Squadra stimata 15-30. Il ristorante (@ristoranteasnigocernobbio) era nella lista siti di ieri come scartato per sito vivo: non gli è mai stato scritto · [verifica-turni] letto il 10/9: albergo con piscina e ristorante sopra Cernobbio: camere, sala e cucina",,,"Buongiorno, sono Patrick Sappa di DenkiCode, una piccola software house a Seveso.

Ho visto l'Asnigo, con la piscina e il ristorante. Camere, sala e cucina: tre orari diversi da tenere in piedi ogni settimana. Come li fate oggi, su carta o su Excel?

Il nostro programma costruisce la settimana una volta sola, ognuno se la vede sul telefono, e quando uno manca all'ultimo le dice subito chi può coprire.

Glielo faccio vedere in dieci minuti, in videochiamata. Se non le serve, me lo dice.","Via Noseda 2, Cernobbio · hotel con piscina e ristorante. 293 post.",2026-09-10-instagram-denkishift-va-co-lc-bg.csv,,,
@belvederebellagio,Belvedere Bellagio,Bellagio (CO),Albergo,17100,T,"cercato «site:instagram.com hotel Bellagio» → profilo letto il 10/9: hotel di famiglia da cinque generazioni, via Valassina 31, sito belvederebellagio.com. Squadra stimata 30-50 in stagione · [verifica-turni] letto il 10/9: cinque generazioni della famiglia Martinelli-Manoni: albergo storico con ristorante, piscina e giardino",,,"Buongiorno, sono Patrick Sappa. Ho una piccola software house a Seveso, DenkiCode.

Cinque generazioni, e una squadra che in stagione cresce parecchio. Le chiedo una cosa sola: quando salta qualcuno all'ultimo, come lo coprite? Li chiamate uno per uno?

Abbiamo fatto un programma che fa esattamente quello: la settimana si costruisce una volta, ogni persona la vede sul telefono, e chi è libero lo dice lui.

Dieci minuti in videochiamata, quando vuole. Se non fa per voi, chiudiamo qui.","Via Valassina 31, Bellagio · albergo di famiglia, 17.100 follower. ⚠ Potrebbe superare le 50 persone in alta stagione: chiederlo alla demo.",2026-09-10-instagram-denkishift-va-co-lc-bg.csv,,,
@hotelcentralebellagio,Hotel Centrale Bellagio,Bellagio (CO),Albergo,708,T,"cercato «site:instagram.com hotel Bellagio» → profilo letto il 10/9: hotel 3 stelle a gestione familiare dal 1922, sito hc-bellagio.com. Squadra stimata 8-15 · [verifica-turni] letto il 10/9: albergo a gestione familiare dal 1922, tre stelle",,,"Buongiorno, sono Patrick Sappa, DenkiCode, piccola software house a Seveso.

Hotel a gestione familiare dal 1922: i turni li fa la famiglia, immagino, e li fa a mano. Le chiedo solo questo: quando uno si dà malato, come lo sostituite?

Il nostro programma costruisce la settimana una volta, ognuno la vede sul telefono, e quando manca qualcuno le dice chi è libero senza girare telefonate.

Glielo mostro in dieci minuti, in videochiamata. Se non serve a voi, me lo dice e non mi sente più.","Bellagio · info@hc-bellagio.com. Tre stelle, dal 1922. 70 post.",2026-09-10-instagram-denkishift-va-co-lc-bg.csv,,,
@villacocca_gavirate,Villa Cocca,Gavirate (VA),Ristorante/pizzeria/eventi,6107,T,"cercato «Villa Cocca Gavirate» → profilo letto il 10/9: ristorante pizzeria con location eventi e piscina, via del Chiostro 14, sito villacocca.com, aperto 7/7 11-24. Squadra stimata 20-40. Nella lista siti dell'8-9/9 scartato perché ha il sito: mai contattato · [verifica-turni] letto il 10/9: ristorante, pizzeria, location eventi e piscina, aperto tutti i giorni dalle 11 a mezzanotte",,,"Buongiorno, sono Patrick Sappa. Ho una piccola software house a Seveso, DenkiCode.

Villa Cocca è aperta tutti i giorni dalle undici a mezzanotte, con il ristorante, la pizzeria, gli eventi e la piscina. È una settimana da incastrare ogni settimana. Chi la fa, e su cosa?

Il nostro programma la costruisce una volta, la manda sul telefono di ognuno, e quando salta qualcuno il sabato le dice subito chi è libero e chi ha già fatto troppe ore.

Dieci minuti in videochiamata e capisce se vale qualcosa per voi. Se no, finisce lì.","Via del Chiostro 14, Gavirate · 7 giorni su 7, 11-24, eventi e piscina. 822 post, 6.107 follower.",2026-09-10-instagram-denkishift-va-co-lc-bg.csv,,,
@tigarba_,Tigarba,Busto Arsizio (VA),Ristorante,3366,T,"cercato «Tigarba Busto Arsizio» → profilo letto il 10/9: ristorante toscano, via per Fagnano angolo via Caserta, linktree con prenotazioni. Squadra stimata 10-20. Scartato dalla lista siti perché ha il sito: mai contattato · [verifica-turni] letto il 10/9: ristorante toscano contemporaneo con carne certificata, prenotazioni online",,,"Buongiorno, sono Patrick Sappa di DenkiCode, una piccola software house a Seveso.

Ho guardato Tigarba, la Toscana a Busto. Sala e cucina su pranzo e cena, prenotazioni online: la squadra c'è. I turni come li fate, ancora sul gruppo WhatsApp?

Abbiamo fatto un programma per quello: la settimana si costruisce una volta, ogni persona vede la sua sul telefono, e i cambi non si perdono nei messaggi.

Glielo faccio vedere in dieci minuti, in videochiamata. Se non le serve me lo dice.","Via per Fagnano, Busto Arsizio · carne toscana certificata. 114 post, 3.366 follower.",2026-09-10-instagram-denkishift-va-co-lc-bg.csv,,,
@calmaegessobustoarsizio,Calma e Gesso,Busto Arsizio (VA),Bar e ristorante,2119,T,"cercato «Calma e Gesso Busto Arsizio» → profilo letto il 10/9: bar & ristorante via Pozzi 7, orari lunghi (8-20 e sera), eventi, sito calmaegesso.it. Squadra stimata 10-20. Mai contattato · [verifica-turni] letto il 10/9: bar & ristorante con eventi e serate a tema, aperto dal lunedì al sabato dalle 8",,,"Buongiorno, sono Patrick Sappa. Piccola software house a Seveso, DenkiCode.

Calma e Gesso apre alle otto e chiude a sera. In mezzo, eventi e feste. Bar di giorno, ristorante la sera: due squadre, o la stessa che fa tutto? I turni chi li scrive?

Il nostro programma costruisce la settimana una volta, la mette sul telefono di ognuno, e quando qualcuno manca le dice chi è libero.

Dieci minuti in videochiamata, quando le va. Se non fa per voi, non mi sente più.","Via Pozzi 7, Busto Arsizio · bar dalle 8, ristorante, eventi e feste private. 234 post.",2026-09-10-instagram-denkishift-va-co-lc-bg.csv,,,
@harrysbarcernobbio,Harry's Bar Cernobbio,Cernobbio (CO),Ristorante,6130,T,"cercato «Harry's Bar Cernobbio Cernobbio» → profilo letto il 10/9: ristorante sulla riva di Cernobbio, sito harrysbarcernobbio.it, «da quest'anno aperti tutto l'anno». Squadra stimata 15-30. Scartato dalla lista siti: mai contattato · [verifica-turni] letto il 10/9: da quest'anno aperti tutto l'anno sulla riva di Cernobbio: la squadra non si ferma più a ottobre",,,"Buongiorno, sono Patrick Sappa, DenkiCode, una piccola software house a Seveso.

Ho letto che da quest'anno Harry's Bar resta aperto tutto l'anno. La squadra non si ferma più a ottobre, e i turni diventano un lavoro di dodici mesi. Come li fate?

Il nostro programma li costruisce una volta a settimana, ognuno vede i suoi sul telefono, e ferie e malattie entrano lì dentro senza rifare i conti a mano.

Glielo mostro in dieci minuti, in videochiamata. Se non serve, me lo dice e chiudiamo.","Riva di Cernobbio · aperto tutto l'anno dal 2026. 831 post, 6.130 follower.",2026-09-10-instagram-denkishift-va-co-lc-bg.csv,,,
@ristorantedelporto_menaggio,Ristorante del Porto,Menaggio (CO),Ristorante,936,T,"cercato «Ristorante del Porto Menaggio» → profilo letto il 10/9: ristorante in via IV Novembre 21 con executive chef, sito ristorantedelporto.it. Squadra stimata 10-20 · [verifica-turni] letto il 10/9: executive chef e brigata, cucina di lago per turisti",,,"Buongiorno, sono Patrick Sappa. Ho una piccola software house a Seveso, DenkiCode.

Ristorante del Porto, con un executive chef e una brigata dietro. Le chiedo una cosa sola: quando uno di sala si dà malato il sabato, come lo coprite?

Abbiamo fatto un programma che fa quello: la settimana si costruisce una volta, ognuno vede la sua sul telefono, e quando manca qualcuno le dice subito chi è libero.

Dieci minuti in videochiamata, quando le torna comodo. Se non vale per voi, non mi sente più.","Via IV Novembre 21, Menaggio · executive chef, cucina di lago. 69 post.",2026-09-10-instagram-denkishift-va-co-lc-bg.csv,,,
@ristorantepizzeriasanvigilio,Ristorante Pizzeria San Vigilio,Bergamo (BG),Ristorante/pizzeria,4696,T,"cercato «Ristorante Pizzeria San Vigilio Bergamo» → profilo letto il 10/9: locale storico in via San Vigilio 34 con terrazza e giardino, sito ristorantepizzeriasanvigilio.it. Squadra stimata 15-30 · [verifica-turni] letto il 10/9: locale storico con terrazza panoramica e giardino: sala, pizzeria e cucina su turni diversi",,,"Buongiorno, sono Patrick Sappa di DenkiCode, piccola software house a Seveso.

Il San Vigilio: terrazza, giardino, ristorante e pizzeria. Sala, forno e cucina non fanno gli stessi orari, e in estate la squadra raddoppia. Chi fa i turni da voi, e con cosa?

Il nostro programma li costruisce una volta a settimana, li manda sul telefono di ognuno, e quando salta qualcuno le dice chi è libero e chi ha già fatto troppe ore.

Glielo faccio vedere in dieci minuti, in videochiamata. Se non le serve, me lo dice.","Via San Vigilio 34, Bergamo · 035 253188. Terrazza e giardino, 4.696 follower.",2026-09-10-instagram-denkishift-va-co-lc-bg.csv,,,
@il_gattopardo_dalmine,Il Gattopardo,Dalmine (BG),Ristorante/pizzeria,5055,T,"cercato «Il Gattopardo Dalmine» → profilo letto il 10/9: ristorante pizzeria in piazza Caduti 6 Luglio 12, sito pizzeriagattopardo.it. Squadra stimata 15-25 · [verifica-turni] letto il 10/9: ristorante e pizzeria in piazza, prenotazione online, 5.000 follower",,,"Buongiorno, sono Patrick Sappa. Piccola software house a Seveso, DenkiCode.

Il Gattopardo, cinquemila follower e la sala piena. Le chiedo una cosa sola: quando uno vi salta all'ultimo, come fate? Telefonate a giro?

Abbiamo fatto un programma per quello. La settimana si costruisce una volta, ogni persona vede la sua sul telefono, e chi è libero lo vede subito chi coordina.

Dieci minuti in videochiamata e capisce se vale per voi. Se no, finisce qui.","Piazza Caduti 6 Luglio 12, Dalmine · 446 post, 5.055 follower.",2026-09-10-instagram-denkishift-va-co-lc-bg.csv,,,
@ororossoristorante,Oro Rosso,Tradate (VA),Ristorante,1026,T,"cercato «Oro Rosso Tradate» → profilo letto il 10/9: ristorante in via Marconi 26, 0331 852703, linktree. Squadra stimata 8-15 · [verifica-turni] letto il 10/9: ristorante nel centro di Tradate con prenotazione online",,,"Buongiorno, sono Patrick Sappa, DenkiCode, una piccola software house a Seveso.

Oro Rosso, nel centro di Tradate. Sala e cucina, pranzo e cena, sei o sette giorni. I turni chi li scrive? Finiscono sul gruppo, o su un foglio?

Il nostro programma li costruisce una volta a settimana, li mette sul telefono di ognuno, e le ferie e le malattie entrano lì senza rifare i conti.

Glielo mostro in dieci minuti, in videochiamata. Se non le serve, me lo dice e non mi sente più.","Via Marconi 26, Tradate · 0331 852703. 346 post.",2026-09-10-instagram-denkishift-va-co-lc-bg.csv,,,
@papillonristorante,Papillon,Sesto Calende (VA),Ristorante,3512,T,"cercato «Papillon Sesto Calende» → profilo letto il 10/9: ristorante sulla riva del Ticino, sito papillonsesto.com. Squadra stimata 10-20 · [verifica-turni] letto il 10/9: ristorante elegante sulla riva del Ticino",,,"Buongiorno, sono Patrick Sappa. Ho una piccola software house a Seveso, DenkiCode.

Papillon, sulla riva del Ticino, con la stagione che cambia la squadra due volte l'anno. Le chiedo una cosa: quando salta qualcuno in sala, come lo coprite?

Abbiamo fatto un programma che serve a quello: la settimana si costruisce una volta, ognuno vede la sua sul telefono, e quando manca uno le dice chi è libero.

Dieci minuti in videochiamata, quando vuole. Se non fa per voi, chiudiamo qui.","Sesto Calende · 340 2915645. 221 post, 3.512 follower.",2026-09-10-instagram-denkishift-va-co-lc-bg.csv,,,
@autentiko_gusto_napoletano,Autentiko,Appiano Gentile (CO),Pizzeria/ristorante,13100,T,"cercato «Autentiko Appiano Gentile» → profilo letto il 10/9: pizzeria con due sedi (Appiano Gentile e Lugano), sito autentiko.it. Squadra stimata 20-40 in totale · [verifica-turni] letto il 10/9: due sedi, Appiano Gentile e Lugano, fra le prime 200 pizzerie d'Europa: due squadre e due turnazioni",,,"Buongiorno, sono Patrick Sappa di DenkiCode, piccola software house a Seveso.

Autentiko ha due sedi, Appiano e Lugano, e sta fra le prime duecento pizzerie d'Europa. Due squadre, due calendari, e chi coordina li tiene insieme a mano, immagino. Come li fate?

Il nostro programma costruisce la settimana di ogni sede una volta, ogni persona vede la sua sul telefono, e quando salta qualcuno dice chi è libero anche nell'altra sede.

Glielo faccio vedere in dieci minuti, in videochiamata. Se non serve, me lo dice.","Appiano Gentile e Lugano · 13.100 follower, 50 Top Pizza. 204 post.",2026-09-10-instagram-denkishift-va-co-lc-bg.csv,,,
@ristorantetarantola,Ristorante Tarantola,Appiano Gentile (CO),Ristorante,4761,T,"cercato «Ristorante Tarantola Appiano Gentile» → profilo letto il 10/9: ristorante in via della Resistenza 29, dal 1969, wedding e catering, sito ristorantetarantola.it. Squadra stimata 15-30 · [verifica-turni] letto il 10/9: ristorante di famiglia dal 1969, wedding e catering: la squadra cambia ogni weekend",,,"Buongiorno, sono Patrick Sappa. Piccola software house a Seveso, DenkiCode.

Tarantola dal 1969, con i matrimoni e il catering: ogni weekend la squadra è diversa da quello prima. Le chiedo una cosa sola: chi fa i turni, e su cosa?

Il nostro programma li costruisce una volta a settimana, li manda sul telefono di ognuno, e quando salta uno le dice subito chi è libero e chi ha già fatto troppe ore.

Dieci minuti in videochiamata e vede se vale per voi. Se no, non mi sente più.","Via della Resistenza 29, Appiano Gentile · dal 1969, matrimoni e catering. 889 post.",2026-09-10-instagram-denkishift-va-co-lc-bg.csv,,,
@plinioarosio,Ristorante Plinio 1988,Arosio (CO),Ristorante,1442,T,"cercato «Ristorante Plinio 1988 Arosio» → profilo letto il 10/9: ristorante in via Caio Plinio 3, sito plinio1988.it. Squadra stimata 8-15 · [verifica-turni] letto il 10/9: ristorante dal 1988 con menù del giorno e ricorrenze",,,"Buongiorno, sono Patrick Sappa, DenkiCode, una piccola software house a Seveso.

Ristorante Plinio dal 1988, menù del giorno e ricorrenze. Le faccio una domanda sola: quando uno vi salta all'ultimo, lo coprite chiamando uno per uno?

Abbiamo fatto un programma per quello: la settimana si costruisce una volta, ognuno la vede sul telefono, e chi è libero lo dice lui.

Glielo mostro in dieci minuti, in videochiamata. Se non le serve, me lo dice.","Via Caio Plinio 3, Arosio · dal 1988. 135 post.",2026-09-10-instagram-denkishift-va-co-lc-bg.csv,,,
@osterialombardamerate,Osteria Lombarda,Merate (LC),Ristorante/enoteca,2670,T,"cercato «Osteria Lombarda Merate» → profilo letto il 10/9: ristorante enoteca in piazza Italia 2, sito osterialombarda.it. Squadra stimata 8-15 · [verifica-turni] letto il 10/9: ristorante enoteca in piazza a Merate, cucina del territorio",,,"Buongiorno, sono Patrick Sappa. Ho una piccola software house a Seveso, DenkiCode.

Osteria Lombarda, in piazza a Merate, ristorante ed enoteca. Sala e cucina su orari diversi: i turni come li scrivete, su un foglio o sul gruppo?

Il nostro programma li costruisce una volta a settimana, li mette sul telefono di ogni persona, e le ferie e le malattie entrano lì dentro senza rifare i conti a mano.

Dieci minuti in videochiamata, quando le torna comodo. Se non fa per voi, finisce qui.","Piazza Italia 2, Merate · 677 post, 2.670 follower.",2026-09-10-instagram-denkishift-va-co-lc-bg.csv,,,
@ristorantedapietro,Da Pietro 1955,Como (CO),Ristorante,8206,T,"cercato «Da Pietro 1955 Como» → profilo letto il 10/9: ristorante in piazza Duomo 16, dal 1955, sito dapietro1955.it. Squadra stimata 15-30 · [verifica-turni] letto il 10/9: ristorante in piazza Duomo a Como dal 1955, 8.000 follower: sala piena tutto l'anno",,,"Buongiorno, sono Patrick Sappa di DenkiCode, una piccola software house a Seveso.

Da Pietro dal 1955, in piazza Duomo. Sala piena tutto l'anno. Le chiedo una cosa sola: quando salta qualcuno il sabato sera, come fate?

Abbiamo fatto un programma che fa quello: la settimana si costruisce una volta, ogni persona vede la sua sul telefono, e quando manca uno le dice subito chi è libero.

Glielo faccio vedere in dieci minuti, in videochiamata. Se non serve, me lo dice e chiudiamo.","Piazza Duomo 16, Como · dal 1955. 302 post, 8.206 follower.",2026-09-10-instagram-denkishift-va-co-lc-bg.csv,,,
@morso_pizzeria_bergamo,Mòrso pizzeria,Bergamo (BG),Pizzeria,2310,T,"cercato «Mòrso pizzeria Bergamo» → profilo letto il 10/9: pizzeria in via Sant'Orsola 31b, Gambero Rosso, sito morsopizzeriabergamo.it. Squadra stimata 10-20 · [verifica-turni] letto il 10/9: pizzeria del Gambero Rosso, chiusa solo il lunedì a pranzo: tredici servizi a settimana",,,"Buongiorno, sono Patrick Sappa. Piccola software house a Seveso, DenkiCode.

Mòrso chiude solo il lunedì a pranzo: tredici servizi a settimana. I turni chi li fa, e dove li scrive?

Il nostro programma li costruisce una volta a settimana, li manda sul telefono di ognuno, e quando salta qualcuno le dice chi è libero e chi ha già fatto troppe ore.

Dieci minuti in videochiamata e vede se vale per voi. Se no, non mi sente più.","Via Sant'Orsola 31b, Bergamo · chiusi solo lunedì a pranzo. 446 post.",2026-09-10-instagram-denkishift-va-co-lc-bg.csv,,,
@ondacernobbio,Onda Cernobbio,Cernobbio (CO),Ristorante/pizzeria/bar,11500,T,"cercato «Onda Cernobbio Cernobbio» → profilo letto il 10/9: ristorante pizzeria american bar wine bar con serate, linktree in bio. Squadra stimata 20-40 · [verifica-turni] letto il 10/9: ristorante, pizzeria, aperitivi, american bar e serate: dalla colazione alla notte",,,"Buongiorno, sono Patrick Sappa, DenkiCode, una piccola software house a Seveso.

Onda: ristorante, pizzeria, aperitivi, american bar, le serate. Dalla mattina alla notte con squadre diverse. Chi mette insieme i turni, e con cosa?

Il nostro programma costruisce la settimana una volta, ogni persona vede la sua sul telefono, e quando uno manca dice chi è libero senza fare il giro di chiamate.

Glielo mostro in dieci minuti, in videochiamata. Se non le serve, me lo dice.","Cernobbio · 11.500 follower, giovedì dell'Onda. 409 post.",2026-09-10-instagram-denkishift-va-co-lc-bg.csv,,,
@gymnasiumlecco,Gymnasium Different Fit,Lecco (LC),Palestra,1523,T,"cercato «Gymnasium Different Fit Lecco» → profilo letto il 10/9: palestra in via Bainsizza 18A, lun-ven 7-22.30 e sab-dom 9-17, sito gymnasiumlecco.com. Squadra stimata 8-15 · [verifica-turni] letto il 10/9: palestra aperta dalle 7 alle 22.30 in settimana e nel weekend: istruttori e reception a turni",,,"Buongiorno, sono Patrick Sappa. Ho una piccola software house a Seveso, DenkiCode.

Gymnasium è aperta dalle sette alle dieci e mezza di sera, più il weekend: istruttori e reception a turni tutto il giorno. Come li fate oggi, su Excel?

Il nostro programma costruisce la settimana una volta, ognuno vede i suoi turni sul telefono, e quando salta uno le dice chi è libero.

Dieci minuti in videochiamata, quando le va. Se non fa per voi, chiudiamo qui.","Via Bainsizza 18A, Lecco · 7-22.30. 220 post.",2026-09-10-instagram-denkishift-va-co-lc-bg.csv,,,
@newwayfitnessvarese,New Way Fitness,Varese (VA),Palestra,3266,T,"cercato «New Way Fitness Varese» → profilo letto il 10/9: centro fitness in via Garoni 7 con piscina estiva, crossfit e muay thai, sito newwayfitness.it. Squadra stimata 15-30 · [verifica-turni] letto il 10/9: sala pesi, corsi, piscina estiva, crossfit, muay thai, massaggi: tante squadre in un centro solo",2026-09-10,"Nessuna risposta (solo autorisposta) (dalla posta, letta il 12/09/2026)","Buongiorno, sono Patrick Sappa di DenkiCode, piccola software house a Seveso.

New Way: sala pesi, corsi, piscina estiva, crossfit, muay thai, massaggi. Tante squadre in un centro solo, e ognuna con i suoi orari. Chi tiene insieme i turni, e dove?

Il nostro programma li costruisce una volta a settimana, li mette sul telefono di ogni persona, e ferie e sostituzioni entrano lì senza rifare i conti a mano.

Glielo faccio vedere in dieci minuti, in videochiamata. Se non serve, me lo dice.","Via Garoni 7, Varese · 488 post, 3.266 follower.",2026-09-10-instagram-denkishift-va-co-lc-bg.csv,,,"Ciao, grazie per averci contattato. Risponderemo al piu' presto"
@capriccio84patisserie,Capriccio Pasticceria,Presezzo (BG),Pasticceria/caffetteria,2252,T,"cercato «Capriccio Pasticceria Presezzo» → profilo letto il 10/9: pasticceria artigianale e caffetteria dal 1984, sito capriccio84.com. Squadra stimata 10-20 · [verifica-turni] letto il 10/9: pasticceria e caffetteria di famiglia dal 1984: colazione, pranzo e aperitivo, laboratorio e banco",,,"Buongiorno, sono Patrick Sappa. Piccola software house a Seveso, DenkiCode.

Capriccio dal 1984: il laboratorio la notte, il banco di giorno, colazione, pranzo e aperitivo. Due squadre che non si vedono mai. I turni come li fate?

Abbiamo fatto un programma per quello: la settimana si costruisce una volta, ognuno vede la sua sul telefono, e quando manca uno le dice subito chi è libero.

Dieci minuti in videochiamata e capisce se vale per voi. Se no, non mi sente più.","Presezzo · dal 1984, colazione-pranzo-aperitivo. 1.530 post.",2026-09-10-instagram-denkishift-va-co-lc-bg.csv,,,
@dolci_di_bea,Dolci di Bea,Bergamo (BG),Pasticceria e bar,14900,T,"cercato «Dolci di Bea Bergamo» → profilo letto il 10/9: pasticceria e bar in viale Muraine 8, aperto 7/7, menù su menu.dolcidibea.it. Squadra stimata 8-15 · [verifica-turni] letto il 10/9: aperto dal lunedì alla domenica, 15.000 follower: bar e laboratorio sette giorni su sette",,,"Buongiorno, sono Patrick Sappa, DenkiCode, una piccola software house a Seveso.

Dolci di Bea, aperto dal lunedì alla domenica, quindicimila follower. Sette giorni su sette vuol dire che qualcuno ogni settimana riscrive i turni. Chi, e con cosa?

Il nostro programma li costruisce una volta, li manda sul telefono di ognuno, e quando salta qualcuno le dice chi è libero e chi ha già fatto troppe ore.

Glielo mostro in dieci minuti, in videochiamata. Se non le serve, me lo dice e chiudiamo.","Viale Muraine 8, Bergamo · 7/7. 14.900 follower.",2026-09-10-instagram-denkishift-va-co-lc-bg.csv,,,
@ristorante.tabularosa,Tabula Rosa,Lecco e Calolziocorte (LC),"Ristorante, due sedi",760,T,"cercato «Tabula Rosa Lecco e Calolziocorte» → profilo letto il 10/9: ristoranti in lungolario Cadorna 20 a Lecco e corso Europa 92 a Calolziocorte (nuova apertura), sito tabularosa.it. Squadra stimata 15-30 su due sedi · [verifica-turni] letto il 10/9: due ristoranti, Lecco sul lungolago e la nuova apertura di Calolziocorte: due squadre da far girare insieme",,,"Buongiorno, sono Patrick Sappa. Ho una piccola software house a Seveso, DenkiCode.

Tabula Rosa: Lecco sul lungolago e la nuova apertura di Calolzio. Due sedi, due squadre, e chi coordina le tiene insieme a mano. Come fate i turni adesso?

Il nostro programma costruisce la settimana di ogni sede una volta, ognuno vede la sua sul telefono, e quando salta uno dice chi è libero anche nell'altra sede.

Dieci minuti in videochiamata, quando le torna comodo. Se non fa per voi, finisce qui.","Lecco (0341 288551) e Calolziocorte (0341 1501827, nuova apertura). 36 post.",2026-09-10-instagram-denkishift-va-co-lc-bg.csv,,,
@maistapizzeria,Maistà pizza & cucina,Bergamo (BG),"Pizzeria, due sedi",3869,T,"cercato «Maistà pizza & cucina Bergamo» → profilo letto il 10/9: pizzeria con due sedi a Bergamo (via Tasso 46 e un'altra), Gambero Rosso, beacons.ai in bio. Squadra stimata 15-30 · [verifica-turni] letto il 10/9: due sedi a Bergamo, due spicchi Gambero Rosso, 4,9 su Google: due squadre e un calendario solo",,,"Buongiorno, sono Patrick Sappa di DenkiCode, piccola software house a Seveso.

Maistà, due sedi a Bergamo e i due spicchi del Gambero Rosso. Due squadre e un calendario solo da far quadrare. Chi lo fa, e su cosa?

Abbiamo fatto un programma per quello: la settimana di ogni sede si costruisce una volta, ognuno vede la sua sul telefono, e quando manca uno le dice chi è libero.

Glielo faccio vedere in dieci minuti, in videochiamata. Se non serve, me lo dice.","Via Tasso 46 e seconda sede, Bergamo · 276 post, 3.869 follower.",2026-09-10-instagram-denkishift-va-co-lc-bg.csv,,,
@ilclubbinoalzano,Il Clubbino,Alzano Lombardo (BG),"Bar, ristorante, pizzeria, hamburgeria",1081,T,"cercato «Il Clubbino Alzano Lombardo» → profilo letto il 10/9: bar ristorante pizzeria hamburgeria in via Paleocapa 8. Squadra stimata 10-20 · [verifica-turni] letto il 10/9: bar, ristorante, pizzeria e hamburgeria nello stesso locale: dalla colazione alla cena con la stessa squadra",,,"Buongiorno, sono Patrick Sappa. Piccola software house a Seveso, DenkiCode.

Il Clubbino: bar, ristorante, pizzeria e hamburgeria nello stesso posto, dalla colazione alla cena. Una squadra sola che fa tutto, o più squadre? E i turni chi li scrive?

Il nostro programma li costruisce una volta a settimana, li mette sul telefono di ognuno, e quando salta qualcuno le dice subito chi è libero.

Dieci minuti in videochiamata e vede se vale per voi. Se no, non mi sente più.","Via Paleocapa 8, Alzano Lombardo · 89 post, 1.081 follower.",2026-09-10-instagram-denkishift-va-co-lc-bg.csv,,,
@vecchiopozzo_stezzano,Vecchio Pozzo,Stezzano (BG),"Pub, ristorante e pizzeria",1113,T,"cercato «Vecchio Pozzo Stezzano» → profilo letto il 10/9: pub ristorante pizzeria in via Papa Giovanni XXIII 7, 035 4541486. Squadra stimata 10-20 · [verifica-turni] letto il 10/9: pub, ristorante e pizzeria: sale piene nel weekend, cucina e bancone su orari diversi",,,"Buongiorno, sono Patrick Sappa, DenkiCode, una piccola software house a Seveso.

Vecchio Pozzo: pub, ristorante e pizzeria, con i weekend pieni. Le chiedo una cosa sola: quando uno vi salta il sabato, come lo coprite? Chiamate a giro?

Abbiamo fatto un programma per quello: la settimana si costruisce una volta, ognuno vede la sua sul telefono, e chi è libero lo vede subito chi coordina.

Glielo mostro in dieci minuti, in videochiamata. Se non le serve, me lo dice e chiudiamo.","Via Papa Giovanni XXIII 7, Stezzano · 035 4541486. 71 post.",2026-09-10-instagram-denkishift-va-co-lc-bg.csv,,,
@giussanoserramenti_,Giussano Serramenti,Giussano (MB),Serramenti e infissi,982,R,"cercato «serramenti giussano» nella ricerca di Instagram → profilo letto l'11/9: serramenti, infissi e porte dal 1997, «dalla vendita al montaggio», 239 post, rivenditori Italserramenti · [verifica-azienda] vende, misura e posa: ordini, magazzino e squadre in cantiere. Il comune viene dal nome del profilo, l'indirizzo non è in bio",,,"Buongiorno, sono Patrick Sappa, DenkiCode, una piccola software house a Seveso.

Non le vendo niente. Non le chiedo nemmeno un appuntamento. Stiamo facendo una ricerca sulle aziende di serramenti qui in zona: come tiene gli ordini, le misure dei cantieri, e cosa le tocca riscrivere due volte fra l'ufficio e chi va a montare.

Sono sei domande, due minuti, ed è anonimo:
https://docs.google.com/forms/d/e/1FAIpQLSe2cCfeAx8IVLRq-ocJe4MUpq43u_1D95IpBPjqOYX-90a9JA/viewform

Quando abbiamo finito il giro le mando quello che è venuto fuori dalle altre aziende della zona. Almeno sa come sono messi gli altri.","239 post, 982 follower. Dal 1997, serramenti infissi e porte, su misura, dalla vendita al montaggio. In bio il link a Italserramenti e un altro. Indirizzo non dichiarato.",2026-09-11-instagram-ricerca-mb-va-co.csv,ricerca,,
@carrozzeria_top_car_limbiate,Carrozzeria Top Car,Limbiate (MB),Carrozzeria e noleggio,836,R,"cercato «carrozzeria limbiate» nella ricerca di Instagram → profilo letto l'11/9: Via Nullo 19 Limbiate, SRL, noleggio auto breve medio e lungo termine, meccanica, gommista, diagnosi e rimappatura, sito topcar-srl.it · [verifica-azienda] quattro servizi sotto lo stesso tetto più una flotta a noleggio: ordini, ricambi e mezzi da tenere in fila",,,"Buongiorno, sono Patrick Sappa, DenkiCode, una piccola software house a Seveso.

Non le vendo niente e non le chiedo un appuntamento. Stiamo facendo una ricerca sulle officine e carrozzerie qui in zona.

Ho visto cosa tiene insieme: carrozzeria, meccanica, gommista e una flotta a noleggio. Mi interessa chi ha più cose in mano. Come le tiene in fila oggi?

Sono sei domande, due minuti, ed è anonimo:
https://docs.google.com/forms/d/e/1FAIpQLSe2cCfeAx8IVLRq-ocJe4MUpq43u_1D95IpBPjqOYX-90a9JA/viewform

Poi le mando cosa è venuto fuori dalle altre. Tutto qui.","Via Nullo 19, Limbiate. SRL. Noleggio auto (breve, medio, lungo termine), meccanica, gommista, diagnosi, rimappature. Sito topcar-srl.it. 836 follower, 20 post.",2026-09-11-instagram-ricerca-mb-va-co.csv,ricerca,,
@monzaserramenti,Monza Serramenti,Monza (MB),Serramenti e infissi,322,R,"cercato «serramenti monza» nella ricerca di Instagram → profilo letto l'11/9: via Gerolamo Borgazzi 144 Monza, serramenti, porte interne e blindate, tapparelle, persiane, zanzariere, tende da sole, portoni box, sito monzaserramenti.it, 591 post · [verifica-azienda] otto famiglie di prodotto e posa in cantiere: preventivi e ordini a fornitore sono il grosso del lavoro",,,"Buongiorno, sono Patrick Sappa, DenkiCode, una piccola software house a Seveso.

Non le vendo niente e non le chiedo un appuntamento. Stiamo facendo una ricerca sulle aziende di serramenti qui in zona: che programmi usa davvero per preventivi, ordini ai fornitori e date di posa.

Glielo chiedo perché ha otto cose diverse in catalogo, dalle blindate alle tende da sole. Tenerle insieme è un lavoro a parte.

Sono sei domande, due minuti, ed è anonimo:
https://docs.google.com/forms/d/e/1FAIpQLSe2cCfeAx8IVLRq-ocJe4MUpq43u_1D95IpBPjqOYX-90a9JA/viewform

Alla fine le mando il riepilogo delle altre aziende qui intorno.","Via Gerolamo Borgazzi 144, Monza. Serramenti, porte interne e blindate, tapparelle, persiane, zanzariere, tende da sole, portoni box. Sito monzaserramenti.it. 591 post, 322 follower.",2026-09-11-instagram-ricerca-mb-va-co.csv,ricerca,,
@mev_electronics_varese,MEV Electronics,Provincia di Varese e Como,Impianti elettrici e fotovoltaico,890,R,"cercato «impianti elettrici varese» nella ricerca di Instagram → profilo letto l'11/9: fotovoltaico per privati e aziende, impianti elettrici, sicurezza e automazione, dichiarano di operare su provincia di Varese e Como, sito mev-group.it, 159 post · [verifica-azienda] due province e cantieri sia privati sia aziendali: squadre che girano, materiale e scadenze di manutenzione",,,"Buongiorno, sono Patrick Sappa, DenkiCode, una piccola software house a Seveso.

Non le vendo niente e non le chiedo un appuntamento. Stiamo facendo una ricerca sulle aziende di impianti qui in zona: come tiene i cantieri, il materiale e i rapportini di chi sta fuori.

Lavora su due province, fra privati e aziende. Siete quelli che ci servono.

Sono sei domande, due minuti, ed è anonimo:
https://docs.google.com/forms/d/e/1FAIpQLSe2cCfeAx8IVLRq-ocJe4MUpq43u_1D95IpBPjqOYX-90a9JA/viewform

Alla fine del giro le mando cosa è venuto fuori dalle altre.","Fotovoltaico per privati e aziende, impianti elettrici, sicurezza, automazione. Operano su provincia di Varese e Como. Sito mev-group.it. 159 post, 890 follower.",2026-09-11-instagram-ricerca-mb-va-co.csv,ricerca,,
@carrozzeriatecnocar.rs,Tecnocar RS,Castelnuovo Bozzente (CO),Carrozzeria,886,R,"cercato «carrozzeria varese» nella ricerca di Instagram → profilo letto l'11/9: Via San Martino 11 Castelnuovo Bozzente (CO), carrozzeria e officina, cristalli, cerchi, fari, sinistri, oltre vent'anni dichiarati, sito tecnocarrs.it · [verifica-azienda] lavora sui sinistri, quindi pratiche con le assicurazioni e ricambi ordinati per ogni auto",,,"Buongiorno, sono Patrick Sappa, DenkiCode, una piccola software house a Seveso.

Non le vendo niente e non le chiedo un appuntamento. Stiamo facendo una ricerca sulle carrozzerie qui in zona: come tiene le pratiche dei sinistri, i ricambi ordinati e i tempi promessi al cliente.

Sono sei domande, due minuti, ed è anonimo:
https://docs.google.com/forms/d/e/1FAIpQLSe2cCfeAx8IVLRq-ocJe4MUpq43u_1D95IpBPjqOYX-90a9JA/viewform

Poi le mando quello che è venuto fuori dalle altre officine della zona. Almeno sa come sono messi gli altri.","Via San Martino 11, Castelnuovo Bozzente (CO). Carrozzeria: cristalli, cerchi, fari, sinistri. Oltre vent'anni di esperienza. Sito tecnocarrs.it. 85 post, 886 follower.",2026-09-11-instagram-ricerca-mb-va-co.csv,ricerca,,
@autofficinacantu,Autofficina Cantù,Cantù (CO),Autofficina,673,R,"cercato «autofficina cantu» nella ricerca di Instagram → profilo letto l'11/9: autofficina Alfa Romeo e Abarth dal 1965, vendita e assistenza multimarca, rivenditori Ragazzon, sito alfaromeocantu.it · [verifica-azienda] officina storica con vendita e assistenza: ricambi a magazzino e agenda di officina",,,"Buongiorno, sono Patrick Sappa, DenkiCode, una piccola software house a Seveso.

Non le vendo niente e non le chiedo un appuntamento. Stiamo facendo una ricerca sulle officine qui in zona: che programmi usa per l'agenda, i ricambi e lo storico di ogni macchina.

Siete aperti dal 1965. Avete visto passare tre modi diversi di tenere i conti, e per una ricerca questo vale più di dieci risposte nuove.

Sono sei domande, due minuti, ed è anonimo:
https://docs.google.com/forms/d/e/1FAIpQLSe2cCfeAx8IVLRq-ocJe4MUpq43u_1D95IpBPjqOYX-90a9JA/viewform

Alla fine le mando il riepilogo di cosa usano le altre qui intorno.","Cantù. Autofficina Alfa Romeo e Abarth dal 1965, vendita e assistenza multimarca. Rivenditori Ragazzon. Sito alfaromeocantu.it. 21 post, 673 follower.",2026-09-11-instagram-ricerca-mb-va-co.csv,ricerca,,
@monzaevoluzione,Monza Evoluzione,Monza (MB),Autofficina,302,R,"cercato «autofficina monza» nella ricerca di Instagram → profilo letto l'11/9: autofficina specializzata in off road, gare e 4x4, sito monzaevoluzione.com, 165 post · [verifica-azienda] preparazioni su misura e gare: ogni lavoro e` una commessa con ore e pezzi suoi",,,"Buongiorno, sono Patrick Sappa, DenkiCode, una piccola software house a Seveso.

Non le vendo niente e non le chiedo un appuntamento. Stiamo facendo una ricerca sulle officine qui in zona, e mi interessa soprattutto chi fa preparazioni.

Un lavoro dura settimane. Ore e pezzi come li tiene contati?

Sono sei domande, due minuti, ed è anonimo:
https://docs.google.com/forms/d/e/1FAIpQLSe2cCfeAx8IVLRq-ocJe4MUpq43u_1D95IpBPjqOYX-90a9JA/viewform

Poi le mando cosa è venuto fuori dalle altre officine.","Monza. Autofficina specializzata in off road, race e 4x4, viaggi e preparazioni. Sito monzaevoluzione.com. 165 post, 302 follower.",2026-09-11-instagram-ricerca-mb-va-co.csv,ricerca,,
@comodo_edilizia,Impresa Edilizia Comodo,Besozzo (VA),Impresa edile,164,R,"cercato «edilizia como» nella ricerca di Instagram → profilo letto l'11/9: sede in via dei Roncacci 19 Besozzo (VA), SRL, in bio due referenti, un geometra e un ragioniere · [verifica-azienda] impresa con ufficio tecnico e amministrazione separati: cantieri, ore e fornitori da far tornare",,,"Buongiorno, sono Patrick Sappa, DenkiCode, una piccola software house a Seveso.

Non le vendo niente e non le chiedo un appuntamento. Stiamo facendo una ricerca sulle imprese edili qui in zona: come tiene le ore dei cantieri, i fornitori e quello che in ufficio si riscrive da capo la sera.

Sono sei domande, due minuti, ed è anonimo:
https://docs.google.com/forms/d/e/1FAIpQLSe2cCfeAx8IVLRq-ocJe4MUpq43u_1D95IpBPjqOYX-90a9JA/viewform

Alla fine del giro le mando cosa è venuto fuori dalle altre imprese. Almeno sa come sono messi gli altri.","Via dei Roncacci 19, Besozzo (VA). Impresa edile SRL. In bio due referenti: geom. Comodo Lorenzo e rag. Comodo. 14 post, 164 follower: profilo poco usato, l'azienda no.",2026-09-11-instagram-ricerca-mb-va-co.csv,ricerca,,
@_onda_group_,Onda Group Serramenti,Varese (VA),Serramenti e infissi,156,R,"cercato «serramenti varese» nella ricerca di Instagram → profilo letto l'11/9: Varese, installazione di finestre, serramenti, persiane e tapparelle, telefono in chiaro nel nome del profilo, 62 post · [verifica-azienda] posa e installazione: appuntamenti in casa del cliente e misure che devono tornare",,,"Buongiorno, sono Patrick Sappa, DenkiCode, una piccola software house a Seveso.

Non le vendo niente e non le chiedo un appuntamento. Stiamo facendo una ricerca sulle aziende di serramenti qui in zona: come segna le misure, gli appuntamenti di posa e gli ordini ai fornitori.

Sono sei domande, due minuti, ed è anonimo:
https://docs.google.com/forms/d/e/1FAIpQLSe2cCfeAx8IVLRq-ocJe4MUpq43u_1D95IpBPjqOYX-90a9JA/viewform

Poi le mando il riepilogo delle altre qui intorno. Due minuti veri, non di più.","Varese. Installazione finestre, serramenti, persiane, tapparelle. Il numero di telefono sta nel nome del profilo. 62 post, 156 follower.",2026-09-11-instagram-ricerca-mb-va-co.csv,ricerca,,
@bis_hotelvarese,Bis Hotel Varese,Varese (VA),Albergo,495,T,"cercato «hotel varese» nella ricerca di Instagram → profilo letto l'11/9: Via Arnaldo Fusinato 35 Varese, hotel con prenotazioni via booking@bishotelvarese.it, sito bishotelvarese.it, 103 post · [verifica-turni] albergo con reception e camere: ricevimento coperto tutti i giorni e pulizie su fasce diverse",,,"Buongiorno, sono Patrick Sappa. Ho una piccola software house a Seveso, DenkiCode.

Ho guardato il Bis Hotel, in via Fusinato. Un albergo che tiene la reception aperta tutti i giorni ha almeno due squadre che si incastrano, ricevimento e piani.

Come li fate i turni, ancora su un foglio o sul gruppo WhatsApp?

Abbiamo fatto un programma per quello. La settimana si costruisce una volta, ognuno vede la sua sul telefono, e quando salta qualcuno dice subito chi è libero.

Glielo faccio vedere in dieci minuti in videochiamata, quando le torna comodo. Se non le serve me lo dice e non mi sente più.","Via Arnaldo Fusinato 35, Varese. Hotel. Sito bishotelvarese.it, prenotazioni via mail. 103 post, 495 follower.",2026-09-11-instagram-denkishift-mb-va-co-lc.csv,denkishift,,
@art_hotel_varese,Art Hotel Varese,Varese (VA),Albergo,1049,T,"cercato «hotel varese» nella ricerca di Instagram → profilo letto l'11/9: villa storica restaurata nel centro di Varese, pet friendly, sito arthotelvarese.it, 57 post · [verifica-turni] albergo in villa: reception, camere e colazioni sono tre orari diversi",,,"Buongiorno, sono Patrick Sappa, DenkiCode, una piccola software house a Seveso.

Ho guardato l'Art Hotel, la villa restaurata in centro. Reception, camere e colazioni non fanno mai gli stessi orari.

Le chiedo una cosa sola: i turni li fate ancora a mano?

Il nostro programma fa questo. Chi coordina costruisce la settimana una volta, ogni persona la vede sul suo telefono, e le ferie entrano lì senza rifare i conti.

Dieci minuti in videochiamata e vede se vale qualcosa per voi. Glieli chiedo, e basta.","Villa storica restaurata nel centro di Varese, pet friendly. Sito arthotelvarese.it. 57 post, 1.049 follower.",2026-09-11-instagram-denkishift-mb-va-co-lc.csv,denkishift,,
@capolagohotel,Capolago Hotel,Varese (VA),Albergo,2281,T,"cercato «hotel varese» nella ricerca di Instagram → profilo letto l'11/9: si presenta come punto di riferimento per aziende, professionisti e società sportive, sito capolago.it, 83 post · [verifica-turni] albergo che lavora su gruppi e squadre sportive: arrivi concentrati e camere da girare in blocco",,,"Buongiorno, sono Patrick Sappa. Ho una piccola software house a Seveso, DenkiCode.

Ho visto che al Capolago arrivano squadre sportive e gruppi aziendali. Sono arrivi concentrati, e le camere vanno girate tutte insieme.

Con quel tipo di lavoro i turni chi li fa, e come li comunica?

Abbiamo fatto un programma per questo. La settimana si costruisce una volta sola, ognuno vede la sua sul telefono, e i cambi non passano più dai messaggi.

Glielo faccio vedere in dieci minuti in videochiamata, quando le torna comodo. Se non le serve me lo dice e non mi sente più.","Varese, zona Capolago. Si presenta come punto di riferimento per aziende, professionisti e società sportive. Sito capolago.it. 83 post, 2.281 follower.",2026-09-11-instagram-denkishift-mb-va-co-lc.csv,denkishift,,
@hotelroyalfalcone_monza,Hotel Royal Falcone,Monza (MB),Albergo,795,T,"cercato «hotel monza» nella ricerca di Instagram → profilo letto l'11/9: Corso Milano 5 Monza, quattro stelle, CIR 108033-ALB-00006 in bio, sito royalfalcone.com, 391 post · [verifica-turni] quattro stelle in centro: reception H24 e piani, due squadre che non si sovrappongono mai",,,"Buongiorno, sono Patrick Sappa, DenkiCode, una piccola software house a Seveso.

Ho guardato il Royal Falcone, in corso Milano. Un quattro stelle non spegne mai la reception. Notti, mattine e piani vanno incastrati.

Oggi chi fa il quadro dei turni, e su cosa?

Abbiamo fatto un programma che serve a quello. Si costruisce la settimana una volta, ognuno la vede sul telefono, e quando uno si dà malato dice chi è libero senza cinque telefonate.

In dieci minuti glielo mostro, quando vuole lei. Se non serve me lo dice e chiudiamo qui.","Corso Milano 5, Monza. Quattro stelle, CIR dichiarato in bio. Sito royalfalcone.com. 391 post, 795 follower.",2026-09-11-instagram-denkishift-mb-va-co-lc.csv,denkishift,,
@hotel_pioppeto,Hotel Pioppeto,Saronno (VA),Albergo,3738,T,"cercato «hotel saronno» nella ricerca di Instagram → profilo letto l'11/9: Via Strà Madonna 15 Saronno, albergo business vicino a Milano con camere business standard e smart, 425 post · [verifica-turni] albergo d'affari: riempimento infrasettimanale e squadre di ricevimento e piani su orari diversi",,,"Buongiorno, sono Patrick Sappa. Ho una piccola software house a Seveso, DenkiCode.

Ho guardato il Pioppeto. Un albergo d'affari si riempie in settimana e si svuota nel fine settimana, e la squadra deve seguire quel ritmo.

I turni come li costruite adesso?

Il nostro programma fa una cosa sola. La settimana si prepara una volta, ognuno la vede sul suo telefono, e chi ha già fatto troppe ore si vede subito.

Glielo faccio vedere in dieci minuti in videochiamata, quando le torna comodo. Se non le serve me lo dice e non mi sente più.","Via Strà Madonna 15, Saronno. Albergo business vicino a Milano, camere business, standard e smart. 425 post, 3.738 follower.",2026-09-11-instagram-denkishift-mb-va-co-lc.csv,denkishift,,
@hotelalberilecco,Hotel Alberi,Lecco (LC),Albergo,462,T,"cercato «hotel lecco» nella ricerca di Instagram → profilo letto l'11/9: albergo storico dell'ospitalità lecchese, in bio parlano dello staff, sito hotelalberi.it, 139 post · [verifica-turni] albergo con staff dichiarato in bio: reception e piani su orari diversi tutti i giorni",,,"Buongiorno, sono Patrick Sappa, DenkiCode, una piccola software house a Seveso.

Ho guardato l'Hotel Alberi. Nella vostra presentazione lo staff viene prima delle camere, e si vede.

Proprio per questo le chiedo: i turni di quella squadra chi li fa, e come glieli comunica?

Abbiamo fatto un programma per i turni. Si costruisce la settimana una volta, ognuno vede la sua sul telefono, e i cambi si chiudono lì dentro.

Glielo faccio vedere in dieci minuti in videochiamata, quando le torna comodo. Se non le serve me lo dice e non mi sente più.","Lecco. Albergo storico dell'ospitalità lecchese. In bio mettono lo staff al centro. Sito hotelalberi.it. 139 post, 462 follower.",2026-09-11-instagram-denkishift-mb-va-co-lc.csv,denkishift,,
@bellavistalecco,Hotel Bellavista,Valmadrera (LC),Albergo,410,T,"cercato «hotel lecco» nella ricerca di Instagram → profilo letto l'11/9: frazione Parè 87 Valmadrera, vista sul lago, sito hbvl.it, 90 post · [verifica-turni] albergo sul lago: stagionalità forte, la squadra cambia fra alta e bassa",,,"Buongiorno, sono Patrick Sappa. Ho una piccola software house a Seveso, DenkiCode.

Ho guardato il Bellavista, a Parè. Un albergo sul lago ha mesi pieni e mesi vuoti, e la squadra cambia insieme alla stagione.

Quando entra gente nuova, i turni li rifate da capo ogni volta?

Abbiamo un programma che tiene la settimana in un posto solo. Ognuno vede la sua sul telefono, e chi arriva a metà stagione la trova già fatta.

In dieci minuti glielo mostro, quando vuole lei. Se non serve me lo dice e chiudiamo qui.","Frazione Parè 87, Valmadrera (LC). Vista lago. Sito hbvl.it. 90 post, 410 follower.",2026-09-11-instagram-denkishift-mb-va-co-lc.csv,denkishift,,
@mimesis11como,Mímesis 11 Boutique Hotel,Como (CO),Albergo,5040,T,"cercato «hotel como» nella ricerca di Instagram → profilo letto l'11/9: boutique hotel sul lago di Como, undici camere dichiarate in bio, premiato Boutique Hotel of the Year 2026/2027, 94 post · [verifica-turni] undici camere con servizio da boutique: poche persone che coprono tutto, ed e' li' che i turni fanno male",2026-09-12,"Nessuna risposta (solo autorisposta) (dalla posta, letta il 12/09/2026)","Buongiorno, sono Patrick Sappa, DenkiCode, una piccola software house a Seveso.

Ho guardato Mímesis 11. Undici camere con quel livello di servizio vogliono dire poche persone che coprono tutto, dalla colazione alla sera.

Quando una salta, come rimettete insieme la settimana?

Abbiamo fatto un programma per i turni. Si costruisce una volta, ognuno vede la sua sul telefono, e quando manca qualcuno dice subito chi è libero.

Glielo faccio vedere in dieci minuti in videochiamata, quando le torna comodo. Se non le serve me lo dice e non mi sente più.","Lago di Como, piazza Alcide. Boutique hotel, undici camere dichiarate in bio. Boutique Hotel of the Year 2026/2027. 94 post, 5.040 follower.",2026-09-11-instagram-denkishift-mb-va-co-lc.csv,denkishift,2026-09-12,"Buongiorno, grazie per averci contattato. Per qualsiasi informazione puo' scriverci a info@mimesis11.com"
@hotelpostamoltrasio,Hotel Posta Moltrasio,Moltrasio (CO),Albergo,3093,T,"cercato «hotel como» nella ricerca di Instagram → profilo letto l'11/9: famiglia Vanini-Taroni dal 1932, albergo sul lago di Como a Moltrasio, 1.674 post · [verifica-turni] albergo di famiglia dal 1932 con ristorazione: sala e camere su orari diversi",2026-09-12,"Nessuna risposta (solo autorisposta) (dalla posta, letta il 12/09/2026)","Buongiorno, sono Patrick Sappa. Ho una piccola software house a Seveso, DenkiCode.

Ho guardato il Posta. Novantatré anni di famiglia sullo stesso albergo, e una squadra che fra camere e sala non fa mai gli stessi orari.

I turni li tenete ancora su carta?

Abbiamo fatto un programma per quello. La settimana si costruisce una volta, ognuno la vede sul telefono, e le sostituzioni entrano lì senza rifare i conti a mano.

Dieci minuti in videochiamata e vede se vale qualcosa per voi. Glieli chiedo, e basta.","Moltrasio (CO), sul lago. Famiglia Vanini-Taroni dal 1932. 1.674 post, 3.093 follower.",2026-09-11-instagram-denkishift-mb-va-co-lc.csv,denkishift,,"Grazie per averci inviato un messaggio, cercheremo di rispondere il prima possibile"
@palacegrandhotelvarese,Palace Grand Hotel Varese,Varese (VA),Albergo con ristorante,5241,T,"cercato «hotel varese» nella ricerca di Instagram → profilo letto l'11/9: Grand Hotel Liberty aperto nel 1913, parte de I Palazzi Hotels, ristorante gourmet e spazi per eventi, 886 post · [verifica-turni] albergo storico con ristorante gourmet ed eventi: tre squadre, e gli eventi spostano gli orari di tutte",2026-09-12,"Nessuna risposta (solo autorisposta) (dalla posta, letta il 12/09/2026)","Buongiorno, sono Patrick Sappa, DenkiCode, una piccola software house a Seveso.

Ho guardato il Palace. Camere, ristorante gourmet, sale per eventi: tre squadre. Ogni data in più sposta gli orari di tutte.

Quando arriva una data in più, chi rifà il quadro?

Abbiamo fatto un programma che serve a questo. La settimana si costruisce una volta, ognuno vede la sua sul telefono, e chi ha già fatto troppe ore si vede prima di assegnargli il turno.

Dieci minuti in videochiamata e vede se vale qualcosa per voi. Glieli chiedo, e basta.","Varese, via Manara. Grand Hotel Liberty del 1913, parte de I Palazzi Hotels. Ristorante gourmet e spazi per eventi. 886 post, 5.241 follower.",2026-09-11-instagram-denkishift-mb-va-co-lc.csv,denkishift,,Ti ringraziamo per averci contattato. Ti risponderemo il prima possibile
@hoteldelavillemonza,Hotel de la Ville,Monza (MB),Albergo con ristorante,5626,T,"cercato «hotel monza» nella ricerca di Instagram → profilo letto l'11/9: membro di Small Luxury Hotels, fine dining al Derby Grill e cocktail bar, 639 post · [verifica-turni] albergo di lusso con ristorante e bar: almeno tre squadre su orari diversi. ⚠️ possibile sopra le 50 persone, da confermare alla prima domanda",,,"Buongiorno, sono Patrick Sappa. Ho una piccola software house a Seveso, DenkiCode.

Ho guardato l'Hotel de la Ville, con il Derby Grill sotto. Camere, sala e bar sono tre squadre che non fanno mai lo stesso orario.

Chi tiene insieme i turni di tutte e tre, oggi?

Abbiamo fatto un programma per quello. La settimana si costruisce una volta, ogni persona vede la sua sul telefono, e le assenze si coprono senza rifare il quadro da zero.

In dieci minuti glielo mostro, quando vuole lei. Se non serve me lo dice e chiudiamo qui.","Monza. Membro di Small Luxury Hotels. Fine dining al Derby Grill, cocktail bar. 639 post, 5.626 follower. Dimensione da confermare: potrebbe superare le 50 persone.",2026-09-11-instagram-denkishift-mb-va-co-lc.csv,denkishift,,
@eurotaverna_official,Eurotaverna,Desio (MB),Ristorante con sala eventi,6092,T,"cercato «ristorante desio» nella ricerca di Instagram → profilo letto l'11/9: Via Lavoratori Autobianchi 1 Desio, cucina mediterranea, pizza con forno a legna, sala concerti e ballo, animazione, sito eurotaverna.it, 1.395 post · [verifica-turni] cucina, pizzeria, sala e serate: quattro reparti che la sera degli eventi lavorano insieme",,,"Buongiorno, sono Patrick Sappa. Ho una piccola software house a Seveso, DenkiCode.

Ho guardato l'Eurotaverna: cucina, forno a legna, e la sala per i concerti. Nelle sere con la musica lavorate tutti insieme, e gli orari non sono quelli di un martedì.

Come li fate i turni quando c'è una serata in più?

Abbiamo fatto un programma per i turni. La settimana si costruisce una volta, ognuno vede la sua sul telefono, e quando salta qualcuno dice subito chi è libero.

Glielo faccio vedere in dieci minuti in videochiamata, quando le torna comodo. Se non le serve me lo dice e non mi sente più.","Via Lavoratori Autobianchi 1, Desio. Cucina mediterranea, pizza con forno a legna, sala concerti e ballo, animazione. Sito eurotaverna.it. 1.395 post.",2026-09-11-instagram-denkishift-mb-va-co-lc.csv,denkishift,,
@beitalianrestaurant,Casa Cuomo,Seregno (MB),Ristorante,3795,T,"cercato «ristorante seregno» nella ricerca di Instagram → profilo letto l'11/9: Casa Cuomo a Seregno, cucina campana, in evidenza eventi, giardino e «la famiglia», sito beitalianrestaurant.it, 319 post · [verifica-turni] ristorante con giardino ed eventi: il posto raddoppia quando apre fuori",,,"Buongiorno, sono Patrick Sappa, DenkiCode, una piccola software house a Seveso.

Ho guardato Casa Cuomo. Con il giardino aperto i coperti cambiano di colpo, e la squadra deve seguire.

Quando prevedete una sera piena, i turni li rifate a mano?

Abbiamo fatto un programma per i turni. La settimana si costruisce una volta, ognuno vede la sua sul telefono, e quando salta qualcuno dice subito chi è libero.

In dieci minuti glielo mostro, quando vuole lei. Se non serve me lo dice e chiudiamo qui.","Seregno. Casa Cuomo, cucina campana. In evidenza eventi, giardino e la famiglia. Sito beitalianrestaurant.it. 319 post, 3.795 follower.",2026-09-11-instagram-denkishift-mb-va-co-lc.csv,denkishift,,
@boom_seregno,Boom Seregno,Seregno (MB),Pizzeria con area bimbi,1788,T,"cercato «pizzeria seregno» nella ricerca di Instagram → profilo letto l'11/9: pizzeria e griglieria con area bimbi, menù lavoro, aperitivi, feste di compleanno e domicilio, prenotazioni su boomseregno.it, 184 post · [verifica-turni] menù lavoro a pranzo, feste e consegne la sera: tre ritmi diversi nello stesso locale",,,"Buongiorno, sono Patrick Sappa. Ho una piccola software house a Seveso, DenkiCode.

Ho guardato Boom. Il menù lavoro a pranzo, le feste il pomeriggio e le consegne la sera sono tre ritmi diversi nello stesso locale.

Chi copre cosa lo decidete la settimana prima o il giorno stesso?

Abbiamo fatto un programma per i turni. La settimana si costruisce una volta, ognuno vede la sua sul telefono, e quando salta qualcuno dice subito chi è libero.

Glielo faccio vedere in dieci minuti in videochiamata, quando le torna comodo. Se non le serve me lo dice e non mi sente più.","Seregno. Pizzeria e griglieria con area bimbi. Menù lavoro, aperitivi, feste di compleanno, domicilio. Sito boomseregno.it. 184 post, 1.788 follower.",2026-09-11-instagram-denkishift-mb-va-co-lc.csv,denkishift,,
@il_villino_seregno,Ristorante il Villino,Seregno (MB),Ristorante,638,T,"cercato «ristorante seregno» nella ricerca di Instagram → profilo letto l'11/9: Via San Pietro 12 Seregno, terra e mare, pranzo da 7 euro, 30 post · [verifica-turni] pranzo di lavoro piu' cena: due servizi al giorno, sei giorni su sette",,,"Buongiorno, sono Patrick Sappa, DenkiCode, una piccola software house a Seveso.

Ho guardato il Villino. Il pranzo a sette euro vuol dire sala piena a mezzogiorno, e poi si ricomincia la sera.

Due servizi al giorno chi li copre, e come vi organizzate quando manca qualcuno?

Il nostro programma fa questo. Si costruisce la settimana una volta, ogni persona la vede sul suo telefono, e i cambi non passano più dal gruppo.

Glielo faccio vedere in dieci minuti in videochiamata, quando le torna comodo. Se non le serve me lo dice e non mi sente più.","Via San Pietro 12, Seregno. Cucina di casa, terra e mare. Pranzo da 7 euro. 30 post, 638 follower.",2026-09-11-instagram-denkishift-mb-va-co-lc.csv,denkishift,,
@pizzeriadaaldoseregno,Pizzeria Da Aldo,Seregno (MB),Pizzeria,491,T,"cercato «pizzeria seregno» nella ricerca di Instagram → profilo letto l'11/9: Via Macallè 58 Seregno, pizza al trancio e tradizionale con forno a legna, 43 post · [verifica-turni] trancio di giorno e pizzeria la sera: due modi di lavorare nello stesso locale",,,"Buongiorno, sono Patrick Sappa. Ho una piccola software house a Seveso, DenkiCode.

Ho guardato Da Aldo. Il trancio di giorno e le pizze la sera sono due lavori diversi, e chi sta al banco non è chi sta al forno.

I turni li tenete su un foglio?

Abbiamo fatto un programma per i turni. La settimana si costruisce una volta, ognuno vede la sua sul telefono, e quando salta qualcuno dice subito chi è libero.

In dieci minuti glielo mostro, quando vuole lei. Se non serve me lo dice e chiudiamo qui.","Via Macallè 58, Seregno. Pizza al trancio e tradizionale, forno a legna. 43 post, 491 follower.",2026-09-11-instagram-denkishift-mb-va-co-lc.csv,denkishift,,
@bistrotcattaneomonza,Bistrot Cattaneo,Monza (MB),"Bar, pasticceria e ristorante",3179,T,"cercato «ristorante monza» nella ricerca di Instagram → profilo letto l'11/9: Via Vittorio Veneto 1 Monza, bar con pasticceria artigianale, ristorante con cucina mediterranea e pizzeria gourmet, 672 post · [verifica-turni] bar dalla mattina, cucina a pranzo e pizzeria la sera: tre reparti dalle 7 a mezzanotte",,,"Buongiorno, sono Patrick Sappa. Ho una piccola software house a Seveso, DenkiCode.

Ho guardato il Cattaneo. Il bar apre la mattina, la cucina parte a mezzogiorno e la pizzeria la sera: sono tre squadre in un posto solo.

Chi mette insieme quegli orari, e su cosa li scrive?

Abbiamo fatto un programma per i turni. La settimana si costruisce una volta, ognuno vede la sua sul telefono, e quando salta qualcuno dice subito chi è libero.

Glielo faccio vedere in dieci minuti in videochiamata, quando le torna comodo. Se non le serve me lo dice e non mi sente più.","Via Vittorio Veneto 1, Monza. Bar con pasticceria artigianale, ristorante mediterraneo, pizzeria gourmet. 672 post, 3.179 follower.",2026-09-11-instagram-denkishift-mb-va-co-lc.csv,denkishift,,
@matura_monza,Matura,Monza (MB),Pizzeria,7079,T,"cercato «pizzeria monza» nella ricerca di Instagram → profilo letto l'11/9: Viale Libertà 20 Monza, pranzo venerdì-domenica e cena tutti i giorni dichiarati in bio, sito ristorantematura.it, 343 post · [verifica-turni] orari diversi fra settimana e fine settimana, scritti loro in bio",2026-09-12,"Nessuna risposta (solo autorisposta) (dalla posta, letta il 12/09/2026)","Buongiorno, sono Patrick Sappa, DenkiCode, una piccola software house a Seveso.

Ho guardato Matura. In bio scrivete pranzo solo dal venerdì e cena tutti i giorni: vuol dire che la squadra del fine settimana non è quella del lunedì.

Quel doppio quadro chi lo tiene?

Abbiamo fatto un programma per i turni. La settimana si costruisce una volta, ognuno vede la sua sul telefono, e quando salta qualcuno dice subito chi è libero.

In dieci minuti glielo mostro, quando vuole lei. Se non serve me lo dice e chiudiamo qui.","Viale Libertà 20, Monza. Pizzeria. In bio: pranzo ven-dom, cena lun-dom. Sito ristorantematura.it. 343 post, 7.079 follower.",2026-09-11-instagram-denkishift-mb-va-co-lc.csv,denkishift,,"Grazie per averci contattato. Per informazioni e prenotazioni, scrivici su Whatsapp"
@fiorillo_monza,Fiorillo,Monza (MB),Pizzeria,7509,T,"cercato «pizzeria monza» nella ricerca di Instagram → profilo letto l'11/9: Via Carlo Porta 10 Monza, aperti sette giorni su sette dichiarato in bio, sito fiorillo.pizza, 561 post · [verifica-turni] sette giorni su sette: i riposi vanno a rotazione, e la rotazione e' il problema",,,"Buongiorno, sono Patrick Sappa. Ho una piccola software house a Seveso, DenkiCode.

Ho guardato Fiorillo. Aperti sette giorni su sette vuol dire che i riposi girano, e la rotazione è la parte che fa perdere tempo.

Come la tenete adesso?

Abbiamo fatto un programma per i turni. La settimana si costruisce una volta, ognuno vede la sua sul telefono, e quando salta qualcuno dice subito chi è libero.

Glielo faccio vedere in dieci minuti in videochiamata, quando le torna comodo. Se non le serve me lo dice e non mi sente più.","Via Carlo Porta 10, Monza. Aperti 7/7. Sito fiorillo.pizza. 561 post, 7.509 follower.",2026-09-11-instagram-denkishift-mb-va-co-lc.csv,denkishift,,
@pizzeriadelcentromonza,Pizzeria del Centro,Monza (MB),Pizzeria,4316,T,"cercato «pizzeria monza» nella ricerca di Instagram → profilo letto l'11/9: pizzeria in centro a Monza, due numeri per le prenotazioni, sito pizzeriadelcentro.com, 260 post · [verifica-turni] prenotazioni su due linee: sala e forno lavorano su volumi che cambiano ogni sera",,,"Buongiorno, sono Patrick Sappa, DenkiCode, una piccola software house a Seveso.

Ho guardato la Pizzeria del Centro. Con le prenotazioni che entrano su due linee, certe sere siete pieni e certe no, e la squadra va dimensionata prima.

I turni li decidete guardando le prenotazioni?

Il nostro programma fa questo. Si costruisce la settimana una volta, ogni persona la vede sul suo telefono, e i cambi non passano più dal gruppo.

In dieci minuti glielo mostro, quando vuole lei. Se non serve me lo dice e chiudiamo qui.","Monza centro. Due numeri per le prenotazioni. Sito pizzeriadelcentro.com. 260 post, 4.316 follower.",2026-09-11-instagram-denkishift-mb-va-co-lc.csv,denkishift,,
@ristorantelaitmonza,LAIT,Monza (MB),Ristorante,4093,T,"cercato «ristorante monza» nella ricerca di Instagram → profilo letto l'11/9: Via Magenta 18 Monza, eccellenze ittiche e sushi, sito ristorantelait.it, 544 post · [verifica-turni] cucina e sushi bar sono due postazioni con orari propri, piu' la sala",2026-09-12,"Nessuna risposta (solo autorisposta) (dalla posta, letta il 12/09/2026)","Buongiorno, sono Patrick Sappa. Ho una piccola software house a Seveso, DenkiCode.

Ho guardato LAIT. Fra cucina, banco del sushi e sala avete tre postazioni che non si coprono a vicenda.

Quando salta uno del banco, chi lo sostituisce e come lo trovate?

Abbiamo fatto un programma per i turni. La settimana si costruisce una volta, ognuno vede la sua sul telefono, e quando salta qualcuno dice subito chi è libero.

Glielo faccio vedere in dieci minuti in videochiamata, quando le torna comodo. Se non le serve me lo dice e non mi sente più.","Via Magenta 18, Monza. Ittico e sushi. 544 post, 4.093 follower.",2026-09-11-instagram-denkishift-mb-va-co-lc.csv,denkishift,,Benvenuto al Ristorante Lait Monza. Per informazioni o prenotazioni 039 5964592
@seta_monza,Seta Monza,Monza (MB),Ristorante e pizzeria,3713,T,"cercato «ristorante monza» nella ricerca di Instagram → profilo letto l'11/9: Viale Campania 65 Monza, bistrot contemporaneo e pizzeria gourmet, sito setamonza.it, 144 post · [verifica-turni] bistrot dalla colazione alla cena piu' pizzeria: due cucine, un servizio lungo",,,"Buongiorno, sono Patrick Sappa, DenkiCode, una piccola software house a Seveso.

Ho guardato Seta. Scrivete che ogni momento della giornata ha il suo gusto, e per la squadra vuol dire una giornata lunga con turni spezzati.

Chi li incastra oggi?

Abbiamo fatto un programma per i turni. La settimana si costruisce una volta, ognuno vede la sua sul telefono, e quando salta qualcuno dice subito chi è libero.

In dieci minuti glielo mostro, quando vuole lei. Se non serve me lo dice e chiudiamo qui.","Viale Campania 65, Monza. Bistrot contemporaneo e pizzeria gourmet. Sito setamonza.it. 144 post, 3.713 follower.",2026-09-11-instagram-denkishift-mb-va-co-lc.csv,denkishift,,
@climatristorante.monza,Climat,Monza (MB),Ristorante,5208,T,"cercato «ristorante monza» nella ricerca di Instagram → profilo letto l'11/9: cucina contemporanea nel centro di Monza, solo prodotti e vini selezionati, sito climatristorante.it, 73 post · [verifica-turni] cucina di livello in centro: brigata e sala su un servizio solo, dove un'assenza si sente subito",,,"Buongiorno, sono Patrick Sappa. Ho una piccola software house a Seveso, DenkiCode.

Ho guardato Climat. In una cucina così una persona che manca si sente sul piatto, non solo sul turno.

Quando succede, come rimettete insieme la settimana?

Abbiamo fatto un programma per i turni. La settimana si costruisce una volta, ognuno vede la sua sul telefono, e quando salta qualcuno dice subito chi è libero.

Glielo faccio vedere in dieci minuti in videochiamata, quando le torna comodo. Se non le serve me lo dice e non mi sente più.","Monza centro. Cucina contemporanea, prodotti e vini selezionati. Sito climatristorante.it. 73 post, 5.208 follower.",2026-09-11-instagram-denkishift-mb-va-co-lc.csv,denkishift,,
@ristorantevillareale_monza,Ristorante Villa Reale,Monza (MB),Ristorante,5631,T,"cercato «ristorante monza» nella ricerca di Instagram → profilo letto l'11/9: Via Manara 25 Monza, dal 1993, carni nazionali ed estere, sito villarealeristorante.it, 490 post · [verifica-turni] trent'anni di attivita' con griglia e sala: due reparti e un servizio lungo",,,"Buongiorno, sono Patrick Sappa, DenkiCode, una piccola software house a Seveso.

Ho guardato il Villa Reale. Trentadue anni di servizio vogliono dire che i turni li avete già fatti in tutti i modi possibili.

Oggi come li tenete, su carta o su un file?

Il nostro programma fa questo. Si costruisce la settimana una volta, ogni persona la vede sul suo telefono, e i cambi non passano più dal gruppo.

Dieci minuti in videochiamata e vede se vale qualcosa per voi. Glieli chiedo, e basta.","Via Manara 25, Monza. Dal 1993, carni di primissima scelta. Sito villarealeristorante.it. 490 post, 5.631 follower.",2026-09-11-instagram-denkishift-mb-va-co-lc.csv,denkishift,,
@areadima_ristorante,Area Dima,Vimercate (MB),Ristorante con caffè,2856,T,"cercato «ristorante vimercate» nella ricerca di Instagram → profilo letto l'11/9: Vimercate, cucina contemporanea, rimanda a un secondo profilo @areadima.caffe, sito areadima.com, 229 post · [verifica-turni] due insegne dello stesso gruppo, ristorante e caffe': le persone girano fra i due",2026-09-12,"Nessuna risposta (solo autorisposta) (dalla posta, letta il 12/09/2026)","Buongiorno, sono Patrick Sappa. Ho una piccola software house a Seveso, DenkiCode.

Ho guardato Area Dima, e ho visto che c'è anche il caffè. Quando due locali sono dello stesso gruppo, le persone girano fra i due e il quadro dei turni diventa doppio.

Lo tenete su un foglio solo?

Abbiamo fatto un programma per i turni. La settimana si costruisce una volta, ognuno vede la sua sul telefono, e quando salta qualcuno dice subito chi è libero.

Glielo faccio vedere in dieci minuti in videochiamata, quando le torna comodo. Se non le serve me lo dice e non mi sente più.","Vimercate. Cucina contemporanea. Parte di un gruppo con anche @areadima.caffe. Sito areadima.com. 229 post, 2.856 follower.",2026-09-11-instagram-denkishift-mb-va-co-lc.csv,denkishift,,"Ciao, grazie per averci contattato. Abbiamo ricevuto il tuo messaggio"
@ristorante_marienplatz,Marienplatz,Vimercate (MB),Ristorante birreria,1099,T,"cercato «ristorante vimercate» nella ricerca di Instagram → profilo letto l'11/9: a Vimercate dal 2003, specialità sudtirolesi e servizio birraio in stile monacense, 935 post · [verifica-turni] birreria con servizio serale lungo: sala, cucina e spillatura",,,"Buongiorno, sono Patrick Sappa, DenkiCode, una piccola software house a Seveso.

Ho guardato il Marienplatz. Una birreria ha una serata lunga, e fra sala, cucina e spillatura le persone non finiscono mai insieme.

I turni chi li fa?

Abbiamo fatto un programma per i turni. La settimana si costruisce una volta, ognuno vede la sua sul telefono, e quando salta qualcuno dice subito chi è libero.

In dieci minuti glielo mostro, quando vuole lei. Se non serve me lo dice e chiudiamo qui.","Vimercate, dal 2003. Specialità del Sud Tirol, servizio birraio monacense. 935 post, 1.099 follower.",2026-09-11-instagram-denkishift-mb-va-co-lc.csv,denkishift,,
@meridas_ristorante_lissone,Meridas,Lissone (MB),Ristorante,455,T,"cercato «ristorante lissone» nella ricerca di Instagram → profilo letto l'11/9: Via XX Settembre 143 Lissone, 1.004 post pubblicati · [verifica-turni] ristorante con pranzo e cena: due servizi al giorno da coprire",,,"Buongiorno, sono Patrick Sappa. Ho una piccola software house a Seveso, DenkiCode.

Ho guardato Meridas. Pranzo e cena sono due servizi, e in mezzo c'è una pausa che sul foglio dei turni non si vede mai bene.

Come li segnate adesso?

Il nostro programma fa questo. Si costruisce la settimana una volta, ogni persona la vede sul suo telefono, e i cambi non passano più dal gruppo.

Glielo faccio vedere in dieci minuti in videochiamata, quando le torna comodo. Se non le serve me lo dice e non mi sente più.","Via XX Settembre 143, Lissone. 1.004 post, 455 follower.",2026-09-11-instagram-denkishift-mb-va-co-lc.csv,denkishift,,
@unico_cantu,Unico Cantù,Cantù (CO),Ristorante e lounge bar,3241,T,"cercato «ristorante cantu» nella ricerca di Instagram → profilo letto l'11/9: gruppo Lima Hospitality a Cantù, pizza, ristorante e lounge bar, orari dichiarati mar-sab 19-23 e domenica 12-14.30 e 19-23, in evidenza una storia «Team Unico», sito ristoranteunico.com, 233 post · [verifica-turni] hanno una squadra e la mostrano: domenica doppio servizio, sera lunga negli altri giorni",,,"Buongiorno, sono Patrick Sappa. Ho una piccola software house a Seveso, DenkiCode.

Ho guardato Unico, e ho visto che avete una storia in evidenza per la squadra. La domenica fate doppio servizio e negli altri giorni solo la sera: sono due settimane diverse dentro la stessa.

Chi la mette in fila, e su cosa?

Abbiamo fatto un programma per i turni. La settimana si costruisce una volta, ognuno vede la sua sul telefono, e quando salta qualcuno dice subito chi è libero.

Glielo faccio vedere in dieci minuti in videochiamata, quando le torna comodo. Se non le serve me lo dice e non mi sente più.","Cantù, gruppo Lima Hospitality. Pizza, ristorante e lounge bar. Mar-sab 19-23, domenica pranzo e cena. Storia in evidenza «Team Unico». Sito ristoranteunico.com. 233 post.",2026-09-11-instagram-denkishift-mb-va-co-lc.csv,denkishift,,
@ristorante.alcapolinea,Al Capolinea,Cantù (CO),Ristorante pizzeria,3208,T,"cercato «ristorante cantu» nella ricerca di Instagram → profilo letto l'11/9: a Cantù dal 1996, pizza e cucina mediterranea, aperti tutti i giorni tranne il martedì, cene cantate, 184 post · [verifica-turni] sei giorni su sette con serate a tema: la squadra delle cene cantate non e' quella di un giovedì normale",,,"Buongiorno, sono Patrick Sappa, DenkiCode, una piccola software house a Seveso.

Ho guardato Al Capolinea. Le cene cantate riempiono il locale in modo diverso da una sera normale, e la squadra deve essere più grande.

Quando c'è una serata, i turni li rifate a mano?

Abbiamo fatto un programma per i turni. La settimana si costruisce una volta, ognuno vede la sua sul telefono, e quando salta qualcuno dice subito chi è libero.

In dieci minuti glielo mostro, quando vuole lei. Se non serve me lo dice e chiudiamo qui.","Cantù, dal 1996. Pizza e cucina mediterranea. Aperti tutti i giorni tranne martedì. Cene cantate. 184 post, 3.208 follower.",2026-09-11-instagram-denkishift-mb-va-co-lc.csv,denkishift,,
@pizzeriaveliero,Pizzeria Veliero,Desio (MB),Pizzeria,1290,T,"cercato «pizzeria desio» nella ricerca di Instagram → profilo letto l'11/9: via Vercesi 13 angolo, Desio, 323 post · [verifica-turni] pizzeria di quartiere con asporto: il banco e il forno hanno picchi diversi nella stessa sera",,,"Buongiorno, sono Patrick Sappa. Ho una piccola software house a Seveso, DenkiCode.

Ho guardato il Veliero. Fra sala e asporto i picchi non arrivano insieme, e chi sta al forno lo sa meglio di tutti.

I turni come li decidete?

Il nostro programma fa questo. Si costruisce la settimana una volta, ogni persona la vede sul suo telefono, e i cambi non passano più dal gruppo.

Glielo faccio vedere in dieci minuti in videochiamata, quando le torna comodo. Se non le serve me lo dice e non mi sente più.","Via Vercesi 13, Desio. 323 post, 1.290 follower.",2026-09-11-instagram-denkishift-mb-va-co-lc.csv,denkishift,,
@ilpoetadesio,Pizzeria Il Poeta,Desio (MB),Pizzeria kebab,471,T,"cercato «pizzeria desio» nella ricerca di Instagram → profilo letto l'11/9: via Lombardia 10 Desio, pizzeria e kebab, 41 post · [verifica-turni] pizzeria e kebab con servizio serale lungo e asporto",,,"Buongiorno, sono Patrick Sappa, DenkiCode, una piccola software house a Seveso.

Ho guardato Il Poeta. Con la serata lunga e l'asporto, chi chiude non è mai chi ha aperto.

I turni li scrivete su un foglio in cucina?

Abbiamo fatto un programma per i turni. La settimana si costruisce una volta, ognuno vede la sua sul telefono, e quando salta qualcuno dice subito chi è libero.

In dieci minuti glielo mostro, quando vuole lei. Se non serve me lo dice e chiudiamo qui.","Via Lombardia 10, Desio. Pizzeria e kebab. 41 post, 471 follower.",2026-09-11-instagram-denkishift-mb-va-co-lc.csv,denkishift,,
@pizzeria.lafontana_monza,Pizzeria La Fontana,Monza (MB),Pizzeria,582,T,"cercato «pizzeria monza» nella ricerca di Instagram → profilo letto l'11/9: via Cairoli 7 angolo Indipendenza, Monza, forno a legna e pizza al trancio, dal martedì al sabato, 59 post · [verifica-turni] trancio di giorno e forno la sera, cinque giorni su sette",,,"Buongiorno, sono Patrick Sappa. Ho una piccola software house a Seveso, DenkiCode.

Ho guardato La Fontana. Il trancio di giorno e il forno la sera sono due lavori, e in mezzo c'è il cambio.

Chi decide chi fa cosa, la settimana prima?

Il nostro programma fa questo. Si costruisce la settimana una volta, ogni persona la vede sul suo telefono, e i cambi non passano più dal gruppo.

Glielo faccio vedere in dieci minuti in videochiamata, quando le torna comodo. Se non le serve me lo dice e non mi sente più.","Via Cairoli 7, Monza. Forno a legna e pizza al trancio. Dal martedì al sabato. 59 post, 582 follower.",2026-09-11-instagram-denkishift-mb-va-co-lc.csv,denkishift,,
@pasticceriadolci_lissone,Pasticceria Dolci,Lissone (MB),Pasticceria con catering,2988,T,"cercato «pasticceria lissone» nella ricerca di Instagram → profilo letto l'11/9: Viale Mauro Riva 45 Lissone, pasticceria, caffetteria, cioccolateria, gelateria artigianale e servizio catering, 721 post · [verifica-turni] laboratorio di notte, negozio di giorno e catering fuori: tre orari nello stesso giro",,,"Buongiorno, sono Patrick Sappa. Ho una piccola software house a Seveso, DenkiCode.

Ho guardato la vostra pasticceria. Il laboratorio parte quando il negozio è ancora chiuso, e il catering porta gente fuori in giornate che cambiano ogni settimana.

Tre orari diversi chi li tiene insieme?

Abbiamo fatto un programma che serve a quello. Chi coordina prepara la settimana una volta, ognuno la vede sul telefono, e le ferie entrano lì senza rifare i conti.

Glielo faccio vedere in dieci minuti in videochiamata, quando le torna comodo. Se non le serve me lo dice e non mi sente più.","Viale Mauro Riva 45, Lissone. Pasticceria, caffetteria, cioccolateria, gelateria artigianale, catering. 721 post, 2.988 follower.",2026-09-11-instagram-denkishift-mb-va-co-lc.csv,denkishift,,
@pasticceria_lievito_monza,Pasticceria Lievito,Monza (MB),Pasticceria,1894,T,"cercato «pasticceria monza» nella ricerca di Instagram → profilo letto l'11/9: Via dei Mille 1 Monza, orari in bio lunedì 7.30-15, martedì-sabato 7.30-19, domenica 9-19, sito pasticcerialievito.com, 783 post · [verifica-turni] aperti sette giorni con undici ore e mezza al giorno: nessuno copre tutto il turno da solo",,,"Buongiorno, sono Patrick Sappa, DenkiCode, una piccola software house a Seveso.

Ho guardato Lievito, e ho visto gli orari che avete in bio. Undici ore e mezza al giorno per sette giorni non le copre una persona sola, e infatti non le coprite.

Il quadro di chi entra e chi stacca dove lo tenete?

Abbiamo fatto un programma per i turni. La settimana si costruisce una volta, ognuno vede la sua sul telefono, e quando salta qualcuno dice subito chi è libero.

Glielo faccio vedere in dieci minuti in videochiamata, quando le torna comodo. Se non le serve me lo dice e non mi sente più.","Via dei Mille 1, Monza. Orari dichiarati: lun 7.30-15, mar-sab 7.30-19, dom 9-19. Sito pasticcerialievito.com. 783 post, 1.894 follower.",2026-09-11-instagram-denkishift-mb-va-co-lc.csv,denkishift,,
@pasticceria_bona_monza,Pasticceria Bona,Monza (MB),Pasticceria e caffetteria,960,T,"cercato «pasticceria monza» nella ricerca di Instagram → profilo letto l'11/9: Via Martiri della Libertà 6 Monza, pasticceria e caffetteria artigianale, 300 post · [verifica-turni] laboratorio piu' caffetteria: due squadre che si incrociano solo al mattino",,,"Buongiorno, sono Patrick Sappa. Ho una piccola software house a Seveso, DenkiCode.

Ho guardato la Bona. Chi impasta comincia molto prima di chi apre il bar, e le due squadre si incrociano solo per un'ora.

I turni come li tenete?

Il nostro programma fa questo. Si costruisce la settimana una volta, ogni persona la vede sul suo telefono, e i cambi non passano più dal gruppo.

In dieci minuti glielo mostro, quando vuole lei. Se non serve me lo dice e chiudiamo qui.","Via Martiri della Libertà 6, Monza. Pasticceria e caffetteria artigianale. 300 post, 960 follower.",2026-09-11-instagram-denkishift-mb-va-co-lc.csv,denkishift,,
@pasticceriapasserinilissone,Pasticceria Passerini,Lissone (MB),Pasticceria con più sedi,414,T,"cercato «pasticceria lissone» nella ricerca di Instagram → profilo letto l'11/9: dal 1919, pasticceria gelateria ed eventi, «sempre aperti», sedi dichiarate a Milano, Monza, Lecco e Lissone, 63 post · [verifica-turni] quattro punti vendita sempre aperti: le persone si spostano fra le sedi e il quadro e' uno solo",,,"Buongiorno, sono Patrick Sappa, DenkiCode, una piccola software house a Seveso.

Ho guardato Passerini. Quattro punti vendita sempre aperti vogliono dire persone che si spostano fra le sedi, e un quadro dei turni che deve stare in un posto solo.

Oggi come lo tenete?

Abbiamo fatto un programma che serve a quello. Chi coordina prepara la settimana una volta, ognuno la vede sul telefono, e le ferie entrano lì senza rifare i conti.

Dieci minuti in videochiamata e vede se vale qualcosa per voi. Glieli chiedo, e basta.","Dal 1919. Pasticceria, gelateria, eventi. Sempre aperti. Sedi a Milano, Monza, Lecco e Lissone. 63 post, 414 follower.",2026-09-11-instagram-denkishift-mb-va-co-lc.csv,denkishift,,
@viviildolce,Vivi il Dolce,Desio (MB),Pasticceria,2410,T,"cercato «pasticceria desio» nella ricerca di Instagram → profilo letto l'11/9: pasticceria artigianale a Desio con vendita anche online sul sito viviildolce.it, 790 post · [verifica-turni] laboratorio, negozio e ordini online: il lavoro cambia con le ricorrenze",,,"Buongiorno, sono Patrick Sappa. Ho una piccola software house a Seveso, DenkiCode.

Ho guardato Vivi il Dolce. Fra laboratorio, negozio e gli ordini che arrivano dal sito, nelle settimane delle ricorrenze serve più gente e per pochi giorni.

Quei giorni come li organizzate?

Abbiamo fatto un programma per i turni. La settimana si costruisce una volta, ognuno vede la sua sul telefono, e quando salta qualcuno dice subito chi è libero.

Glielo faccio vedere in dieci minuti in videochiamata, quando le torna comodo. Se non le serve me lo dice e non mi sente più.","Desio. Pasticceria artigianale, vendita anche online su viviildolce.it. 790 post, 2.410 follower.",2026-09-11-instagram-denkishift-mb-va-co-lc.csv,denkishift,,
@palestracityfit,Cityfit,Lissone (MB),Palestra,1716,T,"cercato «palestra lissone» nella ricerca di Instagram → profilo letto l'11/9: Via SS Nuova Valassina 346 Lissone, sito cityfit.it, 442 post · [verifica-turni] palestra con reception e istruttori: fasce lunghe dalla mattina alla sera e corsi a orario fisso",,,"Buongiorno, sono Patrick Sappa. Ho una piccola software house a Seveso, DenkiCode.

Ho guardato Cityfit. Fra reception e sala corsi avete gente che entra in orari diversi, e i corsi hanno orari fissi che non si spostano.

Chi tiene il quadro di chi c'è, e su cosa?

Abbiamo fatto un programma per i turni. La settimana si costruisce una volta, ognuno vede la sua sul telefono, e quando salta qualcuno dice subito chi è libero.

Glielo faccio vedere in dieci minuti in videochiamata, quando le torna comodo. Se non le serve me lo dice e non mi sente più.","Via SS Nuova Valassina 346, Lissone. Sito cityfit.it. 442 post, 1.716 follower.",2026-09-11-instagram-denkishift-mb-va-co-lc.csv,denkishift,,
@palestraenergydesio,Energy Desio,Desio (MB),Palestra,1355,T,"cercato «palestra desio» nella ricerca di Instagram → profilo letto l'11/9: centro fitness a indirizzo medico dal 1996, sito energypalestre.com, 390 post · [verifica-turni] centro con istruttori e personale di sala su fasce lunghe, piu' i corsi a orario",,,"Buongiorno, sono Patrick Sappa, DenkiCode, una piccola software house a Seveso.

Ho guardato Energy. Con quasi trent'anni di attività avrete provato tutti i modi di fare i turni degli istruttori.

Quello che usate adesso vi soddisfa?

Il nostro programma fa questo. Si costruisce la settimana una volta, ogni persona la vede sul suo telefono, e i cambi non passano più dal gruppo.

In dieci minuti glielo mostro, quando vuole lei. Se non serve me lo dice e chiudiamo qui.","Desio. Centro fitness a indirizzo medico dal 1996. Sito energypalestre.com. 390 post, 1.355 follower.",2026-09-11-instagram-denkishift-mb-va-co-lc.csv,denkishift,,
@palestrapegasolissone,Palestra Pegaso,Lissone (MB),Palestra,1527,T,"cercato «palestra lissone» nella ricerca di Instagram → profilo letto l'11/9: Viale della Repubblica 133 Lissone, fitness femminile, allenamenti personalizzati, body building, 165 post · [verifica-turni] allenamenti personalizzati: ogni istruttore ha una sua agenda, e le agende vanno incastrate",,,"Buongiorno, sono Patrick Sappa. Ho una piccola software house a Seveso, DenkiCode.

Ho guardato Pegaso. Con gli allenamenti personalizzati ogni istruttore ha la sua agenda, e le agende vanno incastrate con l'apertura della sala.

Come le tenete insieme oggi?

Abbiamo fatto un programma per i turni. La settimana si costruisce una volta, ognuno vede la sua sul telefono, e quando salta qualcuno dice subito chi è libero.

Glielo faccio vedere in dieci minuti in videochiamata, quando le torna comodo. Se non le serve me lo dice e non mi sente più.","Viale della Repubblica 133, Lissone. Fitness femminile, allenamenti personalizzati, body building center. 165 post, 1.527 follower.",2026-09-11-instagram-denkishift-mb-va-co-lc.csv,denkishift,,
@viscontafitness,Visconta Fitness,Monza (MB),Palestra e boxe,1012,T,"cercato «palestra monza» nella ricerca di Instagram → profilo letto l'11/9: palestra e boxe fra Monza e Brianza, in bio parlano di coach di sala, 289 post · [verifica-turni] coach di sala piu' corsi di boxe: due gruppi di istruttori su orari diversi",,,"Buongiorno, sono Patrick Sappa, DenkiCode, una piccola software house a Seveso.

Ho guardato Visconta. I coach di sala e chi tiene i corsi di boxe non fanno gli stessi orari, e i corsi non si possono spostare.

Il quadro settimanale chi lo prepara?

Abbiamo fatto un programma per i turni. La settimana si costruisce una volta, ognuno vede la sua sul telefono, e quando salta qualcuno dice subito chi è libero.

In dieci minuti glielo mostro, quando vuole lei. Se non serve me lo dice e chiudiamo qui.","Monza e Brianza. Palestra e boxe. In bio: coach di sala. 289 post, 1.012 follower.",2026-09-11-instagram-denkishift-mb-va-co-lc.csv,denkishift,,
@movementmonza,Movement,Monza (MB),Studio di ginnastica e pilates,564,T,"cercato «palestra monza» nella ricerca di Instagram → profilo letto l'11/9: via San Gottardo 74 Monza, ginnastica posturale, pilates con reformer, sedute individuali e in duetto, 165 post · [verifica-turni] sedute individuali e in duetto: l'agenda e' fatta di appuntamenti, e ogni istruttore ha la sua",,,"Buongiorno, sono Patrick Sappa. Ho una piccola software house a Seveso, DenkiCode.

Ho guardato Movement. Con le sedute individuali e in duetto la giornata è fatta di appuntamenti, e ogni istruttore ha la sua agenda.

Quando una salta, chi avvisa chi?

Il nostro programma fa questo. Si costruisce la settimana una volta, ogni persona la vede sul suo telefono, e i cambi non passano più dal gruppo.

Glielo faccio vedere in dieci minuti in videochiamata, quando le torna comodo. Se non le serve me lo dice e non mi sente più.","Via San Gottardo 74, Monza. Ginnastica posturale, pilates con reformer, sedute individuali e duetto. 165 post, 564 follower.",2026-09-11-instagram-denkishift-mb-va-co-lc.csv,denkishift,,
@agriturismoteresadellefragole,Teresa delle Fragole,Brianza (MB),Azienda agricola e agriturismo,6740,T,"cercato «agriturismo brianza» nella ricerca di Instagram → profilo letto l'11/9: azienda agricola biologica Teresa Rigamonti, punto vendita ortofrutta e agriturismo, 350 post · [verifica-turni] campagna, punto vendita e agriturismo: tre lavori diversi con la stessa gente, e la stagione decide tutto",,,"Buongiorno, sono Patrick Sappa, DenkiCode, una piccola software house a Seveso.

Ho guardato Teresa delle Fragole. Campagna, punto vendita e agriturismo sono tre lavori con la stessa gente, e la stagione li sposta tutti.

Chi decide chi va dove, settimana per settimana?

Abbiamo fatto un programma che serve a quello. Chi coordina prepara la settimana una volta, ognuno la vede sul telefono, e le ferie entrano lì senza rifare i conti.

Glielo faccio vedere in dieci minuti in videochiamata, quando le torna comodo. Se non le serve me lo dice e non mi sente più.","Brianza. Azienda agricola biologica Teresa Rigamonti. Punto vendita ortofrutta e agriturismo. 350 post, 6.740 follower.",2026-09-11-instagram-denkishift-mb-va-co-lc.csv,denkishift,,
@vics.nailss,Vics Nails,Lentate sul Seveso (MB),Nail,676,5,"cercato «nail lentate sul seveso» nella ricerca di Instagram → profilo letto l'11/9: 57 post, 676 follower [verifica-sito] motori «""Vics Nails"" Lentate sul Seveso»: 28 risultati · domini: tuttocitta.it (vivo: Ricettario di Buonissimo: Idee e Ricette per ogni occasione); lentatesulseveso.sportellocivico.it (DNS morto); visurissima.it (vivo: Visurissima); emmenails.top (non risponde); treccani.it (non risponde); wikidata.org (vivo: Wikidata); comune.it.com (vivo: Comune.it.com - Il Portale dei Comuni Italiani); comune.lentatesulseveso.mb.it (vivo: Comune di Lentate sul Seveso); sosmastro.it (vivo: SosMastro); touringclub.it (parcheggiato); epart.it (vivo: ePart - Il Social Network dei cittadini che partecipano); tapparellistamonza.it (vivo: Tapparellista Monza riparazione e sostituzione tapparelle uscita gratuita); sapere.it (vivo: Sapere.it); unlocode.info (parcheggiato: Unlocode.info | Info about every UN/LOCODE); geonames.org (parcheggiato: GeoNames); viaf.org (non risponde); kulturenvanteri.com (vivo: Kültür Envanteri • Bilirsek, koruruz.); id.loc.gov (vivo: Home - LC Linked Data Service: Authorities and Vocabularies | Library of Congres); archinform.net (vivo: International Architecture Database (Italian version)); vocab.getty.edu (vivo: Getty Vocabularies); hackerone.com (vivo: HackerOne | Leader in Continuous Threat Exposure Management | Security for AI); status.brave.app (vivo: Brave status) · directory: facebook.com, fresha.com, it.wikipedia.org, virgilio.it",,,"Buongiorno, sono Patrick Sappa, DenkiCode, una piccola software house a Seveso.

Ho guardato il tuo profilo, Vics Nails a Lentate sul Seveso. Scusa il tu. Le foto del tuo lavoro ci sono già tutte, e ti trovo su Fresha e su Instagram, ma un sito tuo no. Quella pagina la fa Fresha, non è tua.

La bozza del tuo sito è già pronta, con le tue foto e il tuo nome. Non devi scrivere niente e non devi mandarmi niente.

Te la mando qui, la guardi con calma, e se non ti piace me lo dici e finisce lì. Non ti costa un euro.

Se poi decidessi di metterlo online si parla di poche centinaia di euro una volta, più una quota annuale. Non di migliaia.

Te la mando?",Nail a Lentate sul Seveso. 676 follower.,2026-09-11-instagram-siti-brianza.csv,siti,,
@nailsmeda,Meda Nails,Meda (MB),Nail,2531,1,"cercato «nail meda» nella ricerca di Instagram → profilo letto l'11/9: 1722 post, 2531 follower [verifica-sito] motori «""Meda Nails"" Meda»: 6 risultati · domini: mux.de (vivo: Einkaufen in München - Restaurants mit Öffnungszeiten, Anfahrt und MVV-Fahrplana); hackerone.com (vivo: HackerOne | Leader in Continuous Threat Exposure Management | Security for AI); status.brave.app (vivo: Brave status) · directory: instagram.com, aromavero.it, cybo.com",,,"Buongiorno, sono Patrick Sappa di DenkiCode, piccola software house a Seveso.

Ho guardato il tuo profilo, Meda Nails a Meda. Scusa il tu. Le foto del tuo lavoro ci sono già tutte, e su Google non esce un sito tuo: ci sono Instagram e le schede degli altri, il tuo no.

La bozza del tuo sito è già pronta, con le tue foto e il tuo nome. Non devi scrivere niente e non devi mandarmi niente.

Te la mando qui, la guardi con calma, e se non ti piace me lo dici e finisce lì. Non ti costa un euro.

Se poi decidessi di metterlo online si parla di poche centinaia di euro una volta, più una quota annuale. Non di migliaia.

Te la mando?",Nail a Meda. 2531 follower.,2026-09-11-instagram-siti-brianza.csv,siti,,
@roox.nails_,Roox Nails,Seregno (MB),Nail,544,5,"cercato «nail seregno» nella ricerca di Instagram → profilo letto l'11/9: 740 post, 544 follower [verifica-sito] motori «""Roox Nails"" Seregno»: 14 risultati · domini: unghie.top10posti.it (vivo: UNGHIE.TOP10POSTI.IT • Trova centro unghie in Italia); tuttoseregno.it (vivo: Vivi la città di Seregno); cutapp.it (vivo: CutApp | Il Gestionale per Barbieri, Parrucchieri e Centri Estetici); hackerone.com (vivo: HackerOne | Leader in Continuous Threat Exposure Management | Security for AI); status.brave.app (vivo: Brave status) · directory: instagram.com, facebook.com, fresha.com, treatwell.it",,,"Buongiorno, sono Patrick Sappa, DenkiCode, una piccola software house a Seveso.

Ho guardato il tuo profilo, Roox Nails a Seregno. Scusa il tu. Le foto del tuo lavoro ci sono già tutte, e ti trovo su Fresha e su Instagram, ma un sito tuo no. Quella pagina la fa Fresha, non è tua.

La bozza del tuo sito è già pronta, con le tue foto e il tuo nome. Non devi scrivere niente e non devi mandarmi niente.

Te la mando qui, la guardi con calma, e se non ti piace me lo dici e finisce lì. Non ti costa un euro.

Se poi decidessi di metterlo online si parla di poche centinaia di euro una volta, più una quota annuale. Non di migliaia.

Te la mando?",Nail a Seregno. 544 follower.,2026-09-11-instagram-siti-brianza.csv,siti,,
@ge_nailsboutique,Nails Boutique Seregno,Seregno (MB),Nail,488,1,"cercato «nail seregno» nella ricerca di Instagram → profilo letto l'11/9: 61 post, 488 follower [verifica-sito] motori «""Nails Boutique Seregno"" Seregno»: 1 risultati · domini: nessuno risponde · directory: instagram.com",,,"Buongiorno, sono Patrick Sappa, DenkiCode, una piccola software house a Seveso.

Ho guardato il profilo di Nails Boutique Seregno, a Seregno. Le foto del vostro lavoro ci sono già tutte, e su Google non esce un sito vostro: ci sono Instagram e le schede degli altri, il vostro no.

La bozza del vostro sito è già pronta, con le vostre foto e il vostro nome. Non dovete scrivere niente e non dovete mandarmi niente.

Ve la mando qui, la guardate con calma, e se non vi piace me lo dite e finisce lì. Non vi costa un euro.

Se poi decideste di metterlo online si parla di poche centinaia di euro una volta, più una quota annuale. Non di migliaia.

Ve la mando?",Nail a Seregno. 488 follower.,2026-09-11-instagram-siti-brianza.csv,siti,,
@veronailsnailartstudio,Veronails,Seregno (MB),Nail,1399,5,"cercato «nail seregno» nella ricerca di Instagram → profilo letto l'11/9: 228 post, 1399 follower [verifica-sito] motori «""Veronails"" Seregno»: 10 risultati · domini: tuttoseregno.it (vivo: Vivi la città di Seregno); localitybiz.it (non risponde); veronails.com (vivo, indovinato: Luxury Nail Services in Vero Beach | My Pretty Nails) · directory: facebook.com, firmania.it, instagram.com, fresha.com · CONTROLLATO A MANO: veronails.com e` di un salone di Vero Beach in Florida: altra attivita`, stesso nome ma diverso indirizzo",,,"Buongiorno, sono Patrick Sappa di DenkiCode, piccola software house a Seveso.

Ho guardato il tuo profilo, Veronails a Seregno. Scusa il tu. Le foto del tuo lavoro ci sono già tutte, e ti trovo su Fresha e su Instagram, ma un sito tuo no. Quella pagina la fa Fresha, non è tua.

La bozza del tuo sito è già pronta, con le tue foto e il tuo nome. Non devi scrivere niente e non devi mandarmi niente.

Te la mando qui, la guardi con calma, e se non ti piace me lo dici e finisce lì. Non ti costa un euro.

Se poi decidessi di metterlo online si parla di poche centinaia di euro una volta, più una quota annuale. Non di migliaia.

Te la mando?",Nail a Seregno. 1399 follower.,2026-09-11-instagram-siti-brianza.csv,siti,,
@estetica.evelyn,Centro Estetico Evelyn,Seregno (MB),Estetica,432,5,"cercato «estetica seregno» nella ricerca di Instagram → profilo letto l'11/9: 74 post, 432 follower [verifica-sito] motori «""Centro Estetico Evelyn"" Seregno»: 8 risultati · domini: espevia.it (vivo: Coupon Estetica, Benessere, Tempo Libero | Sconti fino -70% - Espevia) · directory: aromavero.it, facebook.com, treatwell.it, italiarecensioni.com",,,"Buongiorno, sono Patrick Sappa di DenkiCode, piccola software house a Seveso.

Ho guardato il profilo di Centro Estetico Evelyn, a Seregno. Le foto del vostro lavoro ci sono già tutte, e vi trovo su Treatwell e su Instagram, ma un sito vostro no. Quella pagina è di Treatwell, non è vostra.

La bozza del vostro sito è già pronta, con le vostre foto e il vostro nome. Non dovete scrivere niente e non dovete mandarmi niente.

Ve la mando qui, la guardate con calma, e se non vi piace me lo dite e finisce lì. Non vi costa un euro.

Se poi decideste di metterlo online si parla di poche centinaia di euro una volta, più una quota annuale. Non di migliaia.

Ve la mando?",Estetica a Seregno. 432 follower.,2026-09-11-instagram-siti-brianza.csv,siti,,
@monster_style_seregno,Monster Style,Seregno (MB),Parrucchieri,1534,3,"cercato «parrucchieri seregno» nella ricerca di Instagram → profilo letto l'11/9: 399 post, 1534 follower [verifica-sito] motori «""Monster Style"" Seregno»: 9 risultati · domini: overplace.com (parcheggiato); tuttiaffari.com (non risponde) · directory: facebook.com, firmania.it, beautynailhairsalons.com, paginegialle.it",,,"Buongiorno, sono Patrick Sappa. Ho una piccola software house a Seveso, DenkiCode.

Ho guardato il profilo di Monster Style, a Seregno. Le foto del vostro lavoro ci sono già tutte, e overplace.com risponde con la pagina vuota del server: il dominio c'è, il sito no.

La bozza del vostro sito è già pronta, con le vostre foto e il vostro nome. Non dovete scrivere niente e non dovete mandarmi niente.

Ve la mando qui, la guardate con calma, e se non vi piace me lo dite e finisce lì. Non vi costa un euro.

Se poi decideste di metterlo online si parla di poche centinaia di euro una volta, più una quota annuale. Non di migliaia.

Ve la mando?",Parrucchieri a Seregno. 1534 follower.,2026-09-11-instagram-siti-brianza.csv,siti,,
@puracute,Puracute,Seregno (MB),Parrucchiere tricologo,623,1,"cercato «parrucchiere seregno» nella ricerca di Instagram → profilo letto l'11/9: 1948 post, 623 follower [verifica-sito] motori «""Puracute"" Seregno»: 8 risultati · domini: parrucchieriseregno.com (vivo) · directory: facebook.com, beautynailhairsalons.com, firmania.it, instagram.com",,,"Buongiorno, sono Patrick Sappa. Ho una piccola software house a Seveso, DenkiCode.

Ho guardato il profilo di Puracute, a Seregno. Le foto del vostro lavoro ci sono già tutte, e su Google non esce un sito vostro: ci sono Instagram e le schede degli altri, il vostro no.

La bozza del vostro sito è già pronta, con le vostre foto e il vostro nome. Non dovete scrivere niente e non dovete mandarmi niente.

Ve la mando qui, la guardate con calma, e se non vi piace me lo dite e finisce lì. Non vi costa un euro.

Se poi decideste di metterlo online si parla di poche centinaia di euro una volta, più una quota annuale. Non di migliaia.

Ve la mando?",Parrucchiere tricologo a Seregno. 623 follower.,2026-09-11-instagram-siti-brianza.csv,siti,,
@dons_barbershop_seregno,Don's Barbershop,Seregno (MB),Barber,1323,1,"cercato «barber seregno» nella ricerca di Instagram → profilo letto l'11/9: 159 post, 1323 follower [verifica-sito] motori «""Don's Barbershop"" Seregno»: 0 risultati · domini: nessuno risponde",,,"Buongiorno, sono Patrick Sappa di DenkiCode, piccola software house a Seveso.

Ho guardato il profilo di Don's Barbershop, a Seregno. Le foto del vostro lavoro ci sono già tutte, e su Google non esce un sito vostro: ci sono Instagram e le schede degli altri, il vostro no.

La bozza del vostro sito è già pronta, con le vostre foto e il vostro nome. Non dovete scrivere niente e non dovete mandarmi niente.

Ve la mando qui, la guardate con calma, e se non vi piace me lo dite e finisce lì. Non vi costa un euro.

Se poi decideste di metterlo online si parla di poche centinaia di euro una volta, più una quota annuale. Non di migliaia.

Ve la mando?",Barber a Seregno. 1323 follower.,2026-09-11-instagram-siti-brianza.csv,siti,,
@barbershop_adamseregno,Adam Barbershop,Seregno (MB),Barber,525,1,"cercato «barber seregno» nella ricerca di Instagram → profilo letto l'11/9: 147 post, 525 follower [verifica-sito] motori «""Adam Barbershop"" Seregno»: 3 risultati · domini: nessuno risponde · directory: instagram.com, facebook.com, play.google.com",,,"Buongiorno, sono Patrick Sappa, DenkiCode, una piccola software house a Seveso.

Ho guardato il profilo di Adam Barbershop, a Seregno. Le foto del vostro lavoro ci sono già tutte, e su Google non esce un sito vostro: ci sono Instagram e le schede degli altri, il vostro no.

La bozza del vostro sito è già pronta, con le vostre foto e il vostro nome. Non dovete scrivere niente e non dovete mandarmi niente.

Ve la mando qui, la guardate con calma, e se non vi piace me lo dite e finisce lì. Non vi costa un euro.

Se poi decideste di metterlo online si parla di poche centinaia di euro una volta, più una quota annuale. Non di migliaia.

Ve la mando?",Barber a Seregno. 525 follower.,2026-09-11-instagram-siti-brianza.csv,siti,,
@nails_by_xhesi_.barlassina,Nails by Xhesi,Barlassina (MB),Nail,1321,1,"cercato «nail barlassina» nella ricerca di Instagram → profilo letto l'11/9: 344 post, 1321 follower [verifica-sito] motori «""Nails by Xhesi"" Barlassina»: 0 risultati · domini: nessuno risponde",,,"Buongiorno, sono Patrick Sappa di DenkiCode, piccola software house a Seveso.

Ho guardato il tuo profilo, Nails by Xhesi a Barlassina. Scusa il tu. Le foto del tuo lavoro ci sono già tutte, e su Google non esce un sito tuo: ci sono Instagram e le schede degli altri, il tuo no.

La bozza del tuo sito è già pronta, con le tue foto e il tuo nome. Non devi scrivere niente e non devi mandarmi niente.

Te la mando qui, la guardi con calma, e se non ti piace me lo dici e finisce lì. Non ti costa un euro.

Se poi decidessi di metterlo online si parla di poche centinaia di euro una volta, più una quota annuale. Non di migliaia.

Te la mando?",Nail a Barlassina. 1321 follower.,2026-09-11-instagram-siti-brianza.csv,siti,,
@lilly.nails_cesano.maderno,Lilly Nails,Cesano Maderno (MB),Nail,224,1,"cercato «nail cesano maderno» nella ricerca di Instagram → profilo letto l'11/9: 101 post, 224 follower [verifica-sito] motori «""Lilly Nails"" Cesano Maderno»: 1 risultati · domini: bestprosintown.com (non risponde); lillynails.it (vivo, indovinato: LN Signature of Sweden); lillynails.com (vivo, indovinato: LN Signature of Sweden); lillynails.eu (vivo, indovinato: LN Signature of Sweden); lilly-nails.com (vivo, indovinato) · CONTROLLATO A MANO: lillynails.it e` di LN Signature of Sweden, altra attivita`",,,"Buongiorno, sono Patrick Sappa di DenkiCode, piccola software house a Seveso.

Ho guardato il tuo profilo, Lilly Nails a Cesano Maderno. Scusa il tu. Le foto del tuo lavoro ci sono già tutte, e su Google non esce un sito tuo: ci sono Instagram e le schede degli altri, il tuo no.

La bozza del tuo sito è già pronta, con le tue foto e il tuo nome. Non devi scrivere niente e non devi mandarmi niente.

Te la mando qui, la guardi con calma, e se non ti piace me lo dici e finisce lì. Non ti costa un euro.

Se poi decidessi di metterlo online si parla di poche centinaia di euro una volta, più una quota annuale. Non di migliaia.

Te la mando?",Nail a Cesano Maderno. 224 follower.,2026-09-11-instagram-siti-brianza.csv,siti,,
@lily.nails.desio,Lily Nails di Francesca Vangi,Desio (MB),Nail,617,5,"cercato «nail desio» nella ricerca di Instagram → profilo letto l'11/9: 35 post, 617 follower [verifica-sito] motori «""Lily Nails di Francesca Vangi"" Desio»: 6 risultati · domini: nessuno risponde · directory: reteimprese.it, localshop24.com, fresha.com, beautypassport.it",,,"Buongiorno, sono Patrick Sappa. Ho una piccola software house a Seveso, DenkiCode.

Ho guardato il tuo profilo, Lily Nails di Francesca Vangi a Desio. Scusa il tu. Le foto del tuo lavoro ci sono già tutte, e ti trovo su Fresha e su Instagram, ma un sito tuo no. Quella pagina la fa Fresha, non è tua.

La bozza del tuo sito è già pronta, con le tue foto e il tuo nome. Non devi scrivere niente e non devi mandarmi niente.

Te la mando qui, la guardi con calma, e se non ti piace me lo dici e finisce lì. Non ti costa un euro.

Se poi decidessi di metterlo online si parla di poche centinaia di euro una volta, più una quota annuale. Non di migliaia.

Te la mando?",Nail a Desio. 617 follower.,2026-09-11-instagram-siti-brianza.csv,siti,,
@giuliaprada.nailstudio,Giulia Prada Nail Studio,Desio (MB),Nail,660,1,"cercato «nail desio» nella ricerca di Instagram → profilo letto l'11/9: 142 post, 660 follower [verifica-sito] motori «""Giulia Prada Nail Studio"" Desio»: 0 risultati · domini: nessuno risponde",,,"Buongiorno, sono Patrick Sappa. Ho una piccola software house a Seveso, DenkiCode.

Ho guardato il profilo di Giulia Prada Nail Studio, a Desio. Le foto del vostro lavoro ci sono già tutte, e su Google non esce un sito vostro: ci sono Instagram e le schede degli altri, il vostro no.

La bozza del vostro sito è già pronta, con le vostre foto e il vostro nome. Non dovete scrivere niente e non dovete mandarmi niente.

Ve la mando qui, la guardate con calma, e se non vi piace me lo dite e finisce lì. Non vi costa un euro.

Se poi decideste di metterlo online si parla di poche centinaia di euro una volta, più una quota annuale. Non di migliaia.

Ve la mando?",Nail a Desio. 660 follower.,2026-09-11-instagram-siti-brianza.csv,siti,,
@skinharmonybymelania,Skin Harmony by Melania,Desio (MB),Estetica avanzata,1536,1,"cercato «estetica desio» nella ricerca di Instagram → profilo letto l'11/9: 862 post, 1536 follower [verifica-sito] motori «""Skin Harmony by Melania"" Desio»: 1 risultati · domini: nessuno risponde · directory: instagram.com",,,"Buongiorno, sono Patrick Sappa, DenkiCode, una piccola software house a Seveso.

Ho guardato il profilo di Skin Harmony by Melania, a Desio. Le foto del vostro lavoro ci sono già tutte, e su Google non esce un sito vostro: ci sono Instagram e le schede degli altri, il vostro no.

La bozza del vostro sito è già pronta, con le vostre foto e il vostro nome. Non dovete scrivere niente e non dovete mandarmi niente.

Ve la mando qui, la guardate con calma, e se non vi piace me lo dite e finisce lì. Non vi costa un euro.

Se poi decideste di metterlo online si parla di poche centinaia di euro una volta, più una quota annuale. Non di migliaia.

Ve la mando?",Estetica avanzata a Desio. 1536 follower.,2026-09-11-instagram-siti-brianza.csv,siti,,
@de_simone_parrucchiere_,Parrucchiere De Simone,Desio (MB),Parrucchieri,1753,1,"cercato «parrucchieri desio» nella ricerca di Instagram → profilo letto l'11/9: 339 post, 1753 follower [verifica-sito] motori «""Parrucchiere De Simone"" Desio»: 1 risultati · domini: nessuno risponde · directory: instagram.com",,,"Buongiorno, sono Patrick Sappa, DenkiCode, una piccola software house a Seveso.

Ho guardato il profilo di Parrucchiere De Simone, a Desio. Le foto del vostro lavoro ci sono già tutte, e su Google non esce un sito vostro: ci sono Instagram e le schede degli altri, il vostro no.

La bozza del vostro sito è già pronta, con le vostre foto e il vostro nome. Non dovete scrivere niente e non dovete mandarmi niente.

Ve la mando qui, la guardate con calma, e se non vi piace me lo dite e finisce lì. Non vi costa un euro.

Se poi decideste di metterlo online si parla di poche centinaia di euro una volta, più una quota annuale. Non di migliaia.

Ve la mando?",Parrucchieri a Desio. 1753 follower.,2026-09-11-instagram-siti-brianza.csv,siti,,
@fm_labeaute,FM La Beautè,Lissone (MB),Estetica avanzata,316,5,"cercato «estetica lissone» nella ricerca di Instagram → profilo letto l'11/9: 117 post, 316 follower [verifica-sito] motori «""FM La Beautè"" Lissone»: 6 risultati · domini: moovitapp.com (parcheggiato) · directory: treatwell.it, instagram.com, aromavero.it, locale.infobel.it",,,"Buongiorno, sono Patrick Sappa. Ho una piccola software house a Seveso, DenkiCode.

Ho guardato il profilo di FM La Beautè, a Lissone. Le foto del vostro lavoro ci sono già tutte, e vi trovo su Treatwell e su Instagram, ma un sito vostro no. Quella pagina è di Treatwell, non è vostra.

La bozza del vostro sito è già pronta, con le vostre foto e il vostro nome. Non dovete scrivere niente e non dovete mandarmi niente.

Ve la mando qui, la guardate con calma, e se non vi piace me lo dite e finisce lì. Non vi costa un euro.

Se poi decideste di metterlo online si parla di poche centinaia di euro una volta, più una quota annuale. Non di migliaia.

Ve la mando?",Estetica avanzata a Lissone. 316 follower.,2026-09-11-instagram-siti-brianza.csv,siti,,
@franci.nails_,Franci Nails,Giussano (MB),Nail,1310,1,"cercato «nail giussano» nella ricerca di Instagram → profilo letto l'11/9: 1879 post, 1310 follower [verifica-sito] motori «""Franci Nails"" Giussano»: 1 risultati · domini: francinails.com (vivo, indovinato: Próximamente) · directory: facebook.com · CONTROLLATO A MANO: francinails.com e` parcheggiato («Proximamente»): altra attivita`, non e` loro",,,"Buongiorno, sono Patrick Sappa. Ho una piccola software house a Seveso, DenkiCode.

Ho guardato il tuo profilo, Franci Nails a Giussano. Scusa il tu. Le foto del tuo lavoro ci sono già tutte, e su Google non esce un sito tuo: ci sono Instagram e le schede degli altri, il tuo no.

La bozza del tuo sito è già pronta, con le tue foto e il tuo nome. Non devi scrivere niente e non devi mandarmi niente.

Te la mando qui, la guardi con calma, e se non ti piace me lo dici e finisce lì. Non ti costa un euro.

Se poi decidessi di metterlo online si parla di poche centinaia di euro una volta, più una quota annuale. Non di migliaia.

Te la mando?",Nail a Giussano. 1310 follower.,2026-09-11-instagram-siti-brianza.csv,siti,,
@eversun_giussano,Eversun Estetica e Solarium,Giussano (MB),Estetica,362,1,"cercato «estetica giussano» nella ricerca di Instagram → profilo letto l'11/9: 290 post, 362 follower [verifica-sito] motori «""Eversun Estetica e Solarium"" Giussano»: 2 risultati · domini: nessuno risponde · directory: instagram.com, facebook.com",,,"Buongiorno, sono Patrick Sappa di DenkiCode, piccola software house a Seveso.

Ho guardato il profilo di Eversun Estetica e Solarium, a Giussano. Le foto del vostro lavoro ci sono già tutte, e su Google non esce un sito vostro: ci sono Instagram e le schede degli altri, il vostro no.

La bozza del vostro sito è già pronta, con le vostre foto e il vostro nome. Non dovete scrivere niente e non dovete mandarmi niente.

Ve la mando qui, la guardate con calma, e se non vi piace me lo dite e finisce lì. Non vi costa un euro.

Se poi decideste di metterlo online si parla di poche centinaia di euro una volta, più una quota annuale. Non di migliaia.

Ve la mando?",Estetica a Giussano. 362 follower.,2026-09-11-instagram-siti-brianza.csv,siti,,
@g.nails_caratebrianza,G Nails,Carate Brianza (MB),Nail,343,1,"cercato «nail carate brianza» nella ricerca di Instagram → profilo letto l'11/9: 329 post, 343 follower [verifica-sito] motori «""G Nails"" Carate Brianza»: 0 risultati · domini: nessuno risponde",,,"Buongiorno, sono Patrick Sappa di DenkiCode, piccola software house a Seveso.

Ho guardato il tuo profilo, G Nails a Carate Brianza. Scusa il tu. Le foto del tuo lavoro ci sono già tutte, e su Google non esce un sito tuo: ci sono Instagram e le schede degli altri, il tuo no.

La bozza del tuo sito è già pronta, con le tue foto e il tuo nome. Non devi scrivere niente e non devi mandarmi niente.

Te la mando qui, la guardi con calma, e se non ti piace me lo dici e finisce lì. Non ti costa un euro.

Se poi decidessi di metterlo online si parla di poche centinaia di euro una volta, più una quota annuale. Non di migliaia.

Te la mando?",Nail a Carate Brianza. 343 follower.,2026-09-11-instagram-siti-brianza.csv,siti,,
@gbstudio____,GB Studio Nails & Beauty,Bovisio Masciago (MB),Nail e estetica,4417,1,"cercato «nail bovisio masciago» nella ricerca di Instagram → profilo letto l'11/9: 810 post, 4417 follower [verifica-sito] motori «""GB Studio Nails & Beauty"" Bovisio Masciago»: 0 risultati · domini: nessuno risponde",,,"Buongiorno, sono Patrick Sappa di DenkiCode, piccola software house a Seveso.

Ho guardato il profilo di GB Studio Nails & Beauty, a Bovisio Masciago. Le foto del vostro lavoro ci sono già tutte, e su Google non esce un sito vostro: ci sono Instagram e le schede degli altri, il vostro no.

La bozza del vostro sito è già pronta, con le vostre foto e il vostro nome. Non dovete scrivere niente e non dovete mandarmi niente.

Ve la mando qui, la guardate con calma, e se non vi piace me lo dite e finisce lì. Non vi costa un euro.

Se poi decideste di metterlo online si parla di poche centinaia di euro una volta, più una quota annuale. Non di migliaia.

Ve la mando?",Nail e estetica a Bovisio Masciago. 4417 follower.,2026-09-11-instagram-siti-brianza.csv,siti,,
@eg_estetica_glamour_misinto,Estetica Glamour di Martina Ciccolella,Misinto (MB),Estetica,756,1,"cercato «estetica misinto» nella ricerca di Instagram → profilo letto l'11/9: 1874 post, 756 follower [verifica-sito] motori «""Estetica Glamour di Martina Ciccolella"" Misinto»: 1 risultati · domini: nessuno risponde · directory: instagram.com",,,"Buongiorno, sono Patrick Sappa. Ho una piccola software house a Seveso, DenkiCode.

Ho guardato il profilo di Estetica Glamour di Martina Ciccolella, a Misinto. Le foto del vostro lavoro ci sono già tutte, e su Google non esce un sito vostro: ci sono Instagram e le schede degli altri, il vostro no.

La bozza del vostro sito è già pronta, con le vostre foto e il vostro nome. Non dovete scrivere niente e non dovete mandarmi niente.

Ve la mando qui, la guardate con calma, e se non vi piace me lo dite e finisce lì. Non vi costa un euro.

Se poi decideste di metterlo online si parla di poche centinaia di euro una volta, più una quota annuale. Non di migliaia.

Ve la mando?",Estetica a Misinto. 756 follower.,2026-09-11-instagram-siti-brianza.csv,siti,,
@centro_estetico.misinto,Rosa del Deserto Estetica & Solarium,Misinto (MB),Estetica,752,1,"cercato «estetica misinto» nella ricerca di Instagram → profilo letto l'11/9: 174 post, 752 follower [verifica-sito] motori «""Rosa del Deserto Estetica & Solarium"" Misinto»: 1 risultati · domini: nessuno risponde · directory: instagram.com",,,"Buongiorno, sono Patrick Sappa di DenkiCode, piccola software house a Seveso.

Ho guardato il profilo di Rosa del Deserto Estetica & Solarium, a Misinto. Le foto del vostro lavoro ci sono già tutte, e su Google non esce un sito vostro: ci sono Instagram e le schede degli altri, il vostro no.

La bozza del vostro sito è già pronta, con le vostre foto e il vostro nome. Non dovete scrivere niente e non dovete mandarmi niente.

Ve la mando qui, la guardate con calma, e se non vi piace me lo dite e finisce lì. Non vi costa un euro.

Se poi decideste di metterlo online si parla di poche centinaia di euro una volta, più una quota annuale. Non di migliaia.

Ve la mando?",Estetica a Misinto. 752 follower.,2026-09-11-instagram-siti-brianza.csv,siti,,
@valentinamandala_nails,Valentina Mandala Nails,Nova Milanese (MB),Nail,2087,1,"cercato «nail nova milanese» nella ricerca di Instagram → profilo letto l'11/9: 376 post, 2087 follower [verifica-sito] motori «""Valentina Mandala Nails"" Nova Milanese»: 0 risultati · domini: nessuno risponde",,"2026-09-12 no, chiude il negozio","Buongiorno, sono Patrick Sappa, DenkiCode, una piccola software house a Seveso.

Ho guardato il tuo profilo, Valentina Mandala Nails a Nova Milanese. Scusa il tu. Le foto del tuo lavoro ci sono già tutte, e su Google non esce un sito tuo: ci sono Instagram e le schede degli altri, il tuo no.

La bozza del tuo sito è già pronta, con le tue foto e il tuo nome. Non devi scrivere niente e non devi mandarmi niente.

Te la mando qui, la guardi con calma, e se non ti piace me lo dici e finisce lì. Non ti costa un euro.

Se poi decidessi di metterlo online si parla di poche centinaia di euro una volta, più una quota annuale. Non di migliaia.

Te la mando?",Nail a Nova Milanese. 2087 follower.,2026-09-11-instagram-siti-brianza.csv,siti,,
@lamaisondichiara,La Maison di Chiara,Nova Milanese (MB),Estetica,455,3,"cercato «estetica nova milanese» nella ricerca di Instagram → profilo letto l'11/9: 18 post, 455 follower [verifica-sito] motori «""La Maison di Chiara"" Nova Milanese»: 2 risultati · domini: maisonchiara.com (parcheggiato, indovinato) · directory: instagram.com, reteimprese.it",,,"Buongiorno, sono Patrick Sappa, DenkiCode, una piccola software house a Seveso.

Ho guardato il profilo di La Maison di Chiara, a Nova Milanese. Le foto del vostro lavoro ci sono già tutte, e maisonchiara.com risponde con la pagina vuota del server: il dominio c'è, il sito no.

La bozza del vostro sito è già pronta, con le vostre foto e il vostro nome. Non dovete scrivere niente e non dovete mandarmi niente.

Ve la mando qui, la guardate con calma, e se non vi piace me lo dite e finisce lì. Non vi costa un euro.

Se poi decideste di metterlo online si parla di poche centinaia di euro una volta, più una quota annuale. Non di migliaia.

Ve la mando?",Estetica a Nova Milanese. 455 follower.,2026-09-11-instagram-siti-brianza.csv,siti,,
@dorotea_nailss,Dorotea Nails,Muggio (MB),Nail,211,1,"cercato «nail muggio» nella ricerca di Instagram → profilo letto l'11/9: 37 post, 211 follower [verifica-sito] motori «""Dorotea Nails"" Muggio»: 0 risultati · domini: nessuno risponde",,,"Buongiorno, sono Patrick Sappa di DenkiCode, piccola software house a Seveso.

Ho guardato il tuo profilo, Dorotea Nails a Muggio. Scusa il tu. Le foto del tuo lavoro ci sono già tutte, e su Google non esce un sito tuo: ci sono Instagram e le schede degli altri, il tuo no.

La bozza del tuo sito è già pronta, con le tue foto e il tuo nome. Non devi scrivere niente e non devi mandarmi niente.

Te la mando qui, la guardi con calma, e se non ti piace me lo dici e finisce lì. Non ti costa un euro.

Se poi decidessi di metterlo online si parla di poche centinaia di euro una volta, più una quota annuale. Non di migliaia.

Te la mando?",Nail a Muggio. 211 follower.,2026-09-11-instagram-siti-brianza.csv,siti,,
@hairtist_muggio,Hairtist,Muggio (MB),Parrucchieri,712,5,"cercato «parrucchieri muggio» nella ricerca di Instagram → profilo letto l'11/9: 540 post, 712 follower [verifica-sito] motori «""Hairtist"" Muggio»: 9 risultati · domini: hairtist.com (vivo, indovinato: Market) · directory: treatwell.it, firmania.it, facebook.com, beautynailhairsalons.com · CONTROLLATO A MANO: hairtist.com e` un market americano, altra attivita`",,,"Buongiorno, sono Patrick Sappa di DenkiCode, piccola software house a Seveso.

Ho guardato il profilo di Hairtist, a Muggio. Le foto del vostro lavoro ci sono già tutte, e vi trovo su Treatwell e su Instagram, ma un sito vostro no. Quella pagina è di Treatwell, non è vostra.

La bozza del vostro sito è già pronta, con le vostre foto e il vostro nome. Non dovete scrivere niente e non dovete mandarmi niente.

Ve la mando qui, la guardate con calma, e se non vi piace me lo dite e finisce lì. Non vi costa un euro.

Se poi decideste di metterlo online si parla di poche centinaia di euro una volta, più una quota annuale. Non di migliaia.

Ve la mando?",Parrucchieri a Muggio. 712 follower.,2026-09-11-instagram-siti-brianza.csv,siti,,
@eliteparrucchieriestetica.mb,Elite Muggio,Muggio (MB),Parrucchieri e estetica,748,1,"cercato «parrucchieri muggio» nella ricerca di Instagram → profilo letto l'11/9: 553 post, 748 follower [verifica-sito] motori «""Elite Muggio"" Muggio»: 0 risultati · domini: nessuno risponde",,,"Buongiorno, sono Patrick Sappa di DenkiCode, piccola software house a Seveso.

Ho guardato il profilo di Elite Muggio, a Muggio. Le foto del vostro lavoro ci sono già tutte, e su Google non esce un sito vostro: ci sono Instagram e le schede degli altri, il vostro no.

La bozza del vostro sito è già pronta, con le vostre foto e il vostro nome. Non dovete scrivere niente e non dovete mandarmi niente.

Ve la mando qui, la guardate con calma, e se non vi piace me lo dite e finisce lì. Non vi costa un euro.

Se poi decideste di metterlo online si parla di poche centinaia di euro una volta, più una quota annuale. Non di migliaia.

Ve la mando?",Parrucchieri e estetica a Muggio. 748 follower.,2026-09-11-instagram-siti-brianza.csv,siti,,
@giorgia_artist,Giorgia Artist Nails & Beauty,Biassono (MB),Nail,888,1,"cercato «nail biassono» nella ricerca di Instagram → profilo letto l'11/9: 158 post, 888 follower [verifica-sito] motori «""Giorgia Artist Nails & Beauty"" Biassono»: 8 risultati · domini: nessuno risponde · directory: aromavero.it, firmania.it, facebook.com, instagram.com",,,"Buongiorno, sono Patrick Sappa di DenkiCode, piccola software house a Seveso.

Ho guardato il tuo profilo, Giorgia Artist Nails & Beauty a Biassono. Scusa il tu. Le foto del tuo lavoro ci sono già tutte, e su Google non esce un sito tuo: ci sono Instagram e le schede degli altri, il tuo no.

La bozza del tuo sito è già pronta, con le tue foto e il tuo nome. Non devi scrivere niente e non devi mandarmi niente.

Te la mando qui, la guardi con calma, e se non ti piace me lo dici e finisce lì. Non ti costa un euro.

Se poi decidessi di metterlo online si parla di poche centinaia di euro una volta, più una quota annuale. Non di migliaia.

Te la mando?",Nail a Biassono. 888 follower.,2026-09-11-instagram-siti-brianza.csv,siti,,
@besa_nails2800,Besa Nails,Besana in Brianza (MB),Nail,2493,1,"cercato «nail besana in brianza» nella ricerca di Instagram → profilo letto l'11/9: 1334 post, 2493 follower [verifica-sito] motori «""Besa Nails"" Besana in Brianza»: 1 risultati · domini: nessuno risponde · directory: instagram.com",,,"Buongiorno, sono Patrick Sappa. Ho una piccola software house a Seveso, DenkiCode.

Ho guardato il tuo profilo, Besa Nails a Besana in Brianza. Scusa il tu. Le foto del tuo lavoro ci sono già tutte, e su Google non esce un sito tuo: ci sono Instagram e le schede degli altri, il tuo no.

La bozza del tuo sito è già pronta, con le tue foto e il tuo nome. Non devi scrivere niente e non devi mandarmi niente.

Te la mando qui, la guardi con calma, e se non ti piace me lo dici e finisce lì. Non ti costa un euro.

Se poi decidessi di metterlo online si parla di poche centinaia di euro una volta, più una quota annuale. Non di migliaia.

Te la mando?",Nail a Besana in Brianza. 2493 follower.,2026-09-11-instagram-siti-brianza.csv,siti,,
@beautynails.jennyfer,Beauty Nails Jennyfer,Besana in Brianza (MB),Nail,225,1,"cercato «nail besana in brianza» nella ricerca di Instagram → profilo letto l'11/9: 32 post, 225 follower [verifica-sito] motori «""Beauty Nails Jennyfer"" Besana in Brianza»: 0 risultati · domini: nessuno risponde",,,"Buongiorno, sono Patrick Sappa di DenkiCode, piccola software house a Seveso.

Ho guardato il tuo profilo, Beauty Nails Jennyfer a Besana in Brianza. Scusa il tu. Le foto del tuo lavoro ci sono già tutte, e su Google non esce un sito tuo: ci sono Instagram e le schede degli altri, il tuo no.

La bozza del tuo sito è già pronta, con le tue foto e il tuo nome. Non devi scrivere niente e non devi mandarmi niente.

Te la mando qui, la guardi con calma, e se non ti piace me lo dici e finisce lì. Non ti costa un euro.

Se poi decidessi di metterlo online si parla di poche centinaia di euro una volta, più una quota annuale. Non di migliaia.

Te la mando?",Nail a Besana in Brianza. 225 follower.,2026-09-11-instagram-siti-brianza.csv,siti,,
@besana_milena_estetica,Milena Besana Estetica,Besana in Brianza (MB),Estetica,562,1,"cercato «estetica besana in brianza» nella ricerca di Instagram → profilo letto l'11/9: 121 post, 562 follower [verifica-sito] motori «""Milena Besana Estetica"" Besana in Brianza»: 0 risultati · domini: nessuno risponde",,,"Buongiorno, sono Patrick Sappa. Ho una piccola software house a Seveso, DenkiCode.

Ho guardato il profilo di Milena Besana Estetica, a Besana in Brianza. Le foto del vostro lavoro ci sono già tutte, e su Google non esce un sito vostro: ci sono Instagram e le schede degli altri, il vostro no.

La bozza del vostro sito è già pronta, con le vostre foto e il vostro nome. Non dovete scrivere niente e non dovete mandarmi niente.

Ve la mando qui, la guardate con calma, e se non vi piace me lo dite e finisce lì. Non vi costa un euro.

Se poi decideste di metterlo online si parla di poche centinaia di euro una volta, più una quota annuale. Non di migliaia.

Ve la mando?",Estetica a Besana in Brianza. 562 follower.,2026-09-11-instagram-siti-brianza.csv,siti,,
@kinghoney_nails,King Honey Nails,Arcore (MB),Nail,927,5,"cercato «nail arcore» nella ricerca di Instagram → profilo letto l'11/9: 264 post, 927 follower [verifica-sito] motori «""King Honey Nails"" Arcore»: 8 risultati · domini: capelliextension.it (vivo: Capelli EXT - Elenco delle aziende produttrici di capelli in Italia. Posizione, ) · directory: instagram.com, aromavero.it, fresha.com, italiarecensioni.com",,,"Buongiorno, sono Patrick Sappa di DenkiCode, piccola software house a Seveso.

Ho guardato il tuo profilo, King Honey Nails a Arcore. Scusa il tu. Le foto del tuo lavoro ci sono già tutte, e ti trovo su Fresha e su Instagram, ma un sito tuo no. Quella pagina la fa Fresha, non è tua.

La bozza del tuo sito è già pronta, con le tue foto e il tuo nome. Non devi scrivere niente e non devi mandarmi niente.

Te la mando qui, la guardi con calma, e se non ti piace me lo dici e finisce lì. Non ti costa un euro.

Se poi decidessi di metterlo online si parla di poche centinaia di euro una volta, più una quota annuale. Non di migliaia.

Te la mando?",Nail a Arcore. 927 follower.,2026-09-11-instagram-siti-brianza.csv,siti,,
@beautydream_dibicenter,Estetica Beauty Dream,Arcore (MB),Estetica,234,5,"cercato «estetica arcore» nella ricerca di Instagram → profilo letto l'11/9: 308 post, 234 follower [verifica-sito] motori «""Estetica Beauty Dream"" Arcore»: 6 risultati · domini: endospheres.com (vivo) · directory: instagram.com, beautynailhairsalons.com, fresha.com, aromavero.it",,,"Buongiorno, sono Patrick Sappa. Ho una piccola software house a Seveso, DenkiCode.

Ho guardato il profilo di Estetica Beauty Dream, a Arcore. Le foto del vostro lavoro ci sono già tutte, e vi trovo su Fresha e su Instagram, ma un sito vostro no. Quella pagina è di Fresha, non è vostra.

La bozza del vostro sito è già pronta, con le vostre foto e il vostro nome. Non dovete scrivere niente e non dovete mandarmi niente.

Ve la mando qui, la guardate con calma, e se non vi piace me lo dite e finisce lì. Non vi costa un euro.

Se poi decideste di metterlo online si parla di poche centinaia di euro una volta, più una quota annuale. Non di migliaia.

Ve la mando?",Estetica a Arcore. 234 follower.,2026-09-11-instagram-siti-brianza.csv,siti,,
@estetica.nicla,Centro Estetico di Nicla Sottocorna,Arcore (MB),Estetica,785,1,"cercato «estetica arcore» nella ricerca di Instagram → profilo letto l'11/9: 16 post, 785 follower [verifica-sito] motori «""Centro Estetico di Nicla Sottocorna"" Arcore»: 0 risultati · domini: nessuno risponde",,,"Buongiorno, sono Patrick Sappa. Ho una piccola software house a Seveso, DenkiCode.

Ho guardato il profilo di Centro Estetico di Nicla Sottocorna, a Arcore. Le foto del vostro lavoro ci sono già tutte, e su Google non esce un sito vostro: ci sono Instagram e le schede degli altri, il vostro no.

La bozza del vostro sito è già pronta, con le vostre foto e il vostro nome. Non dovete scrivere niente e non dovete mandarmi niente.

Ve la mando qui, la guardate con calma, e se non vi piace me lo dite e finisce lì. Non vi costa un euro.

Se poi decideste di metterlo online si parla di poche centinaia di euro una volta, più una quota annuale. Non di migliaia.

Ve la mando?",Estetica a Arcore. 785 follower.,2026-09-11-instagram-siti-brianza.csv,siti,,
@esteticakarismavimercate,Estetica Karisma,Vimercate (MB),Estetica,576,3,"cercato «estetica vimercate» nella ricerca di Instagram → profilo letto l'11/9: 363 post, 576 follower [verifica-sito] motori «""Estetica Karisma"" Vimercate»: 8 risultati · domini: esteticakarisma.com (parcheggiato, indovinato: esteticakarisma.com domain è in vendita | Acquista con Epik.com) · directory: beautynailhairsalons.com, facebook.com, aromavero.it, paginegialle.it",,,"Buongiorno, sono Patrick Sappa. Ho una piccola software house a Seveso, DenkiCode.

Ho guardato il profilo di Estetica Karisma, a Vimercate. Le foto del vostro lavoro ci sono già tutte, e esteticakarisma.com risponde con la pagina vuota del server: il dominio c'è, il sito no.

La bozza del vostro sito è già pronta, con le vostre foto e il vostro nome. Non dovete scrivere niente e non dovete mandarmi niente.

Ve la mando qui, la guardate con calma, e se non vi piace me lo dite e finisce lì. Non vi costa un euro.

Se poi decideste di metterlo online si parla di poche centinaia di euro una volta, più una quota annuale. Non di migliaia.

Ve la mando?",Estetica a Vimercate. 576 follower.,2026-09-11-instagram-siti-brianza.csv,siti,,
@afrodite.estetica.agrate,Afrodite Estetica,Agrate Brianza (MB),Estetica,529,3,"cercato «estetica agrate brianza» nella ricerca di Instagram → profilo letto l'11/9: 373 post, 529 follower [verifica-sito] motori «""Afrodite Estetica"" Agrate Brianza»: 8 risultati · domini: afroditeestetica.it (parcheggiato, indovinato) · directory: aromavero.it, facebook.com, beautynailhairsalons.com, firmania.it",,,"Buongiorno, sono Patrick Sappa. Ho una piccola software house a Seveso, DenkiCode.

Ho guardato il profilo di Afrodite Estetica, a Agrate Brianza. Le foto del vostro lavoro ci sono già tutte, e afroditeestetica.it risponde con la pagina vuota del server: il dominio c'è, il sito no.

La bozza del vostro sito è già pronta, con le vostre foto e il vostro nome. Non dovete scrivere niente e non dovete mandarmi niente.

Ve la mando qui, la guardate con calma, e se non vi piace me lo dite e finisce lì. Non vi costa un euro.

Se poi decideste di metterlo online si parla di poche centinaia di euro una volta, più una quota annuale. Non di migliaia.

Ve la mando?",Estetica a Agrate Brianza. 529 follower.,2026-09-11-instagram-siti-brianza.csv,siti,,
@madynails_md,Mady Nails,Concorezzo (MB),Nail,425,5,"cercato «nail concorezzo» nella ricerca di Instagram → profilo letto l'11/9: 731 post, 425 follower [verifica-sito] motori «""Mady Nails"" Concorezzo»: 8 risultati · domini: madynails.com (parcheggiato, indovinato) · directory: treatwell.it, facebook.com, beautynailhairsalons.com, aromavero.it",,,"Buongiorno, sono Patrick Sappa. Ho una piccola software house a Seveso, DenkiCode.

Ho guardato il tuo profilo, Mady Nails a Concorezzo. Scusa il tu. Le foto del tuo lavoro ci sono già tutte, e ti trovo su Treatwell e su Instagram, ma un sito tuo no. Quella pagina la fa Treatwell, non è tua.

La bozza del tuo sito è già pronta, con le tue foto e il tuo nome. Non devi scrivere niente e non devi mandarmi niente.

Te la mando qui, la guardi con calma, e se non ti piace me lo dici e finisce lì. Non ti costa un euro.

Se poi decidessi di metterlo online si parla di poche centinaia di euro una volta, più una quota annuale. Non di migliaia.

Te la mando?",Nail a Concorezzo. 425 follower.,2026-09-11-instagram-siti-brianza.csv,siti,,
@revolution.concorezzo,Revolution Parrucchiere,Concorezzo (MB),Parrucchieri,434,1,"cercato «parrucchieri concorezzo» nella ricerca di Instagram → profilo letto l'11/9: 407 post, 434 follower [verifica-sito] motori «""Revolution Parrucchiere"" Concorezzo»: 1 risultati · domini: nessuno risponde · directory: instagram.com",,,"Buongiorno, sono Patrick Sappa di DenkiCode, piccola software house a Seveso.

Ho guardato il profilo di Revolution Parrucchiere, a Concorezzo. Le foto del vostro lavoro ci sono già tutte, e su Google non esce un sito vostro: ci sono Instagram e le schede degli altri, il vostro no.

La bozza del vostro sito è già pronta, con le vostre foto e il vostro nome. Non dovete scrivere niente e non dovete mandarmi niente.

Ve la mando qui, la guardate con calma, e se non vi piace me lo dite e finisce lì. Non vi costa un euro.

Se poi decideste di metterlo online si parla di poche centinaia di euro una volta, più una quota annuale. Non di migliaia.

Ve la mando?",Parrucchieri a Concorezzo. 434 follower.,2026-09-11-instagram-siti-brianza.csv,siti,,
@sb.nails3112,SB Nails & Beauty Room,Brugherio (MB),Nail e estetica,8702,1,"cercato «nail brugherio» nella ricerca di Instagram → profilo letto l'11/9: 83 post, 8702 follower [verifica-sito] motori «""SB Nails & Beauty Room"" Brugherio»: 1 risultati · domini: nessuno risponde · directory: instagram.com",,,"Buongiorno, sono Patrick Sappa. Ho una piccola software house a Seveso, DenkiCode.

Ho guardato il tuo profilo, SB Nails & Beauty Room a Brugherio. Scusa il tu. Le foto del tuo lavoro ci sono già tutte, e su Google non esce un sito tuo: ci sono Instagram e le schede degli altri, il tuo no.

La bozza del tuo sito è già pronta, con le tue foto e il tuo nome. Non devi scrivere niente e non devi mandarmi niente.

Te la mando qui, la guardi con calma, e se non ti piace me lo dici e finisce lì. Non ti costa un euro.

Se poi decidessi di metterlo online si parla di poche centinaia di euro una volta, più una quota annuale. Non di migliaia.

Te la mando?",Nail e estetica a Brugherio. 8702 follower.,2026-09-11-instagram-siti-brianza.csv,siti,,
@lauravaredonailshair,Laura Varedo Nails Hair,Varedo (MB),Nail e parrucchieri,272,1,"cercato «nail varedo» nella ricerca di Instagram → profilo letto l'11/9: 143 post, 272 follower [verifica-sito] motori «""Laura Varedo Nails Hair"" Varedo»: 0 risultati · domini: nessuno risponde",,,"Buongiorno, sono Patrick Sappa, DenkiCode, una piccola software house a Seveso.

Ho guardato il tuo profilo, Laura Varedo Nails Hair a Varedo. Scusa il tu. Le foto del tuo lavoro ci sono già tutte, e su Google non esce un sito tuo: ci sono Instagram e le schede degli altri, il tuo no.

La bozza del tuo sito è già pronta, con le tue foto e il tuo nome. Non devi scrivere niente e non devi mandarmi niente.

Te la mando qui, la guardi con calma, e se non ti piace me lo dici e finisce lì. Non ti costa un euro.

Se poi decidessi di metterlo online si parla di poche centinaia di euro una volta, più una quota annuale. Non di migliaia.

Te la mando?",Nail e parrucchieri a Varedo. 272 follower.,2026-09-11-instagram-siti-brianza.csv,siti,,
@parrucchiere_leo_varedo,Parrucchiere Leo,Varedo (MB),Parrucchieri,831,5,"cercato «parrucchieri varedo» nella ricerca di Instagram → profilo letto l'11/9: 846 post, 831 follower [verifica-sito] motori «""Parrucchiere Leo"" Varedo»: 3 risultati · domini: parrucchiereleo.com (parcheggiato) · directory: treatwell.it, italiarecensioni.com",,,"Buongiorno, sono Patrick Sappa, DenkiCode, una piccola software house a Seveso.

Ho guardato il profilo di Parrucchiere Leo, a Varedo. Le foto del vostro lavoro ci sono già tutte, e vi trovo su Treatwell e su Instagram, ma un sito vostro no. Quella pagina è di Treatwell, non è vostra.

La bozza del vostro sito è già pronta, con le vostre foto e il vostro nome. Non dovete scrivere niente e non dovete mandarmi niente.

Ve la mando qui, la guardate con calma, e se non vi piace me lo dite e finisce lì. Non vi costa un euro.

Se poi decideste di metterlo online si parla di poche centinaia di euro una volta, più una quota annuale. Non di migliaia.

Ve la mando?",Parrucchieri a Varedo. 831 follower.,2026-09-11-instagram-siti-brianza.csv,siti,,
@esthermateus.nails,Esther Mateus Nail Designer,Usmate Velate (MB),Nail,234,1,"cercato «nail usmate velate» nella ricerca di Instagram → profilo letto l'11/9: 36 post, 234 follower [verifica-sito] motori «""Esther Mateus Nail Designer"" Usmate Velate»: 0 risultati · domini: nessuno risponde",,,"Buongiorno, sono Patrick Sappa, DenkiCode, una piccola software house a Seveso.

Ho guardato il tuo profilo, Esther Mateus Nail Designer a Usmate Velate. Scusa il tu. Le foto del tuo lavoro ci sono già tutte, e su Google non esce un sito tuo: ci sono Instagram e le schede degli altri, il tuo no.

La bozza del tuo sito è già pronta, con le tue foto e il tuo nome. Non devi scrivere niente e non devi mandarmi niente.

Te la mando qui, la guardi con calma, e se non ti piace me lo dici e finisce lì. Non ti costa un euro.

Se poi decidessi di metterlo online si parla di poche centinaia di euro una volta, più una quota annuale. Non di migliaia.

Te la mando?",Nail a Usmate Velate. 234 follower.,2026-09-11-instagram-siti-brianza.csv,siti,,
@carpenteria_bonatese,Carpenteria Bonatese,Bergamo (BG),Carpenteria,1596,R,"cercato «carpenteria bergamo» nella ricerca di Instagram → profilo aperto e letto il 12/9: carpenteria, 31 post, in bio «dietro ogni lavorazione c'è esperienza, cura e attenzione ai dettagli» · [verifica-azienda] azienda strutturata: commesse, materiale e ore di officina",,2026-09-12 autorisposta,"Buongiorno, sono Patrick Sappa, DenkiCode, una piccola software house a Seveso.

Non le vendo niente. Non le chiedo nemmeno un appuntamento. Stiamo facendo una ricerca sulle carpenterie qui in Lombardia: come tiene le commesse, il materiale e le ore di officina.

Ho visto come raccontate le lavorazioni, una per una. Chi lavora su commessa ha sempre lo stesso problema: sapere quanto è costata davvero.

Sono sei domande, due minuti, ed è anonimo:
https://docs.google.com/forms/d/e/1FAIpQLSe2cCfeAx8IVLRq-ocJe4MUpq43u_1D95IpBPjqOYX-90a9JA/viewform

Quando abbiamo finito il giro le mando quello che è venuto fuori dalle altre aziende della zona. Almeno sa come sono messi gli altri.","Carpenteria a Bergamo. 1596 follower. carpenteria, 31 post, in bio «dietro ogni lavorazione c'è esperienza, cura e attenzione ai dettagli»",2026-09-12-instagram-ricerca-lombardia.csv,ricerca,,
@societatrasportibergamo,Società Trasporti Bergamo,Lallio (BG),Trasporti,1584,R,"cercato «trasporti lallio» nella ricerca di Instagram → profilo aperto e letto il 12/9: Via della Madonna 4 Lallio, sollevamenti trasporti e logistica, sito societatrasportibergamo, 371 post · [verifica-azienda] azienda strutturata: viaggi, mezzi e documenti degli autisti",,,"Buongiorno, sono Patrick Sappa. Ho una piccola software house a Seveso, DenkiCode.

Non le vendo niente e non le chiedo un appuntamento. Stiamo facendo una ricerca sulle aziende di trasporti qui in Lombardia: come tiene i viaggi, i mezzi e i documenti che tornano indietro dagli autisti.

Sollevamenti, trasporti e logistica insieme vogliono dire mezzi diversi e documenti diversi per ogni viaggio.

Sono sei domande, due minuti, ed è anonimo:
https://docs.google.com/forms/d/e/1FAIpQLSe2cCfeAx8IVLRq-ocJe4MUpq43u_1D95IpBPjqOYX-90a9JA/viewform

Alla fine del giro le mando cosa è venuto fuori dalle altre. Due minuti veri, non di più.","Trasporti a Lallio. 1584 follower. Via della Madonna 4 Lallio, sollevamenti trasporti e logistica, sito societatrasportibergamo, 371 post",2026-09-12-instagram-ricerca-lombardia.csv,ricerca,,
@mvserramenti,MV Serramenti,Gorlago (BG),Serramenti e infissi,1339,R,"cercato «serramenti gorlago» nella ricerca di Instagram → profilo aperto e letto il 12/9: flagship store Intenorm a Gorlago (BG), infissi in PVC, 304 post · [verifica-azienda] azienda strutturata: preventivi, misure e ordini a fornitore",,,"Buongiorno, sono Patrick Sappa, DenkiCode, una piccola software house a Seveso.

Non le vendo niente e non le chiedo un appuntamento. Stiamo facendo una ricerca sulle aziende di serramenti qui in Lombardia: come tiene i preventivi, le misure dei cantieri e gli ordini ai fornitori.

Un flagship store con la posa vuol dire showroom, misure in casa del cliente e ordini al fornitore, tre cose che devono tornare.

Sono sei domande, due minuti, ed è anonimo:
https://docs.google.com/forms/d/e/1FAIpQLSe2cCfeAx8IVLRq-ocJe4MUpq43u_1D95IpBPjqOYX-90a9JA/viewform

Poi le mando il riepilogo delle altre aziende qui intorno. È tutto.","Serramenti e infissi a Gorlago. 1339 follower. flagship store Intenorm a Gorlago (BG), infissi in PVC, 304 post",2026-09-12-instagram-ricerca-lombardia.csv,ricerca,,
@abcgaragebg,ABC Garage,Treviolo (BG),Carrozzeria,1286,R,"cercato «carrozzeria treviolo» nella ricerca di Instagram → profilo aperto e letto il 12/9: Via Piave 41 Treviolo, carrozzeria e officina, 118 post · [verifica-azienda] azienda strutturata: pratiche dei sinistri, ricambi e tempi di consegna",,,"Buongiorno, sono Patrick Sappa. Ho una piccola software house a Seveso, DenkiCode.

Non le vendo niente. Non le chiedo nemmeno un appuntamento. Stiamo facendo una ricerca sulle carrozzerie qui in Lombardia: come tiene le pratiche dei sinistri, i ricambi ordinati e i tempi promessi al cliente.

Carrozzeria e officina sotto lo stesso tetto sono due agende che si incrociano sulla stessa macchina.

Sono sei domande, due minuti, ed è anonimo:
https://docs.google.com/forms/d/e/1FAIpQLSe2cCfeAx8IVLRq-ocJe4MUpq43u_1D95IpBPjqOYX-90a9JA/viewform

Quando abbiamo finito il giro le mando quello che è venuto fuori dalle altre aziende della zona. Almeno sa come sono messi gli altri.","Carrozzeria a Treviolo. 1286 follower. Via Piave 41 Treviolo, carrozzeria e officina, 118 post",2026-09-12-instagram-ricerca-lombardia.csv,ricerca,,
@edilporte_brescia,Edilporte,Quinzano d'Oglio (BS),Serramenti e infissi,5583,R,"cercato «serramenti quinzano d'oglio» nella ricerca di Instagram → profilo aperto e letto il 12/9: showroom a Quinzano d'Oglio, trent'anni dichiarati, porte e serramenti su misura, 715 post · [verifica-azienda] azienda strutturata: preventivi, misure e ordini a fornitore",,,"Buongiorno, sono Patrick Sappa, DenkiCode, una piccola software house a Seveso.

Non le vendo niente e non le chiedo un appuntamento. Stiamo facendo una ricerca sulle aziende di serramenti qui in Lombardia: come tiene i preventivi, le misure dei cantieri e gli ordini ai fornitori.

Trent'anni di porte e serramenti su misura, con lo showroom: i preventivi sono il vostro lavoro nascosto.

Sono sei domande, due minuti, ed è anonimo:
https://docs.google.com/forms/d/e/1FAIpQLSe2cCfeAx8IVLRq-ocJe4MUpq43u_1D95IpBPjqOYX-90a9JA/viewform

Alla fine del giro le mando cosa è venuto fuori dalle altre. Due minuti veri, non di più.","Serramenti e infissi a Quinzano d'Oglio. 5583 follower. showroom a Quinzano d'Oglio, trent'anni dichiarati, porte e serramenti su misura, 715 post",2026-09-12-instagram-ricerca-lombardia.csv,ricerca,,
@mara_carrozzeria_brescia,La Carrozziera di Brescia,Brescia (BS),Carrozzeria,1032,R,"cercato «carrozzeria brescia» nella ricerca di Instagram → profilo aperto e letto il 12/9: quarant'anni dichiarati, sito carrozzeriamara.it, più profili collegati, 450 post · [verifica-azienda] azienda strutturata: pratiche dei sinistri, ricambi e tempi di consegna",,,"Buongiorno, sono Patrick Sappa. Ho una piccola software house a Seveso, DenkiCode.

Non le vendo niente e non le chiedo un appuntamento. Stiamo facendo una ricerca sulle carrozzerie qui in Lombardia: come tiene le pratiche dei sinistri, i ricambi ordinati e i tempi promessi al cliente.

Quarant'anni di carrozzeria a Brescia, e i sinistri sono cambiati tre volte in quel periodo.

Sono sei domande, due minuti, ed è anonimo:
https://docs.google.com/forms/d/e/1FAIpQLSe2cCfeAx8IVLRq-ocJe4MUpq43u_1D95IpBPjqOYX-90a9JA/viewform

Poi le mando il riepilogo delle altre aziende qui intorno.","Carrozzeria a Brescia. 1032 follower. quarant'anni dichiarati, sito carrozzeriamara.it, più profili collegati, 450 post",2026-09-12-instagram-ricerca-lombardia.csv,ricerca,,
@carrozzeria_borgovico,Carrozzeria Borgovico,Como (CO),Carrozzeria,516,R,"cercato «carrozzeria como» nella ricerca di Instagram → profilo aperto e letto il 12/9: a Como dal 1976, riparazione e verniciatura, carrozzeria fiduciaria, 75 post · [verifica-azienda] azienda strutturata: pratiche dei sinistri, ricambi e tempi di consegna",,,"Buongiorno, sono Patrick Sappa, DenkiCode, una piccola software house a Seveso.

Non le vendo niente. Non le chiedo nemmeno un appuntamento. Stiamo facendo una ricerca sulle carrozzerie qui in Lombardia: come tiene le pratiche dei sinistri, i ricambi ordinati e i tempi promessi al cliente.

Essere carrozzeria fiduciaria vuol dire pratiche che passano dalle assicurazioni, e quelle hanno tempi loro.

Sono sei domande, due minuti, ed è anonimo:
https://docs.google.com/forms/d/e/1FAIpQLSe2cCfeAx8IVLRq-ocJe4MUpq43u_1D95IpBPjqOYX-90a9JA/viewform

Quando abbiamo finito il giro le mando quello che è venuto fuori dalle altre aziende della zona. Almeno sa come sono messi gli altri.","Carrozzeria a Como. 516 follower. a Como dal 1976, riparazione e verniciatura, carrozzeria fiduciaria, 75 post",2026-09-12-instagram-ricerca-lombardia.csv,ricerca,,
@falegnameria.sbanotto,Falegnameria Sbanotto,Milano (MI),Falegnameria,1196,R,"cercato «falegnameria milano» nella ricerca di Instagram → profilo aperto e letto il 12/9: falegnameria milanese fondata nel 1985, 320 post · [verifica-azienda] azienda strutturata: commesse su misura, legno a magazzino e ore per lavoro",,,"Buongiorno, sono Patrick Sappa. Ho una piccola software house a Seveso, DenkiCode.

Non le vendo niente e non le chiedo un appuntamento. Stiamo facendo una ricerca sulle falegnamerie qui in Lombardia: come segna le commesse, il legno a magazzino e le ore che ogni lavoro si porta via.

Quarant'anni di falegnameria a Milano, e ogni pezzo su misura è una commessa a sé.

Sono sei domande, due minuti, ed è anonimo:
https://docs.google.com/forms/d/e/1FAIpQLSe2cCfeAx8IVLRq-ocJe4MUpq43u_1D95IpBPjqOYX-90a9JA/viewform

Alla fine del giro le mando cosa è venuto fuori dalle altre. Due minuti veri, non di più.","Falegnameria a Milano. 1196 follower. falegnameria milanese fondata nel 1985, 320 post",2026-09-12-instagram-ricerca-lombardia.csv,ricerca,,
@labdesign_falegnameria__milano,Colombo & Garavaglia LabDesign,Milano (MI),Falegnameria,1307,R,"cercato «falegnameria milano» nella ricerca di Instagram → profilo aperto e letto il 12/9: interior design e falegnameria su misura, 1.034 post · [verifica-azienda] azienda strutturata: commesse su misura, legno a magazzino e ore per lavoro",,,"Buongiorno, sono Patrick Sappa, DenkiCode, una piccola software house a Seveso.

Non le vendo niente e non le chiedo un appuntamento. Stiamo facendo una ricerca sulle falegnamerie qui in Lombardia: come segna le commesse, il legno a magazzino e le ore che ogni lavoro si porta via.

Progetto e falegnameria insieme vogliono dire che il disegno e il laboratorio devono parlarsi tutti i giorni.

Sono sei domande, due minuti, ed è anonimo:
https://docs.google.com/forms/d/e/1FAIpQLSe2cCfeAx8IVLRq-ocJe4MUpq43u_1D95IpBPjqOYX-90a9JA/viewform

Poi le mando il riepilogo delle altre aziende qui intorno. Tutto qui.","Falegnameria a Milano. 1307 follower. interior design e falegnameria su misura, 1.034 post",2026-09-12-instagram-ricerca-lombardia.csv,ricerca,,
@carrozzeria_villetta_milano_,Carrozzeria Villetta,Milano (MI),Carrozzeria,880,R,"cercato «carrozzeria milano» nella ricerca di Instagram → profilo aperto e letto il 12/9: carrozzeria a Milano, contatti in bio, 214 post · [verifica-azienda] azienda strutturata: pratiche dei sinistri, ricambi e tempi di consegna",,,"Buongiorno, sono Patrick Sappa. Ho una piccola software house a Seveso, DenkiCode.

Non le vendo niente. Non le chiedo nemmeno un appuntamento. Stiamo facendo una ricerca sulle carrozzerie qui in Lombardia: come tiene le pratiche dei sinistri, i ricambi ordinati e i tempi promessi al cliente.

In città le auto entrano e escono in fretta, e il giro delle pratiche non va mai alla stessa velocità.

Sono sei domande, due minuti, ed è anonimo:
https://docs.google.com/forms/d/e/1FAIpQLSe2cCfeAx8IVLRq-ocJe4MUpq43u_1D95IpBPjqOYX-90a9JA/viewform

Quando abbiamo finito il giro le mando quello che è venuto fuori dalle altre aziende della zona. Almeno sa come sono messi gli altri.","Carrozzeria a Milano. 880 follower. carrozzeria a Milano, contatti in bio, 214 post",2026-09-12-instagram-ricerca-lombardia.csv,ricerca,,
@bg.impianti,BG Impianti,Milano (MI),Impianti elettrici,781,R,"cercato «impianti milano» nella ricerca di Instagram → profilo aperto e letto il 12/9: elettricisti a Milano, fotovoltaico, impianti elettrici e allarmi, 101 post · [verifica-azienda] azienda strutturata: cantieri, materiale e rapportini",,,"Buongiorno, sono Patrick Sappa, DenkiCode, una piccola software house a Seveso.

Non le vendo niente e non le chiedo un appuntamento. Stiamo facendo una ricerca sulle aziende di impianti qui in Lombardia: come tiene i cantieri, il materiale e i rapportini di chi sta fuori.

Fra fotovoltaico, impianti e allarmi avete squadre che girano su cantieri diversi nello stesso giorno.

Sono sei domande, due minuti, ed è anonimo:
https://docs.google.com/forms/d/e/1FAIpQLSe2cCfeAx8IVLRq-ocJe4MUpq43u_1D95IpBPjqOYX-90a9JA/viewform

Alla fine del giro le mando cosa è venuto fuori dalle altre. Due minuti veri, non di più.","Impianti elettrici a Milano. 781 follower. elettricisti a Milano, fotovoltaico, impianti elettrici e allarmi, 101 post",2026-09-12-instagram-ricerca-lombardia.csv,ricerca,,
@sgmanagementmilano,SG Management,Milano (MI),Logistica e magazzini,764,R,"cercato «logistica milano» nella ricerca di Instagram → profilo aperto e letto il 12/9: gestione magazzini in tutta Italia, ricevimento stoccaggio picking e packing, 65 post · [verifica-azienda] azienda strutturata: entrate, giacenze e picking",,,"Buongiorno, sono Patrick Sappa. Ho una piccola software house a Seveso, DenkiCode.

Non le vendo niente e non le chiedo un appuntamento. Stiamo facendo una ricerca sulle aziende di logistica qui in Lombardia: come tiene le entrate, le giacenze e il picking senza riscrivere due volte le stesse righe.

Gestite magazzini per altri, quindi i numeri che tenete non sono solo vostri: devono tornare anche al cliente.

Sono sei domande, due minuti, ed è anonimo:
https://docs.google.com/forms/d/e/1FAIpQLSe2cCfeAx8IVLRq-ocJe4MUpq43u_1D95IpBPjqOYX-90a9JA/viewform

Poi le mando il riepilogo delle altre aziende qui intorno.","Logistica e magazzini a Milano. 764 follower. gestione magazzini in tutta Italia, ricevimento stoccaggio picking e packing, 65 post",2026-09-12-instagram-ricerca-lombardia.csv,ricerca,,
@vigevanotrasportisrl,Vigevano Trasporti,Vigevano (PV),Trasporti,1270,R,"cercato «trasporti vigevano» nella ricerca di Instagram → profilo aperto e letto il 12/9: SRL di trasporti a Vigevano, sito vigevanotrasporti.it, 206 post · [verifica-azienda] azienda strutturata: viaggi, mezzi e documenti degli autisti",,,"Buongiorno, sono Patrick Sappa, DenkiCode, una piccola software house a Seveso.

Non le vendo niente. Non le chiedo nemmeno un appuntamento. Stiamo facendo una ricerca sulle aziende di trasporti qui in Lombardia: come tiene i viaggi, i mezzi e i documenti che tornano indietro dagli autisti.

Una flotta che gira tutti i giorni lascia dietro bolle e rapportini, e qualcuno li deve rimettere in ordine.

Sono sei domande, due minuti, ed è anonimo:
https://docs.google.com/forms/d/e/1FAIpQLSe2cCfeAx8IVLRq-ocJe4MUpq43u_1D95IpBPjqOYX-90a9JA/viewform

Quando abbiamo finito il giro le mando quello che è venuto fuori dalle altre aziende della zona. Almeno sa come sono messi gli altri.","Trasporti a Vigevano. 1270 follower. SRL di trasporti a Vigevano, sito vigevanotrasporti.it, 206 post",2026-09-12-instagram-ricerca-lombardia.csv,ricerca,,
@alka_impiantiallarme,Alka Impianti,Bergamo (BG),Impianti elettrici,478,R,"cercato «impianti bergamo» nella ricerca di Instagram → profilo aperto e letto il 12/9: impianti elettrici, fotovoltaico, allarmi, domotica e videosorveglianza a Bergamo, 81 post · [verifica-azienda] azienda strutturata: cantieri, materiale e rapportini",,,"Buongiorno, sono Patrick Sappa. Ho una piccola software house a Seveso, DenkiCode.

Non le vendo niente e non le chiedo un appuntamento. Stiamo facendo una ricerca sulle aziende di impianti qui in Lombardia: come tiene i cantieri, il materiale e i rapportini di chi sta fuori.

Allarmi e videosorveglianza portano anche le manutenzioni, che hanno scadenze da ricordare una per cliente.

Sono sei domande, due minuti, ed è anonimo:
https://docs.google.com/forms/d/e/1FAIpQLSe2cCfeAx8IVLRq-ocJe4MUpq43u_1D95IpBPjqOYX-90a9JA/viewform

Alla fine del giro le mando cosa è venuto fuori dalle altre. Due minuti veri, non di più.","Impianti elettrici a Bergamo. 478 follower. impianti elettrici, fotovoltaico, allarmi, domotica e videosorveglianza a Bergamo, 81 post",2026-09-12-instagram-ricerca-lombardia.csv,ricerca,,
@rimag_official,RIMAG Serramenti,Bergamo (BG),Serramenti e infissi,743,R,"cercato «serramenti bergamo» nella ricerca di Instagram → profilo aperto e letto il 12/9: serramenti a Bergamo e provincia, isolamento termico e acustico, 19 post · [verifica-azienda] azienda strutturata: preventivi, misure e ordini a fornitore",,,"Buongiorno, sono Patrick Sappa, DenkiCode, una piccola software house a Seveso.

Non le vendo niente e non le chiedo un appuntamento. Stiamo facendo una ricerca sulle aziende di serramenti qui in Lombardia: come tiene i preventivi, le misure dei cantieri e gli ordini ai fornitori.

Progettate il serramento su misura, e ogni misura sbagliata è un ordine da rifare.

Sono sei domande, due minuti, ed è anonimo:
https://docs.google.com/forms/d/e/1FAIpQLSe2cCfeAx8IVLRq-ocJe4MUpq43u_1D95IpBPjqOYX-90a9JA/viewform

Poi le mando il riepilogo delle altre aziende qui intorno. È tutto.","Serramenti e infissi a Bergamo. 743 follower. serramenti a Bergamo e provincia, isolamento termico e acustico, 19 post",2026-09-12-instagram-ricerca-lombardia.csv,ricerca,,
@lodifai_windows_e_doors,Lodifai Serramenti,Lodi (LO),Serramenti e infissi,1998,R,"cercato «serramenti lodi» nella ricerca di Instagram → profilo aperto e letto il 12/9: serramenti a progetto dal 1983, installazione finestre, 92 post · [verifica-azienda] azienda strutturata: preventivi, misure e ordini a fornitore",,,"Buongiorno, sono Patrick Sappa. Ho una piccola software house a Seveso, DenkiCode.

Non le vendo niente. Non le chiedo nemmeno un appuntamento. Stiamo facendo una ricerca sulle aziende di serramenti qui in Lombardia: come tiene i preventivi, le misure dei cantieri e gli ordini ai fornitori.

Dal 1983 a montare finestre: gli appuntamenti di posa sono la parte che si incastra peggio.

Sono sei domande, due minuti, ed è anonimo:
https://docs.google.com/forms/d/e/1FAIpQLSe2cCfeAx8IVLRq-ocJe4MUpq43u_1D95IpBPjqOYX-90a9JA/viewform

Quando abbiamo finito il giro le mando quello che è venuto fuori dalle altre aziende della zona. Almeno sa come sono messi gli altri.","Serramenti e infissi a Lodi. 1998 follower. serramenti a progetto dal 1983, installazione finestre, 92 post",2026-09-12-instagram-ricerca-lombardia.csv,ricerca,,
@galli.franco.edilizia,Galli Franco,Lecco (LC),Edilizia e materiali,491,R,"cercato «edilizia lecco» nella ricerca di Instagram → profilo aperto e letto il 12/9: materiali per l'edilizia a Lecco dal 1926, rivenditore, 135 post · [verifica-azienda] azienda strutturata: cantieri, fornitori e doppio lavoro fra cantiere e ufficio",,,"Buongiorno, sono Patrick Sappa, DenkiCode, una piccola software house a Seveso.

Non le vendo niente e non le chiedo un appuntamento. Stiamo facendo una ricerca sulle imprese edili qui in Lombardia: come tiene le ore dei cantieri, i fornitori e quello che in ufficio si riscrive da capo la sera.

Un punto vendita di materiali edili vive di giacenze, e le giacenze o sono giuste o costano.

Sono sei domande, due minuti, ed è anonimo:
https://docs.google.com/forms/d/e/1FAIpQLSe2cCfeAx8IVLRq-ocJe4MUpq43u_1D95IpBPjqOYX-90a9JA/viewform

Alla fine del giro le mando cosa è venuto fuori dalle altre. Due minuti veri, non di più.","Edilizia e materiali a Lecco. 491 follower. materiali per l'edilizia a Lecco dal 1926, rivenditore, 135 post",2026-09-12-instagram-ricerca-lombardia.csv,ricerca,,
@bicego_edilizia,F.lli Bicego,Legnano (MI),Edilizia e materiali,640,R,"cercato «edilizia legnano» nella ricerca di Instagram → profilo aperto e letto il 12/9: punto edile a Legnano, materiale edilizio, 37 post · [verifica-azienda] azienda strutturata: cantieri, fornitori e doppio lavoro fra cantiere e ufficio",,,"Buongiorno, sono Patrick Sappa. Ho una piccola software house a Seveso, DenkiCode.

Non le vendo niente e non le chiedo un appuntamento. Stiamo facendo una ricerca sulle imprese edili qui in Lombardia: come tiene le ore dei cantieri, i fornitori e quello che in ufficio si riscrive da capo la sera.

Il punto edile serve chi è già in cantiere, quindi quello che manca a magazzino ferma qualcun altro.

Sono sei domande, due minuti, ed è anonimo:
https://docs.google.com/forms/d/e/1FAIpQLSe2cCfeAx8IVLRq-ocJe4MUpq43u_1D95IpBPjqOYX-90a9JA/viewform

Poi le mando il riepilogo delle altre aziende qui intorno.","Edilizia e materiali a Legnano. 640 follower. punto edile a Legnano, materiale edilizio, 37 post",2026-09-12-instagram-ricerca-lombardia.csv,ricerca,,
@rs_serramenti_group,RS Serramenti,Rovato (BS),Serramenti e infissi,498,R,"cercato «serramenti rovato» nella ricerca di Instagram → profilo aperto e letto il 12/9: serramenti su misura a Brescia, produzione interna in alluminio, showroom a Rovato, 72 post · [verifica-azienda] azienda strutturata: preventivi, misure e ordini a fornitore",,,"Buongiorno, sono Patrick Sappa, DenkiCode, una piccola software house a Seveso.

Non le vendo niente. Non le chiedo nemmeno un appuntamento. Stiamo facendo una ricerca sulle aziende di serramenti qui in Lombardia: come tiene i preventivi, le misure dei cantieri e gli ordini ai fornitori.

Con la produzione interna il magazzino dei profili e le commesse devono stare in fila da soli.

Sono sei domande, due minuti, ed è anonimo:
https://docs.google.com/forms/d/e/1FAIpQLSe2cCfeAx8IVLRq-ocJe4MUpq43u_1D95IpBPjqOYX-90a9JA/viewform

Quando abbiamo finito il giro le mando quello che è venuto fuori dalle altre aziende della zona. Almeno sa come sono messi gli altri.","Serramenti e infissi a Rovato. 498 follower. serramenti su misura a Brescia, produzione interna in alluminio, showroom a Rovato, 72 post",2026-09-12-instagram-ricerca-lombardia.csv,ricerca,,
@autofficinamantovansnc,Autofficina Mantovan,Mantova (MN),Autofficina,543,R,"cercato «autofficina mantova» nella ricerca di Instagram → profilo aperto e letto il 12/9: officina, elettrauto, gommista e ricariche, 77 post · [verifica-azienda] azienda strutturata: agenda di officina, ricambi e storico dei veicoli",,,"Buongiorno, sono Patrick Sappa. Ho una piccola software house a Seveso, DenkiCode.

Non le vendo niente e non le chiedo un appuntamento. Stiamo facendo una ricerca sulle officine qui in Lombardia: che programmi usa per l'agenda dell'officina, i ricambi e lo storico di ogni macchina.

Officina, elettrauto e gommista insieme vogliono dire tre tipi di lavoro sulla stessa agenda.

Sono sei domande, due minuti, ed è anonimo:
https://docs.google.com/forms/d/e/1FAIpQLSe2cCfeAx8IVLRq-ocJe4MUpq43u_1D95IpBPjqOYX-90a9JA/viewform

Alla fine del giro le mando cosa è venuto fuori dalle altre. Due minuti veri, non di più.","Autofficina a Mantova. 543 follower. officina, elettrauto, gommista e ricariche, 77 post",2026-09-12-instagram-ricerca-lombardia.csv,ricerca,,
@carrozzeriamilano,Carrozzeria Milano,Milano (MI),Carrozzeria,1653,R,"cercato «carrozzeria milano» nella ricerca di Instagram → profilo letto il 12/9 dal titolo e dai contatori: 1653 follower. ⚠ la bio non e' stata aperta, il mestiere e la zona vengono dal nome del profilo · [verifica-azienda] azienda strutturata: pratiche dei sinistri, ricambi e tempi di consegna",,,"Buongiorno, sono Patrick Sappa, DenkiCode, una piccola software house a Seveso.

Non le vendo niente e non le chiedo un appuntamento. Stiamo facendo una ricerca sulle carrozzerie qui in Lombardia: come tiene le pratiche dei sinistri, i ricambi ordinati e i tempi promessi al cliente.

Sono sei domande, due minuti, ed è anonimo:
https://docs.google.com/forms/d/e/1FAIpQLSe2cCfeAx8IVLRq-ocJe4MUpq43u_1D95IpBPjqOYX-90a9JA/viewform

Poi le mando il riepilogo delle altre aziende qui intorno. Tutto qui.",Carrozzeria a Milano. 1653 follower. Bio non letta: il dettaglio si guarda prima di scrivere.,2026-09-12-instagram-ricerca-lombardia.csv,ricerca,,
@entesistemaediliziabrescia,ESEB,Brescia (BS),Edilizia e materiali,1443,R,"cercato «edilizia brescia» nella ricerca di Instagram → profilo letto il 12/9 dal titolo e dai contatori: 1443 follower. ⚠ la bio non e' stata aperta, il mestiere e la zona vengono dal nome del profilo · [verifica-azienda] azienda strutturata: cantieri, fornitori e doppio lavoro fra cantiere e ufficio",,,"Buongiorno, sono Patrick Sappa. Ho una piccola software house a Seveso, DenkiCode.

Non le vendo niente. Non le chiedo nemmeno un appuntamento. Stiamo facendo una ricerca sulle imprese edili qui in Lombardia: come tiene le ore dei cantieri, i fornitori e quello che in ufficio si riscrive da capo la sera.

Sono sei domande, due minuti, ed è anonimo:
https://docs.google.com/forms/d/e/1FAIpQLSe2cCfeAx8IVLRq-ocJe4MUpq43u_1D95IpBPjqOYX-90a9JA/viewform

Quando abbiamo finito il giro le mando quello che è venuto fuori dalle altre aziende della zona. Almeno sa come sono messi gli altri.",Edilizia e materiali a Brescia. 1443 follower. Bio non letta: il dettaglio si guarda prima di scrivere.,2026-09-12-instagram-ricerca-lombardia.csv,ricerca,,
@cameletticlaudioedilizia,Cameletti Claudio,Brescia (BS),Edilizia e materiali,1158,R,"cercato «edilizia brescia» nella ricerca di Instagram → profilo letto il 12/9 dal titolo e dai contatori: 1158 follower. ⚠ la bio non e' stata aperta, il mestiere e la zona vengono dal nome del profilo · [verifica-azienda] azienda strutturata: cantieri, fornitori e doppio lavoro fra cantiere e ufficio",,,"Buongiorno, sono Patrick Sappa, DenkiCode, una piccola software house a Seveso.

Non le vendo niente e non le chiedo un appuntamento. Stiamo facendo una ricerca sulle imprese edili qui in Lombardia: come tiene le ore dei cantieri, i fornitori e quello che in ufficio si riscrive da capo la sera.

Sono sei domande, due minuti, ed è anonimo:
https://docs.google.com/forms/d/e/1FAIpQLSe2cCfeAx8IVLRq-ocJe4MUpq43u_1D95IpBPjqOYX-90a9JA/viewform

Alla fine del giro le mando cosa è venuto fuori dalle altre. Due minuti veri, non di più.",Edilizia e materiali a Brescia. 1158 follower. Bio non letta: il dettaglio si guarda prima di scrivere.,2026-09-12-instagram-ricerca-lombardia.csv,ricerca,,
@artech_edilizia_completa,Artech Edilizia,Como (CO),Edilizia e materiali,1105,R,"cercato «edilizia como» nella ricerca di Instagram → profilo letto il 12/9 dal titolo e dai contatori: 1105 follower. ⚠ la bio non e' stata aperta, il mestiere e la zona vengono dal nome del profilo · [verifica-azienda] azienda strutturata: cantieri, fornitori e doppio lavoro fra cantiere e ufficio",,,"Buongiorno, sono Patrick Sappa. Ho una piccola software house a Seveso, DenkiCode.

Non le vendo niente e non le chiedo un appuntamento. Stiamo facendo una ricerca sulle imprese edili qui in Lombardia: come tiene le ore dei cantieri, i fornitori e quello che in ufficio si riscrive da capo la sera.

Sono sei domande, due minuti, ed è anonimo:
https://docs.google.com/forms/d/e/1FAIpQLSe2cCfeAx8IVLRq-ocJe4MUpq43u_1D95IpBPjqOYX-90a9JA/viewform

Poi le mando il riepilogo delle altre aziende qui intorno.",Edilizia e materiali a Como. 1105 follower. Bio non letta: il dettaglio si guarda prima di scrivere.,2026-09-12-instagram-ricerca-lombardia.csv,ricerca,,
@bigmat_simed,BigMat Simed,Pavia (PV),Edilizia e materiali,886,R,"cercato «edilizia pavia» nella ricerca di Instagram → profilo letto il 12/9 dal titolo e dai contatori: 886 follower. ⚠ la bio non e' stata aperta, il mestiere e la zona vengono dal nome del profilo · [verifica-azienda] azienda strutturata: cantieri, fornitori e doppio lavoro fra cantiere e ufficio",,,"Buongiorno, sono Patrick Sappa, DenkiCode, una piccola software house a Seveso.

Non le vendo niente. Non le chiedo nemmeno un appuntamento. Stiamo facendo una ricerca sulle imprese edili qui in Lombardia: come tiene le ore dei cantieri, i fornitori e quello che in ufficio si riscrive da capo la sera.

Sono sei domande, due minuti, ed è anonimo:
https://docs.google.com/forms/d/e/1FAIpQLSe2cCfeAx8IVLRq-ocJe4MUpq43u_1D95IpBPjqOYX-90a9JA/viewform

Quando abbiamo finito il giro le mando quello che è venuto fuori dalle altre aziende della zona. Almeno sa come sono messi gli altri.",Edilizia e materiali a Pavia. 886 follower. Bio non letta: il dettaglio si guarda prima di scrivere.,2026-09-12-instagram-ricerca-lombardia.csv,ricerca,,
@falegnameriamaffeisvertova,Falegnameria Maffeis,Vertova (BG),Falegnameria,812,R,"cercato «falegnameria vertova» nella ricerca di Instagram → profilo letto il 12/9 dal titolo e dai contatori: 812 follower. ⚠ la bio non e' stata aperta, il mestiere e la zona vengono dal nome del profilo · [verifica-azienda] azienda strutturata: commesse su misura, legno a magazzino e ore per lavoro",,,"Buongiorno, sono Patrick Sappa. Ho una piccola software house a Seveso, DenkiCode.

Non le vendo niente e non le chiedo un appuntamento. Stiamo facendo una ricerca sulle falegnamerie qui in Lombardia: come segna le commesse, il legno a magazzino e le ore che ogni lavoro si porta via.

Sono sei domande, due minuti, ed è anonimo:
https://docs.google.com/forms/d/e/1FAIpQLSe2cCfeAx8IVLRq-ocJe4MUpq43u_1D95IpBPjqOYX-90a9JA/viewform

Alla fine del giro le mando cosa è venuto fuori dalle altre. Due minuti veri, non di più.",Falegnameria a Vertova. 812 follower. Bio non letta: il dettaglio si guarda prima di scrivere.,2026-09-12-instagram-ricerca-lombardia.csv,ricerca,,
@carrozzeria_lo.di,Carrozzeria LO.DI,Lodi (LO),Carrozzeria,786,R,"cercato «carrozzeria lodi» nella ricerca di Instagram → profilo letto il 12/9 dal titolo e dai contatori: 786 follower. ⚠ la bio non e' stata aperta, il mestiere e la zona vengono dal nome del profilo · [verifica-azienda] azienda strutturata: pratiche dei sinistri, ricambi e tempi di consegna",,,"Buongiorno, sono Patrick Sappa, DenkiCode, una piccola software house a Seveso.

Non le vendo niente e non le chiedo un appuntamento. Stiamo facendo una ricerca sulle carrozzerie qui in Lombardia: come tiene le pratiche dei sinistri, i ricambi ordinati e i tempi promessi al cliente.

Sono sei domande, due minuti, ed è anonimo:
https://docs.google.com/forms/d/e/1FAIpQLSe2cCfeAx8IVLRq-ocJe4MUpq43u_1D95IpBPjqOYX-90a9JA/viewform

Poi le mando il riepilogo delle altre aziende qui intorno. È tutto.",Carrozzeria a Lodi. 786 follower. Bio non letta: il dettaglio si guarda prima di scrivere.,2026-09-12-instagram-ricerca-lombardia.csv,ricerca,,
@milanorestauriecosostenibile,Milano Restauri,Milano (MI),Edilizia e materiali,769,R,"cercato «edilizia milano» nella ricerca di Instagram → profilo letto il 12/9 dal titolo e dai contatori: 769 follower. ⚠ la bio non e' stata aperta, il mestiere e la zona vengono dal nome del profilo · [verifica-azienda] azienda strutturata: cantieri, fornitori e doppio lavoro fra cantiere e ufficio",,,"Buongiorno, sono Patrick Sappa. Ho una piccola software house a Seveso, DenkiCode.

Non le vendo niente. Non le chiedo nemmeno un appuntamento. Stiamo facendo una ricerca sulle imprese edili qui in Lombardia: come tiene le ore dei cantieri, i fornitori e quello che in ufficio si riscrive da capo la sera.

Sono sei domande, due minuti, ed è anonimo:
https://docs.google.com/forms/d/e/1FAIpQLSe2cCfeAx8IVLRq-ocJe4MUpq43u_1D95IpBPjqOYX-90a9JA/viewform

Quando abbiamo finito il giro le mando quello che è venuto fuori dalle altre aziende della zona. Almeno sa come sono messi gli altri.",Edilizia e materiali a Milano. 769 follower. Bio non letta: il dettaglio si guarda prima di scrivere.,2026-09-12-instagram-ricerca-lombardia.csv,ricerca,,
@amare_edilizia_como,Amare Edilizia,Como (CO),Edilizia e materiali,658,R,"cercato «edilizia como» nella ricerca di Instagram → profilo letto il 12/9 dal titolo e dai contatori: 658 follower. ⚠ la bio non e' stata aperta, il mestiere e la zona vengono dal nome del profilo · [verifica-azienda] azienda strutturata: cantieri, fornitori e doppio lavoro fra cantiere e ufficio",,,"Buongiorno, sono Patrick Sappa, DenkiCode, una piccola software house a Seveso.

Non le vendo niente e non le chiedo un appuntamento. Stiamo facendo una ricerca sulle imprese edili qui in Lombardia: come tiene le ore dei cantieri, i fornitori e quello che in ufficio si riscrive da capo la sera.

Sono sei domande, due minuti, ed è anonimo:
https://docs.google.com/forms/d/e/1FAIpQLSe2cCfeAx8IVLRq-ocJe4MUpq43u_1D95IpBPjqOYX-90a9JA/viewform

Alla fine del giro le mando cosa è venuto fuori dalle altre. Due minuti veri, non di più.",Edilizia e materiali a Como. 658 follower. Bio non letta: il dettaglio si guarda prima di scrivere.,2026-09-12-instagram-ricerca-lombardia.csv,ricerca,,
@carrozzeriabianchi.lodi,Carrozzeria Bianchi,Lodi (LO),Carrozzeria,602,R,"cercato «carrozzeria lodi» nella ricerca di Instagram → profilo letto il 12/9 dal titolo e dai contatori: 602 follower. ⚠ la bio non e' stata aperta, il mestiere e la zona vengono dal nome del profilo · [verifica-azienda] azienda strutturata: pratiche dei sinistri, ricambi e tempi di consegna",,,"Buongiorno, sono Patrick Sappa. Ho una piccola software house a Seveso, DenkiCode.

Non le vendo niente e non le chiedo un appuntamento. Stiamo facendo una ricerca sulle carrozzerie qui in Lombardia: come tiene le pratiche dei sinistri, i ricambi ordinati e i tempi promessi al cliente.

Sono sei domande, due minuti, ed è anonimo:
https://docs.google.com/forms/d/e/1FAIpQLSe2cCfeAx8IVLRq-ocJe4MUpq43u_1D95IpBPjqOYX-90a9JA/viewform

Poi le mando il riepilogo delle altre aziende qui intorno.",Carrozzeria a Lodi. 602 follower. Bio non letta: il dettaglio si guarda prima di scrivere.,2026-09-12-instagram-ricerca-lombardia.csv,ricerca,,
@trasportisemplicipavia,Trasporti Semplici,Pavia (PV),Trasporti,598,R,"cercato «trasporti pavia» nella ricerca di Instagram → profilo letto il 12/9 dal titolo e dai contatori: 598 follower. ⚠ la bio non e' stata aperta, il mestiere e la zona vengono dal nome del profilo · [verifica-azienda] azienda strutturata: viaggi, mezzi e documenti degli autisti",,,"Buongiorno, sono Patrick Sappa, DenkiCode, una piccola software house a Seveso.

Non le vendo niente. Non le chiedo nemmeno un appuntamento. Stiamo facendo una ricerca sulle aziende di trasporti qui in Lombardia: come tiene i viaggi, i mezzi e i documenti che tornano indietro dagli autisti.

Sono sei domande, due minuti, ed è anonimo:
https://docs.google.com/forms/d/e/1FAIpQLSe2cCfeAx8IVLRq-ocJe4MUpq43u_1D95IpBPjqOYX-90a9JA/viewform

Quando abbiamo finito il giro le mando quello che è venuto fuori dalle altre aziende della zona. Almeno sa come sono messi gli altri.",Trasporti a Pavia. 598 follower. Bio non letta: il dettaglio si guarda prima di scrivere.,2026-09-12-instagram-ricerca-lombardia.csv,ricerca,,
@milanoserramenti,Milano Serramenti,Milano (MI),Serramenti e infissi,580,R,"cercato «serramenti milano» nella ricerca di Instagram → profilo letto il 12/9 dal titolo e dai contatori: 580 follower. ⚠ la bio non e' stata aperta, il mestiere e la zona vengono dal nome del profilo · [verifica-azienda] azienda strutturata: preventivi, misure e ordini a fornitore",,,"Buongiorno, sono Patrick Sappa. Ho una piccola software house a Seveso, DenkiCode.

Non le vendo niente e non le chiedo un appuntamento. Stiamo facendo una ricerca sulle aziende di serramenti qui in Lombardia: come tiene i preventivi, le misure dei cantieri e gli ordini ai fornitori.

Sono sei domande, due minuti, ed è anonimo:
https://docs.google.com/forms/d/e/1FAIpQLSe2cCfeAx8IVLRq-ocJe4MUpq43u_1D95IpBPjqOYX-90a9JA/viewform

Alla fine del giro le mando cosa è venuto fuori dalle altre. Due minuti veri, non di più.",Serramenti e infissi a Milano. 580 follower. Bio non letta: il dettaglio si guarda prima di scrivere.,2026-09-12-instagram-ricerca-lombardia.csv,ricerca,,
@rosser.serramenti.cremona,Rosser Serramenti,Cremona (CR),Serramenti e infissi,477,R,"cercato «serramenti cremona» nella ricerca di Instagram → profilo letto il 12/9 dal titolo e dai contatori: 477 follower. ⚠ la bio non e' stata aperta, il mestiere e la zona vengono dal nome del profilo · [verifica-azienda] azienda strutturata: preventivi, misure e ordini a fornitore",,,"Buongiorno, sono Patrick Sappa, DenkiCode, una piccola software house a Seveso.

Non le vendo niente e non le chiedo un appuntamento. Stiamo facendo una ricerca sulle aziende di serramenti qui in Lombardia: come tiene i preventivi, le misure dei cantieri e gli ordini ai fornitori.

Sono sei domande, due minuti, ed è anonimo:
https://docs.google.com/forms/d/e/1FAIpQLSe2cCfeAx8IVLRq-ocJe4MUpq43u_1D95IpBPjqOYX-90a9JA/viewform

Poi le mando il riepilogo delle altre aziende qui intorno. Tutto qui.",Serramenti e infissi a Cremona. 477 follower. Bio non letta: il dettaglio si guarda prima di scrivere.,2026-09-12-instagram-ricerca-lombardia.csv,ricerca,,
@carrozzeriasportmilano,Carrozzeria Sport,Milano (MI),Carrozzeria,420,R,"cercato «carrozzeria milano» nella ricerca di Instagram → profilo letto il 12/9 dal titolo e dai contatori: 420 follower. ⚠ la bio non e' stata aperta, il mestiere e la zona vengono dal nome del profilo · [verifica-azienda] azienda strutturata: pratiche dei sinistri, ricambi e tempi di consegna",,,"Buongiorno, sono Patrick Sappa. Ho una piccola software house a Seveso, DenkiCode.

Non le vendo niente. Non le chiedo nemmeno un appuntamento. Stiamo facendo una ricerca sulle carrozzerie qui in Lombardia: come tiene le pratiche dei sinistri, i ricambi ordinati e i tempi promessi al cliente.

Sono sei domande, due minuti, ed è anonimo:
https://docs.google.com/forms/d/e/1FAIpQLSe2cCfeAx8IVLRq-ocJe4MUpq43u_1D95IpBPjqOYX-90a9JA/viewform

Quando abbiamo finito il giro le mando quello che è venuto fuori dalle altre aziende della zona. Almeno sa come sono messi gli altri.",Carrozzeria a Milano. 420 follower. Bio non letta: il dettaglio si guarda prima di scrivere.,2026-09-12-instagram-ricerca-lombardia.csv,ricerca,,
@mantoanellicar,Carrozzeria Mantoanelli,Inzago (MI),Carrozzeria,386,R,"cercato «carrozzeria inzago» nella ricerca di Instagram → profilo letto il 12/9 dal titolo e dai contatori: 386 follower. ⚠ la bio non e' stata aperta, il mestiere e la zona vengono dal nome del profilo · [verifica-azienda] azienda strutturata: pratiche dei sinistri, ricambi e tempi di consegna",,,"Buongiorno, sono Patrick Sappa, DenkiCode, una piccola software house a Seveso.

Non le vendo niente e non le chiedo un appuntamento. Stiamo facendo una ricerca sulle carrozzerie qui in Lombardia: come tiene le pratiche dei sinistri, i ricambi ordinati e i tempi promessi al cliente.

Sono sei domande, due minuti, ed è anonimo:
https://docs.google.com/forms/d/e/1FAIpQLSe2cCfeAx8IVLRq-ocJe4MUpq43u_1D95IpBPjqOYX-90a9JA/viewform

Alla fine del giro le mando cosa è venuto fuori dalle altre. Due minuti veri, non di più.",Carrozzeria a Inzago. 386 follower. Bio non letta: il dettaglio si guarda prima di scrivere.,2026-09-12-instagram-ricerca-lombardia.csv,ricerca,,
@trasporti_bresciani,Trasporti Bresciani,Brescia (BS),Trasporti,384,R,"cercato «trasporti brescia» nella ricerca di Instagram → profilo letto il 12/9 dal titolo e dai contatori: 384 follower. ⚠ la bio non e' stata aperta, il mestiere e la zona vengono dal nome del profilo · [verifica-azienda] azienda strutturata: viaggi, mezzi e documenti degli autisti",,,"Buongiorno, sono Patrick Sappa. Ho una piccola software house a Seveso, DenkiCode.

Non le vendo niente e non le chiedo un appuntamento. Stiamo facendo una ricerca sulle aziende di trasporti qui in Lombardia: come tiene i viaggi, i mezzi e i documenti che tornano indietro dagli autisti.

Sono sei domande, due minuti, ed è anonimo:
https://docs.google.com/forms/d/e/1FAIpQLSe2cCfeAx8IVLRq-ocJe4MUpq43u_1D95IpBPjqOYX-90a9JA/viewform

Poi le mando il riepilogo delle altre aziende qui intorno.",Trasporti a Brescia. 384 follower. Bio non letta: il dettaglio si guarda prima di scrivere.,2026-09-12-instagram-ricerca-lombardia.csv,ricerca,,
@energy_system_suisio,Energy System,Suisio (BG),Impianti elettrici,383,R,"cercato «impianti suisio» nella ricerca di Instagram → profilo letto il 12/9 dal titolo e dai contatori: 383 follower. ⚠ la bio non e' stata aperta, il mestiere e la zona vengono dal nome del profilo · [verifica-azienda] azienda strutturata: cantieri, materiale e rapportini",,,"Buongiorno, sono Patrick Sappa, DenkiCode, una piccola software house a Seveso.

Non le vendo niente. Non le chiedo nemmeno un appuntamento. Stiamo facendo una ricerca sulle aziende di impianti qui in Lombardia: come tiene i cantieri, il materiale e i rapportini di chi sta fuori.

Sono sei domande, due minuti, ed è anonimo:
https://docs.google.com/forms/d/e/1FAIpQLSe2cCfeAx8IVLRq-ocJe4MUpq43u_1D95IpBPjqOYX-90a9JA/viewform

Quando abbiamo finito il giro le mando quello che è venuto fuori dalle altre aziende della zona. Almeno sa come sono messi gli altri.",Impianti elettrici a Suisio. 383 follower. Bio non letta: il dettaglio si guarda prima di scrivere.,2026-09-12-instagram-ricerca-lombardia.csv,ricerca,,
@bontempiimpianti,Bontempi Impianti,Brescia (BS),Impianti elettrici,352,R,"cercato «impianti brescia» nella ricerca di Instagram → profilo letto il 12/9 dal titolo e dai contatori: 352 follower. ⚠ la bio non e' stata aperta, il mestiere e la zona vengono dal nome del profilo · [verifica-azienda] azienda strutturata: cantieri, materiale e rapportini",,,"Buongiorno, sono Patrick Sappa. Ho una piccola software house a Seveso, DenkiCode.

Non le vendo niente e non le chiedo un appuntamento. Stiamo facendo una ricerca sulle aziende di impianti qui in Lombardia: come tiene i cantieri, il materiale e i rapportini di chi sta fuori.

Sono sei domande, due minuti, ed è anonimo:
https://docs.google.com/forms/d/e/1FAIpQLSe2cCfeAx8IVLRq-ocJe4MUpq43u_1D95IpBPjqOYX-90a9JA/viewform

Alla fine del giro le mando cosa è venuto fuori dalle altre. Due minuti veri, non di più.",Impianti elettrici a Brescia. 352 follower. Bio non letta: il dettaglio si guarda prima di scrivere.,2026-09-12-instagram-ricerca-lombardia.csv,ricerca,,
@bellini_wood,Bellini Wood,Mantova (MN),Falegnameria,303,R,"cercato «falegnameria mantova» nella ricerca di Instagram → profilo letto il 12/9 dal titolo e dai contatori: 303 follower. ⚠ la bio non e' stata aperta, il mestiere e la zona vengono dal nome del profilo · [verifica-azienda] azienda strutturata: commesse su misura, legno a magazzino e ore per lavoro",,,"Buongiorno, sono Patrick Sappa, DenkiCode, una piccola software house a Seveso.

Non le vendo niente e non le chiedo un appuntamento. Stiamo facendo una ricerca sulle falegnamerie qui in Lombardia: come segna le commesse, il legno a magazzino e le ore che ogni lavoro si porta via.

Sono sei domande, due minuti, ed è anonimo:
https://docs.google.com/forms/d/e/1FAIpQLSe2cCfeAx8IVLRq-ocJe4MUpq43u_1D95IpBPjqOYX-90a9JA/viewform

Poi le mando il riepilogo delle altre aziende qui intorno. È tutto.",Falegnameria a Mantova. 303 follower. Bio non letta: il dettaglio si guarda prima di scrivere.,2026-09-12-instagram-ricerca-lombardia.csv,ricerca,,
@tecnal_serramenti_pavia,Tecnal Serramenti,Pavia (PV),Serramenti e infissi,287,R,"cercato «serramenti pavia» nella ricerca di Instagram → profilo letto il 12/9 dal titolo e dai contatori: 287 follower. ⚠ la bio non e' stata aperta, il mestiere e la zona vengono dal nome del profilo · [verifica-azienda] azienda strutturata: preventivi, misure e ordini a fornitore",,,"Buongiorno, sono Patrick Sappa. Ho una piccola software house a Seveso, DenkiCode.

Non le vendo niente. Non le chiedo nemmeno un appuntamento. Stiamo facendo una ricerca sulle aziende di serramenti qui in Lombardia: come tiene i preventivi, le misure dei cantieri e gli ordini ai fornitori.

Sono sei domande, due minuti, ed è anonimo:
https://docs.google.com/forms/d/e/1FAIpQLSe2cCfeAx8IVLRq-ocJe4MUpq43u_1D95IpBPjqOYX-90a9JA/viewform

Quando abbiamo finito il giro le mando quello che è venuto fuori dalle altre aziende della zona. Almeno sa come sono messi gli altri.",Serramenti e infissi a Pavia. 287 follower. Bio non letta: il dettaglio si guarda prima di scrivere.,2026-09-12-instagram-ricerca-lombardia.csv,ricerca,,
@autofficina_previtali_bergamo,Autofficina Previtali,Bergamo (BG),Autofficina,275,R,"cercato «autofficina bergamo» nella ricerca di Instagram → profilo letto il 12/9 dal titolo e dai contatori: 275 follower. ⚠ la bio non e' stata aperta, il mestiere e la zona vengono dal nome del profilo · [verifica-azienda] azienda strutturata: agenda di officina, ricambi e storico dei veicoli",,,"Buongiorno, sono Patrick Sappa, DenkiCode, una piccola software house a Seveso.

Non le vendo niente e non le chiedo un appuntamento. Stiamo facendo una ricerca sulle officine qui in Lombardia: che programmi usa per l'agenda dell'officina, i ricambi e lo storico di ogni macchina.

Sono sei domande, due minuti, ed è anonimo:
https://docs.google.com/forms/d/e/1FAIpQLSe2cCfeAx8IVLRq-ocJe4MUpq43u_1D95IpBPjqOYX-90a9JA/viewform

Alla fine del giro le mando cosa è venuto fuori dalle altre. Due minuti veri, non di più.",Autofficina a Bergamo. 275 follower. Bio non letta: il dettaglio si guarda prima di scrivere.,2026-09-12-instagram-ricerca-lombardia.csv,ricerca,,
@softnails.studio,Soft Nails Studio,Milano (MI),Nail,6618,5,"cercato «nail milano» nella ricerca di Instagram → profilo letto il 12/9: 1627 post, 6618 follower [verifica-sito] motori «""Soft Nails Studio"" Milano»: 6 risultati · domini: softnailsstudio.com (non risponde) · directory: facebook.com, firmania.it, fresha.com, reteimprese.it",,,"Buongiorno, sono Patrick Sappa. Ho una piccola software house a Seveso, DenkiCode.

Ho guardato il profilo di Soft Nails Studio, a Milano. Le foto del vostro lavoro ci sono già tutte, e vi trovo su Fresha e su Instagram, ma un sito vostro no. Quella pagina è di Fresha, non è vostra.

La bozza del vostro sito è già pronta, con le vostre foto e il vostro nome. Non dovete scrivere niente e non dovete mandarmi niente.

Ve la mando qui, la guardate con calma, e se non vi piace me lo dite e finisce lì. Non vi costa un euro.

Se poi decideste di metterlo online si parla di poche centinaia di euro una volta, più una quota annuale. Non di migliaia.

Ve la mando?","Nail a Milano. 6618 follower, 1627 post.",2026-09-12-instagram-siti-milano.csv,siti,,
@prestigenailsandbeautybar,Prestige Nails and Beauty Bar,Sesto San Giovanni (MI),Nail,4458,5,"cercato «nail sesto san giovanni» nella ricerca di Instagram → profilo letto il 12/9: 953 post, 4458 follower [verifica-sito] motori «""Prestige Nails and Beauty Bar"" Sesto San Giovanni»: 10 risultati · domini: prestigenailsandbeauty.com (non risponde, indovinato) · directory: prestigenails.beautycheck.it, facebook.com, fresha.com, italiarecensioni.com",,,"Buongiorno, sono Patrick Sappa, DenkiCode, una piccola software house a Seveso.

Ho guardato il profilo di Prestige Nails and Beauty Bar, a Sesto San Giovanni. Le foto del vostro lavoro ci sono già tutte, e vi trovo su Fresha e su Instagram, ma un sito vostro no. Quella pagina è di Fresha, non è vostra.

La bozza del vostro sito è già pronta, con le vostre foto e il vostro nome. Non dovete scrivere niente e non dovete mandarmi niente.

Ve la mando qui, la guardate con calma, e se non vi piace me lo dite e finisce lì. Non vi costa un euro.

Se poi decideste di metterlo online si parla di poche centinaia di euro una volta, più una quota annuale. Non di migliaia.

Ve la mando?","Nail a Sesto San Giovanni. 4458 follower, 953 post.",2026-09-12-instagram-siti-milano.csv,siti,,
@marikanails._,Marika Nails,Milano (MI),Nail,2538,1,"cercato «nail milano» nella ricerca di Instagram → profilo letto il 12/9: 151 post, 2538 follower [verifica-sito] motori «""Marika Nails"" Milano»: 2 risultati · domini: nessuno risponde · directory: facebook.com, oraridiapertura24.it",,,"Buongiorno, sono Patrick Sappa di DenkiCode, piccola software house a Seveso.

Ho guardato il tuo profilo, Marika Nails a Milano. Scusa il tu. Le foto del tuo lavoro ci sono già tutte, e su Google non esce un sito tuo: ci sono Instagram e le schede degli altri, il tuo no.

La bozza del tuo sito è già pronta, con le tue foto e il tuo nome. Non devi scrivere niente e non devi mandarmi niente.

Te la mando qui, la guardi con calma, e se non ti piace me lo dici e finisce lì. Non ti costa un euro.

Se poi decidessi di metterlo online si parla di poche centinaia di euro una volta, più una quota annuale. Non di migliaia.

Te la mando?","Nail a Milano. 2538 follower, 151 post.",2026-09-12-instagram-siti-milano.csv,siti,,
@matii.nails_,Matilde Corrado Unghie,Rho (MI),Nail,1673,1,"cercato «nail rho» nella ricerca di Instagram → profilo letto il 12/9: 97 post, 1673 follower [verifica-sito] motori «""Matilde Corrado Unghie"" Rho»: 0 risultati · domini: nessuno risponde",,,"Buongiorno, sono Patrick Sappa. Ho una piccola software house a Seveso, DenkiCode.

Ho guardato il tuo profilo, Matilde Corrado Unghie a Rho. Scusa il tu. Le foto del tuo lavoro ci sono già tutte, e su Google non esce un sito tuo: ci sono Instagram e le schede degli altri, il tuo no.

La bozza del tuo sito è già pronta, con le tue foto e il tuo nome. Non devi scrivere niente e non devi mandarmi niente.

Te la mando qui, la guardi con calma, e se non ti piace me lo dici e finisce lì. Non ti costa un euro.

Se poi decidessi di metterlo online si parla di poche centinaia di euro una volta, più una quota annuale. Non di migliaia.

Te la mando?","Nail a Rho. 1673 follower, 97 post.",2026-09-12-instagram-siti-milano.csv,siti,,
@nailsandbeautygiada,Nails and Beauty Giada,Legnano (MI),Nail,1444,1,"cercato «nail legnano» nella ricerca di Instagram → profilo letto il 12/9: 205 post, 1444 follower [verifica-sito] motori «""Nails and Beauty Giada"" Legnano»: 0 risultati · domini: nessuno risponde",,,"Buongiorno, sono Patrick Sappa, DenkiCode, una piccola software house a Seveso.

Ho guardato il profilo di Nails and Beauty Giada, a Legnano. Le foto del vostro lavoro ci sono già tutte, e su Google non esce un sito vostro: ci sono Instagram e le schede degli altri, il vostro no.

La bozza del vostro sito è già pronta, con le vostre foto e il vostro nome. Non dovete scrivere niente e non dovete mandarmi niente.

Ve la mando qui, la guardate con calma, e se non vi piace me lo dite e finisce lì. Non vi costa un euro.

Se poi decideste di metterlo online si parla di poche centinaia di euro una volta, più una quota annuale. Non di migliaia.

Ve la mando?","Nail a Legnano. 1444 follower, 205 post.",2026-09-12-instagram-siti-milano.csv,siti,,
@rosa.bottonenails,Rosa Bottone Onicotecnica,Milano (MI),Nail,1361,1,"cercato «nail milano» nella ricerca di Instagram → profilo letto il 12/9: 99 post, 1361 follower [verifica-sito] motori «""Rosa Bottone Onicotecnica"" Milano»: 0 risultati · domini: nessuno risponde",,,"Buongiorno, sono Patrick Sappa di DenkiCode, piccola software house a Seveso.

Ho guardato il tuo profilo, Rosa Bottone Onicotecnica a Milano. Scusa il tu. Le foto del tuo lavoro ci sono già tutte, e su Google non esce un sito tuo: ci sono Instagram e le schede degli altri, il tuo no.

La bozza del tuo sito è già pronta, con le tue foto e il tuo nome. Non devi scrivere niente e non devi mandarmi niente.

Te la mando qui, la guardi con calma, e se non ti piace me lo dici e finisce lì. Non ti costa un euro.

Se poi decidessi di metterlo online si parla di poche centinaia di euro una volta, più una quota annuale. Non di migliaia.

Te la mando?","Nail a Milano. 1361 follower, 99 post.",2026-09-12-instagram-siti-milano.csv,siti,,
@serena.nailslab,Serena Di Bari Nail Artist,Milano (MI),Nail,1336,1,"cercato «nail milano» nella ricerca di Instagram → profilo letto il 12/9: 52 post, 1336 follower [verifica-sito] motori «""Serena Di Bari Nail Artist"" Milano»: 0 risultati · domini: nessuno risponde",,,"Buongiorno, sono Patrick Sappa. Ho una piccola software house a Seveso, DenkiCode.

Ho guardato il profilo di Serena Di Bari Nail Artist, a Milano. Le foto del vostro lavoro ci sono già tutte, e su Google non esce un sito vostro: ci sono Instagram e le schede degli altri, il vostro no.

La bozza del vostro sito è già pronta, con le vostre foto e il vostro nome. Non dovete scrivere niente e non dovete mandarmi niente.

Ve la mando qui, la guardate con calma, e se non vi piace me lo dite e finisce lì. Non vi costa un euro.

Se poi decideste di metterlo online si parla di poche centinaia di euro una volta, più una quota annuale. Non di migliaia.

Ve la mando?","Nail a Milano. 1336 follower, 52 post.",2026-09-12-instagram-siti-milano.csv,siti,,
@tronchinails,Martina Tronconi Unghie,Milano (MI),Nail,1317,1,"cercato «nail milano» nella ricerca di Instagram → profilo letto il 12/9: 191 post, 1317 follower [verifica-sito] motori «""Martina Tronconi Unghie"" Milano»: 0 risultati · domini: nessuno risponde",,,"Buongiorno, sono Patrick Sappa, DenkiCode, una piccola software house a Seveso.

Ho guardato il tuo profilo, Martina Tronconi Unghie a Milano. Scusa il tu. Le foto del tuo lavoro ci sono già tutte, e su Google non esce un sito tuo: ci sono Instagram e le schede degli altri, il tuo no.

La bozza del tuo sito è già pronta, con le tue foto e il tuo nome. Non devi scrivere niente e non devi mandarmi niente.

Te la mando qui, la guardi con calma, e se non ti piace me lo dici e finisce lì. Non ti costa un euro.

Se poi decidessi di metterlo online si parla di poche centinaia di euro una volta, più una quota annuale. Non di migliaia.

Te la mando?","Nail a Milano. 1317 follower, 191 post.",2026-09-12-instagram-siti-milano.csv,siti,,
@esteticaeternity_legnano,Estetica Eternity,Legnano (MI),Estetica,837,1,"cercato «estetica legnano» nella ricerca di Instagram → profilo letto il 12/9: 427 post, 837 follower [verifica-sito] motori «""Estetica Eternity"" Legnano»: 0 risultati · domini: nessuno risponde",,,"Buongiorno, sono Patrick Sappa di DenkiCode, piccola software house a Seveso.

Ho guardato il profilo di Estetica Eternity, a Legnano. Le foto del vostro lavoro ci sono già tutte, e su Google non esce un sito vostro: ci sono Instagram e le schede degli altri, il vostro no.

La bozza del vostro sito è già pronta, con le vostre foto e il vostro nome. Non dovete scrivere niente e non dovete mandarmi niente.

Ve la mando qui, la guardate con calma, e se non vi piace me lo dite e finisce lì. Non vi costa un euro.

Se poi decideste di metterlo online si parla di poche centinaia di euro una volta, più una quota annuale. Non di migliaia.

Ve la mando?","Estetica a Legnano. 837 follower, 427 post.",2026-09-12-instagram-siti-milano.csv,siti,,
@pasticceriabresciadue,Pasticceria Bresciadue,Brescia (BS),Pasticceria con laboratorio,8816,T,"cercato «pasticceria brescia» nella ricerca di Instagram → profilo aperto e letto il 12/9: Via Cipro 158 Brescia, storica pasticceria con laboratorio e produzione propria, 327 post · [verifica-turni] squadra su piu' orari: laboratorio e vendita",,,"Buongiorno, sono Patrick Sappa. Ho una piccola software house a Seveso, DenkiCode.

Ho guardato la Bresciadue. Con la produzione in casa il laboratorio parte quando il negozio è ancora chiuso, e sono due orari diversi ogni giorno.

I turni come li tenete adesso?

Abbiamo fatto un programma per i turni. La settimana si costruisce una volta, ognuno vede la sua sul telefono, e quando salta qualcuno dice subito chi è libero.

Glielo faccio vedere in dieci minuti in videochiamata, quando le torna comodo. Se non le serve me lo dice e non mi sente più.","Via Cipro 158, Brescia. Storica pasticceria con laboratorio e produzione propria. 327 post, 8.816 follower.",2026-09-12-instagram-denkishift-lombardia.csv,denkishift,,
@ristorante_lestagioni,Ristorante Le Stagioni,Orio al Serio (BG),Ristorante,4061,T,"cercato «ristorante orio al serio» nella ricerca di Instagram → profilo aperto e letto il 12/9: Orio al Serio (BG), dal 1969, 457 post · [verifica-turni] squadra su piu' orari: sala e cucina su due servizi",,,"Buongiorno, sono Patrick Sappa, DenkiCode, una piccola software house a Seveso.

Ho guardato Le Stagioni. Vicino all'aeroporto gli orari della sala seguono i voli più che l'orologio.

Chi mette in fila i turni della settimana, e su cosa li scrive?

Abbiamo fatto un programma per i turni. La settimana si costruisce una volta, ognuno vede la sua sul telefono, e quando salta qualcuno dice subito chi è libero.

In dieci minuti glielo mostro, quando vuole lei. Se non serve me lo dice e chiudiamo qui.","Orio al Serio (BG), dal 1969. 457 post, 4.061 follower.",2026-09-12-instagram-denkishift-lombardia.csv,denkishift,,
@rotabiasetti,RotaBiasetti,Bergamo (BG),Panificio e pasticceria,2748,T,"cercato «panificio bergamo» nella ricerca di Instagram → profilo aperto e letto il 12/9: panificio e pasticceria a Bergamo dal 2000, torte personalizzate e kit party, 423 post · [verifica-turni] squadra su piu' orari: laboratorio e vendita",,,"Buongiorno, sono Patrick Sappa. Ho una piccola software house a Seveso, DenkiCode.

Ho guardato RotaBiasetti. Il forno comincia di notte, il banco apre la mattina e le torte su ordinazione si aggiungono a parte.

Tre ritmi diversi chi li incastra?

Il nostro programma fa questo. Si costruisce la settimana una volta, ogni persona la vede sul suo telefono, e i cambi non passano più dal gruppo.

Glielo faccio vedere in dieci minuti in videochiamata, quando le torna comodo. Se non le serve me lo dice e non mi sente più.","Bergamo. Panificio e pasticceria dal 2000. Torte personalizzate, kit party. 423 post, 2.748 follower.",2026-09-12-instagram-denkishift-lombardia.csv,denkishift,,
@hotelmodernopavia,Hotel Moderno,Pavia (PV),Albergo,4516,T,"cercato «albergo pavia» nella ricerca di Instagram → profilo aperto e letto il 12/9: albergo a Pavia dal 1913, sito hotelmoderno.it, 55 post · [verifica-turni] squadra su piu' orari: reception e piani",,,"Buongiorno, sono Patrick Sappa, DenkiCode, una piccola software house a Seveso.

Ho guardato il Moderno. Centododici anni di attività vogliono dire che i turni li avete già fatti in tutti i modi.

Quello che usate adesso regge, o si rifà ogni settimana da capo?

Abbiamo fatto un programma per i turni. La settimana si costruisce una volta, ognuno vede la sua sul telefono, e quando salta qualcuno dice subito chi è libero.

Dieci minuti in videochiamata e vede se vale qualcosa per voi. Glieli chiedo, e basta.","Pavia, dal 1913. Sito hotelmoderno.it. 55 post, 4.516 follower.",2026-09-12-instagram-denkishift-lombardia.csv,denkishift,,
@pasticceriaoscarbergamo,Pasticceria Oscar,Stezzano (BG),Pasticceria e gelateria,3112,T,"cercato «pasticceria stezzano» nella ricerca di Instagram → profilo aperto e letto il 12/9: Via Circonvallazione Ovest 36 Stezzano (BG), pasticceria e gelateria artigianale, 692 post · [verifica-turni] squadra su piu' orari: laboratorio e vendita",,,"Buongiorno, sono Patrick Sappa, DenkiCode, una piccola software house a Seveso.

Ho guardato la Oscar. Pasticceria e gelateria insieme vogliono dire due laboratori e una stagionalità che li sposta.

I turni li tenete su un foglio?

Abbiamo fatto un programma per i turni. La settimana si costruisce una volta, ognuno vede la sua sul telefono, e quando salta qualcuno dice subito chi è libero.

In dieci minuti glielo mostro, quando vuole lei. Se non serve me lo dice e chiudiamo qui.","Via Circonvallazione Ovest 36, Stezzano (BG). Pasticceria e gelateria artigianale. 692 post, 3.112 follower.",2026-09-12-instagram-denkishift-lombardia.csv,denkishift,,
@ristorante_forchettone,Ristorante Forchettone,Brescia (BS),Ristorante,6113,T,cercato «ristorante brescia» nella ricerca di Instagram → profilo letto il 12/9 dal titolo e dai contatori: 6.113 follower. ⚠ la bio non e' stata aperta · [verifica-turni] squadra su piu' orari: sala e cucina su due servizi,,,"Buongiorno, sono Patrick Sappa. Ho una piccola software house a Seveso, DenkiCode.

Ho guardato il Forchettone. Un ristorante con quel seguito riempie la sala anche infrasettimanale, e la squadra va dimensionata prima.

I turni chi li fa, e quando?

Il nostro programma fa questo. Si costruisce la settimana una volta, ogni persona la vede sul suo telefono, e i cambi non passano più dal gruppo.

Glielo faccio vedere in dieci minuti in videochiamata, quando le torna comodo. Se non le serve me lo dice e non mi sente più.",Brescia. 6.113 follower. Bio non letta: il dettaglio si guarda prima di scrivere.,2026-09-12-instagram-denkishift-lombardia.csv,denkishift,,
@bottegan8,Bottega N8,Bergamo (BG),Ristorante,3494,T,cercato «ristorante bergamo» nella ricerca di Instagram → profilo letto il 12/9 dal titolo e dai contatori: 3.494 follower. ⚠ la bio non e' stata aperta · [verifica-turni] squadra su piu' orari: sala e cucina su due servizi,,,"Buongiorno, sono Patrick Sappa, DenkiCode, una piccola software house a Seveso.

Ho guardato Bottega N8. Fra pranzo e cena la sala si svuota e si riempie due volte, e la squadra deve coprirle tutte e due.

I turni li tenete su un foglio o sul gruppo?

Abbiamo fatto un programma per i turni. La settimana si costruisce una volta, ognuno vede la sua sul telefono, e quando salta qualcuno dice subito chi è libero.

In dieci minuti glielo mostro, quando vuole lei. Se non serve me lo dice e chiudiamo qui.",Bergamo. 3.494 follower. Bio non letta: il dettaglio si guarda prima di scrivere.,2026-09-12-instagram-denkishift-lombardia.csv,denkishift,,
@fondazionemadonnadelboldesico,Casa di riposo Madonna del Boldesico ETS,Grumello del Monte (BG),RSA,226,T,"cercato «fondazione casa di riposo» nella ricerca di Instagram → profilo aperto e letto il 12/9: Grumello del Monte (BG), 035830030, fmboldesico, 121 post · [verifica-turni] la bio dichiara tre servizi insieme, RSA piu' RTS piu' CDI, e un ambulatorio: sono tre reparti con orari diversi nella stessa struttura, personale assistenziale su turni continui",,,"Buongiorno, sono Patrick Sappa, DenkiCode, una piccola software house a Seveso.

Ho guardato il profilo: RSA, RTS e centro diurno nello stesso posto, più l'ambulatorio. Tre reparti con orari diversi. I turni degli operatori chi li fa, e su cosa?

Abbiamo fatto un programma per i turni. Il mese si scrive una volta, poi ognuno vede il suo sul telefono. Se salta qualcuno, vi dice chi è libero senza farvi telefonare a tutti.

Dieci minuti e vi mostro come funziona. Poi decidete voi.","Grumello del Monte (BG), 035830030, fmboldesico.it. RSA + RTS + CDI + ambulatorio TNF. 226 follower, 121 post. Fondazione indipendente, non gruppo.",2026-09-13-instagram-denkishift-lombardia.csv,denkishift,,
@fondazione_rsa_nembro_onlus,Fondazione RSA Casa Riposo Nembro ONLUS,Nembro (BG),RSA,501,T,"cercato «fondazione rsa» nella ricerca di Instagram → profilo aperto e letto il 12/9: Nembro (BG), 304 post · [verifica-turni] RSA a gestione propria come fondazione ONLUS, 304 post di vita quotidiana in struttura: assistenza residenziale sulle 24 ore",,,"Buongiorno, sono Patrick Sappa, DenkiCode, software house a Seveso.

Ho visto il profilo della casa di riposo di Nembro, e i post che pubblicate dentro la struttura. Una residenza aperta 24 ore su 24: i turni degli operatori li fate ancora su carta o su un file?

Abbiamo fatto un programma che fa una cosa. Costruisce il mese una volta e lo manda sul telefono di ognuno. Quando uno si dà malato, vi dice subito chi può coprire.

Mi bastano dieci minuti in videochiamata. Se non vi serve, chiuso qui.","Nembro (BG). Fondazione RSA ONLUS. 501 follower, 304 post. Nessun sito in bio.",2026-09-13-instagram-denkishift-lombardia.csv,denkishift,,
@fondazione_honegger_rsa_onlus,Fondazione Honegger RSA,Albino (BG),RSA,522,T,"cercato «fondazione rsa» nella ricerca di Instagram → profilo aperto e letto il 12/9: Albino (BG), via B, 318 post · [verifica-turni] la bio elenca cinque servizi, RSA, nuclei Alzheimer, cure intermedie, centro diurno e cure domiciliari e palliative: i domiciliari mettono gli operatori in giro fuori sede, non solo in reparto",,,"Buongiorno, sono Patrick Sappa, DenkiCode, una piccola software house a Seveso.

Ho letto il profilo: RSA, nuclei Alzheimer, cure intermedie, diurno e anche il domiciliare. Avete gente in reparto e gente in giro sul territorio. Come tenete insieme i due orari?

Abbiamo fatto un programma che tiene i turni. Il giro si costruisce una volta sola, poi ognuno se lo guarda sul telefono. Quando salta un turno vi propone chi è libero. Non vi mando un link e non vi chiedo niente adesso.

Dieci minuti, in videochiamata. Nient'altro.","Albino (BG), via B. Crespi 9, 035759411, info@fondazionehonegger.it. RSA + Alzheimer + cure intermedie + CDI + domiciliari. 522 follower, 318 post.",2026-09-13-instagram-denkishift-lombardia.csv,denkishift,,
@rsacantello_istpalazzolo,RSA Istituto Palazzolo - Casa San Giuseppe,Cantello (VA),RSA,218,T,"cercato «rsa san giuseppe» nella ricerca di Instagram → profilo aperto e letto il 12/9: Cantello (VA), 78 post · [verifica-turni] RSA residenziale con 78 post dalla struttura di Cantello: assistenza continua, personale su tre turni",,,"Buongiorno, sono Patrick Sappa, DenkiCode, software house a Seveso.

Ho visto il profilo della casa di Cantello. In una residenza come la vostra il giro dei turni non si ferma mai: oggi come lo gestite, con un tabellone o con un file condiviso?

Abbiamo fatto un programma per i turni. Il mese lo costruite una volta, e da lì ognuno vede solo il suo sul telefono. Se uno manca, vi dice chi può coprire senza mandare nessuno in straordinario.

Ve lo mostro in dieci minuti, in videochiamata, quando vi torna comodo. Un no va benissimo e non vi scrivo più.","Cantello (VA). RSA Istituto Palazzolo, Casa San Giuseppe. 218 follower, 78 post.",2026-09-13-instagram-denkishift-lombardia.csv,denkishift,,
@rsavilladellapace,Villa della Pace,Stezzano (BG),RSA,829,T,"cercato «rsa villa» nella ricerca di Instagram → profilo aperto e letto il 12/9: Stezzano (BG), 153 post · [verifica-turni] residenza per anziani con 153 post e raccolta 5x1000: struttura residenziale con personale assistenziale sulle 24 ore",,,"Buongiorno, sono Patrick Sappa, DenkiCode, una piccola software house a Seveso.

Ho guardato Villa della Pace a Stezzano. Una residenza per anziani vuole qualcuno in piedi a ogni ora: quando salta un operatore all'ultimo, chi lo copre e come lo decidete?

Abbiamo fatto un programma per i turni. Il mese si scrive una volta, poi ognuno vede il suo sul telefono. Se salta qualcuno, vi dice chi è libero senza farvi telefonare a tutti. L'abbiamo scritto guardando come lavorano le squadre che stanno aperte tutto il giorno, non copiando altri programmi.

Dieci minuti in videochiamata, quando volete.","Stezzano (BG). Villa della Pace, residenza per anziani. 829 follower, 153 post.",2026-09-13-instagram-denkishift-lombardia.csv,denkishift,,
@bergamo_sanita,Centro Medico Bergamo Sanità,Nembro (BG),Centro medico e casa di riposo,500,T,"cercato «centro medico bergamo» nella ricerca di Instagram → profilo aperto e letto il 12/9: Nembro (BG), bergamosanita, 333 post · [verifica-turni] la bio dichiara quattro attivita' diverse, centro medico, cure domiciliari, casa di riposo e centro di formazione: gente in ambulatorio, gente a domicilio e gente in residenza",,,"Buongiorno, sono Patrick Sappa, DenkiCode, software house a Seveso.

Ho letto il profilo: centro medico, cure domiciliari, casa di riposo e formazione. Sono quattro cose con quattro orari. Chi mette insieme gli orari di tutti, e su che strumento?

Abbiamo fatto un programma che fa una cosa. Costruisce il mese una volta e lo manda sul telefono di ognuno. Quando uno si dà malato, vi dice subito chi può coprire. Se mi dite che il sistema che avete adesso funziona meglio del nostro me lo scrivo, perché mi serve saperlo.

Dieci minuti e lo vedete funzionare. Videochiamata, quando avete un momento.","Nembro (BG), bergamosanita.it, direzione@bergamosanita.it. Centro medico + domiciliari + casa di riposo + formazione. 500 follower, 333 post.",2026-09-13-instagram-denkishift-lombardia.csv,denkishift,,
@capriolo_istpalazzolo,Istituto Palazzolo - Casa di Capriolo,Capriolo (BS),Comunita' educativa,348,T,"cercato «istituto palazzolo» nella ricerca di Instagram → profilo aperto e letto il 12/9: Capriolo (BS), via per Calepio 1, 147 post · [verifica-turni] comunita' per adolescenti ad alta intensita' educativa piu' pronto intervento per mamme con bambini: il pronto intervento e' per definizione reperibilita' fuori orario",,,"Buongiorno, sono Patrick Sappa, DenkiCode, una piccola software house a Seveso.

Ho visto il profilo della casa di Capriolo: comunita' ad alta intensita' e pronto intervento per mamme con bambini. Il pronto intervento vuole qualcuno raggiungibile a ogni ora. Come tenete il conto di chi è in turno e chi è reperibile?

Abbiamo fatto un programma che tiene i turni. Il giro si costruisce una volta sola, poi ognuno se lo guarda sul telefono. Quando salta un turno vi propone chi è libero.

Dieci minuti e vi mostro come funziona. Poi decidete voi.","Capriolo (BS), via per Calepio 1. Comunita' adolescenti + minori + pronto intervento mamme. 348 follower, 147 post.",2026-09-13-instagram-denkishift-lombardia.csv,denkishift,,
@_cormano_soccorso_onlus_,Cooperativa Sociale Cormano Soccorso ONLUS,Cusano Milanino (MI),Soccorso e ambulanze,355,T,"cercato «cooperativa sociale como» nella ricerca di Instagram → profilo aperto e letto il 12/9: Cusano Milanino (MI), via Vincenzo Bellini 6, 0266307276, 31 post · [verifica-turni] cooperativa di soccorso in attivita' dal 2000 con mezzi in bio: le ambulanze coprono le 24 ore e i volontari e dipendenti si alternano per fasce",,,"Buongiorno, sono Patrick Sappa, DenkiCode, software house a Seveso.

Ho visto il profilo: soccorso dal 2000, da Cusano Milanino. Un servizio come il vostro vuole un equipaggio pronto a ogni ora. I turni di chi sta sul mezzo come li mettete insieme oggi?

Abbiamo fatto un programma per i turni. Il mese lo costruite una volta, e da lì ognuno vede solo il suo sul telefono. Se uno manca, vi dice chi può coprire senza mandare nessuno in straordinario.

Mi bastano dieci minuti in videochiamata. Se non vi serve, chiuso qui.","Cusano Milanino (MI), via Vincenzo Bellini 6, 0266307276. Cooperativa sociale di soccorso dal 2000. 355 follower, 31 post.",2026-09-13-instagram-denkishift-lombardia.csv,denkishift,,
@fondazione_rosadeiventi_onlus,Fondazione RosaDeiVenti ONLUS,Como (CO),Comunita' minori,169,T,"cercato «fondazione rsa onlus» nella ricerca di Instagram → profilo aperto e letto il 12/9: Como, 16 post · [verifica-turni] accoglienza residenziale di minori adolescenti da vent'anni sul territorio di Como: accoglienza significa presenza educativa notte e giorno",,,"Buongiorno, sono Patrick Sappa, DenkiCode, una piccola software house a Seveso.

Ho letto il profilo: vent'anni di accoglienza per adolescenti sul territorio di Como. Una comunita' residenziale vuole un educatore presente anche di notte. Come sono organizzati i turni adesso?

Abbiamo fatto un programma per i turni. Il mese si scrive una volta, poi ognuno vede il suo sul telefono. Se salta qualcuno, vi dice chi è libero senza farvi telefonare a tutti. Non vi mando un link e non vi chiedo niente adesso.

Dieci minuti, in videochiamata. Nient'altro.","Como. Fondazione RosaDeiVenti ONLUS, accoglienza minori adolescenti da 20 anni. 169 follower, 16 post.",2026-09-13-instagram-denkishift-lombardia.csv,denkishift,,
@ilcalabronebrescia,Il Calabrone cooperativa sociale ETS,Brescia (BS),Cooperativa sociale,2196,T,"cercato «cooperativa sociale brescia» nella ricerca di Instagram → profilo aperto e letto il 12/9: Brescia, comunicazione@ilcalabrone, 655 post · [verifica-turni] quattro aree di intervento dichiarate, dipendenze, disagio adulto, giovani e prevenzione, con 655 post: piu' servizi in piu' sedi vogliono operatori distribuiti su fasce diverse",,,"Buongiorno, sono Patrick Sappa, DenkiCode, software house a Seveso.

Ho guardato il profilo del Calabrone: dipendenze, disagio adulto, giovani e prevenzione. Quattro aree, e immagino equipe diverse. Chi tiene insieme gli orari di tutti, e con cosa?

Abbiamo fatto un programma che fa una cosa. Costruisce il mese una volta e lo manda sul telefono di ognuno. Quando uno si dà malato, vi dice subito chi può coprire. Non è un gestionale intero: fa i turni e basta, e questo è anche il motivo per cui costa poco.

Ve lo mostro in dieci minuti, in videochiamata, quando vi torna comodo. Un no va benissimo e non vi scrivo più.","Brescia, comunicazione@ilcalabrone.org, linktr.ee/ilcalabrone. Cooperativa sociale ETS: dipendenze, disagio adulto, giovani, prevenzione. 2.196 follower, 655 post.",2026-09-13-instagram-denkishift-lombardia.csv,denkishift,,
@koinecoopsociale,Koinè cooperativa sociale,Novate Milanese (MI),Cooperativa sociale e asili nido,2509,T,"cercato «coop sociale lombardia» nella ricerca di Instagram → profilo aperto e letto il 12/9: Novate Milanese (MI), koinecoopsociale, 490 post · [verifica-turni] trent'anni di servizi per bambini e famiglie con asili nido e outdoor education, e un link «lavora con noi» attivo in bio: assumono, quindi la squadra cambia",,,"Buongiorno, sono Patrick Sappa, DenkiCode, una piccola software house a Seveso.

Ho visto che avete il «lavora con noi» attivo sul profilo, e trent'anni di nidi alle spalle. Quando entra personale nuovo, il giro dei turni chi lo rifà e su che strumento?

Abbiamo fatto un programma che tiene i turni. Il giro si costruisce una volta sola, poi ognuno se lo guarda sul telefono. Quando salta un turno vi propone chi è libero. L'abbiamo scritto guardando come lavorano le squadre che stanno aperte tutto il giorno, non copiando altri programmi.

Dieci minuti in videochiamata, quando volete.","Novate Milanese (MI), koinecoopsociale.it, pagina «lavora con noi» attiva. Asili nido e outdoor education, 30 anni. 2.509 follower, 490 post.",2026-09-13-instagram-denkishift-lombardia.csv,denkishift,,
@coesacoopsoc,Cooperativa Sociale Coesa,Milano (MI),Cooperativa sociale,685,T,"cercato «cooperativa sociale como» nella ricerca di Instagram → profilo aperto e letto il 12/9: Milano, via Ippodromo 16 (Lampugnano), info@coesacoopsoc, 574 post · [verifica-turni] a Milano dal 1997 con sede in via Ippodromo e 574 post di servizi alla persona: assistenza con operatori su piu' fasce",,,"Buongiorno, sono Patrick Sappa, DenkiCode, software house a Seveso.

Ho letto il profilo: a Milano dal 1997, in via Ippodromo. Con una squadra che lavora sulle persone gli orari cambiano di continuo. Oggi i turni li tenete su un file o su carta?

Abbiamo fatto un programma per i turni. Il mese lo costruite una volta, e da lì ognuno vede solo il suo sul telefono. Se uno manca, vi dice chi può coprire senza mandare nessuno in straordinario.

Dieci minuti e lo vedete funzionare. Videochiamata, quando avete un momento.","Milano, via Ippodromo 16 (Lampugnano), info@coesacoopsoc.it. Cooperativa sociale dal 1997. 685 follower, 574 post.",2026-09-13-instagram-denkishift-lombardia.csv,denkishift,,
@cooperativamiledu,Miledù impresa sociale,Como (CO),Cooperativa sociale,615,T,"cercato «cooperativa sociale como» nella ricerca di Instagram → profilo aperto e letto il 12/9: Como, miledu, 316 post · [verifica-turni] impresa sociale con lavori sul territorio, muri a secco, apicoltura e turismo: squadre che si spostano su cantieri e stagioni diverse",,,"Buongiorno, sono Patrick Sappa, DenkiCode, una piccola software house a Seveso.

Ho visto il profilo di Miledu': muri a secco, apicoltura, turismo. Lavori che cambiano posto e stagione. Chi sta dove, in che giorno, come lo decidete oggi?

Abbiamo fatto un programma per i turni. Il mese si scrive una volta, poi ognuno vede il suo sul telefono. Se salta qualcuno, vi dice chi è libero senza farvi telefonare a tutti.

Dieci minuti e vi mostro come funziona. Poi decidete voi.","Como, miledu.org. Impresa sociale: muri a secco, apicoltura, fiori eduli, turismo sostenibile. 615 follower, 316 post.",2026-09-13-instagram-denkishift-lombardia.csv,denkishift,,
@coopleonardocomo,Cooperativa Sociale Leonardo,Como (CO),Cooperativa sociale,433,T,"cercato «cooperativa sociale como» nella ricerca di Instagram → profilo aperto e letto il 12/9: Como, coopleonardocomo, 191 post · [verifica-turni] cooperativa educativa nata nel 1995, 191 post di servizi sul territorio comasco: educatori su servizi diversi e orari diversi",,,"Buongiorno, sono Patrick Sappa, DenkiCode, software house a Seveso.

Ho letto il profilo: dal 1995 sui bisogni educativi, a Como. Con gli educatori distribuiti su più servizi, gli orari di tutti chi li mette insieme?

Abbiamo fatto un programma per i turni. Il mese una volta, poi ognuno vede il suo sul telefono. Se salta un educatore vi dice chi è libero, senza che tocchi a voi girare le chiamate a fine giornata quando siete già stanchi. Niente link.

Dieci minuti in videochiamata, quando volete.","Como, coopleonardocomo.it, csleonardo@tin.it. Cooperativa sociale educativa dal 1995. 433 follower, 191 post.",2026-09-13-instagram-denkishift-lombardia.csv,denkishift,,
@metacoopmonza,META Cooperativa Sociale,Monza (MB),Cooperativa sociale,1312,T,"cercato «cooperativa sociale monza» nella ricerca di Instagram → profilo aperto e letto il 12/9: Monza, iscrizioni@metacoop, 545 post · [verifica-turni] dal 1991 con servizi per scuola e tempo libero e una pagina iscrizioni attiva: i servizi scolastici hanno pre e post orario, quindi fasce spezzate",,,"Buongiorno, sono Patrick Sappa, DenkiCode, una piccola software house a Seveso, qui vicino a voi.

Ho visto il profilo: servizi per la scuola e il tempo libero dal 1991. Il pre e il post scuola spezzano la giornata in due. Come sono organizzati i turni degli operatori adesso?

Abbiamo fatto un programma che tiene i turni. Il giro si costruisce una volta sola, poi ognuno se lo guarda sul telefono. Quando salta un turno vi propone chi è libero. Non vi mando un link e non vi chiedo niente adesso.

Dieci minuti, in videochiamata. Nient'altro.","Monza, iscrizioni@metacoop.org. Cooperativa sociale dal 1991: scuola, tempo libero, famiglia, impresa. 1.312 follower, 545 post.",2026-09-13-instagram-denkishift-lombardia.csv,denkishift,,
@lacascinadesenzano,Cooperativa Sociale La Cascina,Desenzano del Garda (BS),Cooperativa sociale,148,T,"cercato «cooperativa sociale onlus bergamo» nella ricerca di Instagram → profilo aperto e letto il 12/9: Desenzano del Garda (BS), cooperativalacascina, 96 post · [verifica-turni] la bio elenca i servizi gestiti, cura del verde, spiagge, cimiteri, ristoranti e bar: le spiagge e i bar sono stagionali e ad apertura lunga",,,"Buongiorno, sono Patrick Sappa, DenkiCode, software house a Seveso.

Ho letto cosa gestite: verde, spiagge, cimiteri, ristoranti e bar. In estate le spiagge e i bar vogliono gente tutti i giorni, poi la stagione cambia. I turni come li rifate quando cambia il periodo?

Abbiamo fatto un programma per i turni. Il mese lo costruite una volta, e da lì ognuno vede solo il suo sul telefono. Se uno manca, vi dice chi può coprire senza mandare nessuno in straordinario.

Ve lo mostro in dieci minuti, in videochiamata, quando vi torna comodo. Un no va benissimo e non vi scrivo più.","Desenzano del Garda (BS), cooperativalacascina.eu. Cooperativa sociale dal 1991: verde, spiagge, cimiteri, ristoranti, bar. 148 follower, 96 post.",2026-09-13-instagram-denkishift-lombardia.csv,denkishift,,
@bclean_brescia,B-CLEAN Impresa di pulizie,Brescia (BS),Impresa di pulizie,1944,T,"cercato «impresa pulizie brescia» nella ricerca di Instagram → profilo aperto e letto il 12/9: Brescia, bclean0824@gmail, 71 post · [verifica-turni] la bio elenca cinque tipi di cantiere, uffici, palestre, ristoranti, cucine industriali e post ristrutturazione: squadre che cambiano indirizzo ogni giorno e lavorano fuori orario di apertura",,,"Buongiorno, sono Patrick Sappa, DenkiCode, una piccola software house a Seveso.

Ho visto il profilo: uffici, palestre, ristoranti, cucine industriali. Cantieri diversi ogni giorno, e la maggior parte quando i locali sono chiusi. Chi sta dove, e a che ora, come lo decidete oggi?

Abbiamo fatto un programma per i turni. Il mese si scrive una volta, poi ognuno vede il suo sul telefono. Se salta qualcuno, vi dice chi è libero senza farvi telefonare a tutti. L'abbiamo scritto guardando come lavorano le squadre che stanno aperte tutto il giorno, non copiando altri programmi.

Dieci minuti in videochiamata, quando volete.","Brescia, bclean0824@gmail.com. Impresa di pulizie: uffici, palestre, ristoranti, cucine industriali, post ristrutturazione, B&B. 1.944 follower, 71 post.",2026-09-13-instagram-denkishift-lombardia.csv,denkishift,,
@milano_impresa_di_pulizie,Milano Multi Servizi,Milano (MI),Impresa di pulizie,250,T,"cercato «impresa pulizie milano» nella ricerca di Instagram → profilo aperto e letto il 12/9: Milano, milanoimpresadipulizie, 80 post · [verifica-turni] la bio dichiara cinque province coperte, Milano, Bergamo, Monza, Como e Lodi: squadre che si spostano su un raggio largo",,,"Buongiorno, sono Patrick Sappa, DenkiCode, software house a Seveso.

Ho letto che coprite Milano, Bergamo, Monza, Como e Lodi. Cinque province vogliono squadre in posti diversi ogni giorno. Il giro chi lo mette in fila, e su cosa?

Abbiamo fatto un programma che fa una cosa. Costruisce il mese una volta e lo manda sul telefono di ognuno. Quando uno si dà malato, vi dice subito chi può coprire. Non vi chiedo di cambiare niente adesso: se dopo dieci minuti non vi convince, avete perso dieci minuti.

Dieci minuti e lo vedete funzionare. Videochiamata, quando avete un momento.","Milano, milanoimpresadipulizie.com, 329 110 7963. Copre Milano, Bergamo, Monza, Como, Lodi. 250 follower, 80 post.",2026-09-13-instagram-denkishift-lombardia.csv,denkishift,,
@casamedicabg,CasaMedica Centro Medico Bergamo,Bergamo (BG),Poliambulatorio,6280,T,"cercato «centro medico bergamo» nella ricerca di Instagram → profilo aperto e letto il 12/9: Bergamo, casamedica, 1051 post · [verifica-turni] equipe multidisciplinare dichiarata in bio e 1.051 post: piu' specialisti che si alternano negli stessi ambulatori, con la segreteria che li incastra",,,"Buongiorno, sono Patrick Sappa, DenkiCode, una piccola software house a Seveso.

Ho guardato il profilo di CasaMedica: equipe multidisciplinare, percorsi personalizzati. Con più specialisti sugli stessi ambulatori, chi tiene il calendario di chi c'è e quando?

Abbiamo fatto un programma che tiene i turni. Il giro si costruisce una volta sola, poi ognuno se lo guarda sul telefono. Quando salta un turno vi propone chi è libero.

Dieci minuti e vi mostro come funziona. Poi decidete voi.","Bergamo, casamedica.it, info@casamedica.it. Centro di medicina integrata, equipe multidisciplinare. 6.280 follower, 1.051 post.",2026-09-13-instagram-denkishift-lombardia.csv,denkishift,,
@centroradiologiaefisioterapia,Struttura medica polispecialistica,Gorle (BG),Poliambulatorio,7881,T,"cercato «centro fisioterapia bergamo» nella ricerca di Instagram → profilo aperto e letto il 12/9: Gorle (BG), 035 290636, centroradiofisio, 316 post · [verifica-turni] struttura polispecialistica con direttore sanitario dichiarato e numero fisso, 316 post: radiologia e fisioterapia hanno personale tecnico su fasce lunghe",,,"Buongiorno, sono Patrick Sappa, DenkiCode, software house a Seveso.

Ho visto la struttura di Gorle: polispecialistica, con radiologia e fisioterapia. Fra tecnici, fisioterapisti e segreteria l'orario di uno non è quello dell'altro. Come lo tenete insieme oggi?

Abbiamo fatto un programma per i turni. Il mese lo costruite una volta, e da lì ognuno vede solo il suo sul telefono. Se uno manca, vi dice chi può coprire senza mandare nessuno in straordinario.

Mi bastano dieci minuti in videochiamata. Se non vi serve, chiuso qui.","Gorle (BG), 035 290636, centroradiofisio.it, info@centroradiofisio.it. Dir. San. Dott. R. Suardi. 7.881 follower, 316 post.",2026-09-13-instagram-denkishift-lombardia.csv,denkishift,,
@studiberrutibergamo,Studi Berruti - Poliambulatorio Goisis,Osio Sotto (BG),Poliambulatorio,7433,T,"cercato «poliambulatorio bergamo» nella ricerca di Instagram → profilo aperto e letto il 12/9: Osio Sotto (BG), studiberruti, 62 post · [verifica-turni] tre profili collegati in bio per tre attivita', poliambulatorio, studio dentistico e linea skincare: piu' reparti con personale che ruota",,,"Buongiorno, sono Patrick Sappa, DenkiCode, una piccola software house a Seveso.

Ho visto che avete tre cose insieme: il poliambulatorio, lo studio dentistico e la linea skincare. Tre agende diverse sullo stesso personale. Chi decide chi copre cosa, e con quale strumento?

Abbiamo fatto un programma per i turni. Il mese si scrive una volta, poi ognuno vede il suo sul telefono. Se salta qualcuno, vi dice chi è libero senza farvi telefonare a tutti. Non vi mando un link e non vi chiedo niente adesso.

Dieci minuti, in videochiamata. Nient'altro.","Osio Sotto (BG), studiberruti.it. Poliambulatorio + studio dentistico Goisis + brand skincare. 7.433 follower, 62 post.",2026-09-13-instagram-denkishift-lombardia.csv,denkishift,,
@poliambulatoriorehabilita,Centro Rehabilita,Brescia (BS),Poliambulatorio e riabilitazione,4035,T,"cercato «poliambulatorio brescia» nella ricerca di Instagram → profilo aperto e letto il 12/9: Brescia, centro-rehabilita, 347 post · [verifica-turni] riabilitazione sportiva, diagnostica, fisioterapia e nutrizione con oltre 500 pazienti dichiarati: i fisioterapisti lavorano a sedute consecutive dalla mattina alla sera",,,"Buongiorno, sono Patrick Sappa, DenkiCode, software house a Seveso.

Ho letto il profilo di Rehabilita: riabilitazione, diagnostica, fisioterapia, nutrizione. Con le sedute una dietro l'altra dalla mattina alla sera, gli orari dei fisioterapisti chi li costruisce?

Abbiamo fatto un programma che fa una cosa sola. Solo i turni. Costruisce il mese una volta e lo manda sul telefono di ognuno, e quando uno si dà malato vi dice chi può coprire. La prima settimana la costruiamo insieme noi, così vedete se vi torna prima di metterci mano da soli.

Ve lo mostro in dieci minuti, in videochiamata, quando vi torna comodo. Un no va benissimo e non vi scrivo più.","Brescia, centro-rehabilita.it, info@centrorehabilita.com. Riabilitazione sportiva, diagnostica, fisioterapia, nutrizione. 4.035 follower, 347 post.",2026-09-13-instagram-denkishift-lombardia.csv,denkishift,,
@venini23.centromedicomilano,Venini23 Centro Medico Polispecialistico,Milano (MI),Poliambulatorio,3423,T,"cercato «centro polispecialistico milano» nella ricerca di Instagram → profilo aperto e letto il 12/9: Milano, mcvenini23, 497 post · [verifica-turni] centro polispecialistico con prenotazione online e 497 post: agenda distribuita su piu' specialisti e reception aperta tutto il giorno",,,"Buongiorno, sono Patrick Sappa, DenkiCode, una piccola software house a Seveso.

Ho guardato il profilo di Venini23. Con le prenotazioni online e più specialisti, la reception deve essere coperta tutto il giorno. I turni di chi sta al desk come li fate?

Abbiamo fatto un programma che tiene i turni. Il giro si costruisce una volta sola, poi ognuno se lo guarda sul telefono. Quando salta un turno vi propone chi è libero. L'abbiamo scritto guardando come lavorano le squadre che stanno aperte tutto il giorno, non copiando altri programmi.

Dieci minuti in videochiamata, quando volete.","Milano, mcvenini23.com, segreteria@mcvenini23.com. Centro medico polispecialistico. 3.423 follower, 497 post.",2026-09-13-instagram-denkishift-lombardia.csv,denkishift,,
@missorimedicalcenter_mi,Missori Medical Center,Milano (MI),Poliambulatorio,3347,T,"cercato «poliambulatorio milano» nella ricerca di Instagram → profilo aperto e letto il 12/9: Milano, fermate Missori-Duomo, info@missorimedicalcenter, 162 post · [verifica-turni] odontoiatria estetica e chirurgia estetica insieme, prenotazione su piattaforma esterna: due reparti con sale e personale condiviso",,,"Buongiorno, sono Patrick Sappa, DenkiCode, software house a Seveso.

Ho visto il profilo: odontoiatria e chirurgia estetica nello stesso centro, a due passi dal Duomo. Due reparti che si dividono sale e assistenti. Chi tiene il conto di chi è in sala e quando?

Abbiamo fatto un programma per i turni. Il mese lo costruite una volta, e da lì ognuno vede solo il suo sul telefono. Se uno manca, vi dice chi può coprire senza mandare nessuno in straordinario.

Dieci minuti e lo vedete funzionare. Videochiamata, quando avete un momento.","Milano, fermate Missori-Duomo, info@missorimedicalcenter.it, 349 1279327. Odontoiatria + medicina e chirurgia estetica. 3.347 follower, 162 post.",2026-09-13-instagram-denkishift-lombardia.csv,denkishift,,
@basesana.official,Basesana Poliambulatorio,Milano (MI),Poliambulatorio,517,T,"cercato «poliambulatorio milano» nella ricerca di Instagram → profilo aperto e letto il 12/9: Milano, basesana, 93 post · [verifica-turni] mille metri quadri dichiarati con ambulatori, rehab, fitness e health bar: quattro aree dentro lo stesso edificio, ognuna con il suo orario",,,"Buongiorno, sono Patrick Sappa, DenkiCode, una piccola software house a Seveso.

Mille metri quadri con ambulatori, rehab, fitness e anche l'health bar. Sono quattro orari diversi sotto lo stesso tetto. Come li mettete in fila adesso?

Abbiamo fatto un programma per i turni. Il mese si scrive una volta, poi ognuno vede il suo sul telefono. Se salta qualcuno, vi dice chi è libero senza farvi telefonare a tutti.

Dieci minuti e vi mostro come funziona. Poi decidete voi.","Milano, basesana.com, info@basesana.com. 1.000 mq: ambulatori, rehab, fitness, health bar. 517 follower, 93 post.",2026-09-13-instagram-denkishift-lombardia.csv,denkishift,,
@poliambulatorio_takecare,Poliambulatorio Take Care,Milano (MI),Poliambulatorio,329,T,"cercato «poliambulatorio milano» nella ricerca di Instagram → profilo aperto e letto il 12/9: Milano, poliambulatorio-takecare, 99 post · [verifica-turni] quattro linee di servizio in bio, longevita', visite specialistiche, odontoiatria e sport lab: reparti diversi con personale che si alterna",,,"Buongiorno, sono Patrick Sappa, DenkiCode, software house a Seveso.

Ho letto il profilo: longevità, visite, odontoiatria e sport lab. Quattro reparti in un poliambulatorio vogliono qualcuno che incastri le presenze. Oggi chi lo fa, e su che strumento?

Abbiamo fatto un programma che fa una cosa. Costruisce il mese una volta e lo manda sul telefono di ognuno. Quando uno si dà malato, vi dice subito chi può coprire. Se mi dite che il sistema che avete adesso funziona meglio del nostro me lo scrivo, perché mi serve saperlo.

Mi bastano dieci minuti in videochiamata. Se non vi serve, chiuso qui.","Milano, poliambulatorio-takecare.it, comunicazioni@takecare.it. Longevita', visite specialistiche, odontoiatria, sport lab. 329 follower, 99 post.",2026-09-13-instagram-denkishift-lombardia.csv,denkishift,,
@citylifeinstitute,City Life Institute,Milano (MI),Poliambulatorio,328,T,"cercato «poliambulatorio milano» nella ricerca di Instagram → profilo aperto e letto il 12/9: Milano, via Poliziano 7 (Citylife), info@citylifeinstitute, 63 post · [verifica-turni] odontoiatria avanzata e medicina estetica con prenotazione online in bio: due reparti, poltrone e assistenti condivisi",,,"Buongiorno, sono Patrick Sappa, DenkiCode, una piccola software house a Seveso.

Ho visto il profilo, in via Poliziano a Citylife: odontoiatria e medicina estetica. Due reparti che si dividono le stanze e gli assistenti. Chi decide chi c'è in che giorno?

Abbiamo fatto un programma che tiene i turni. Il giro si costruisce una volta sola, poi ognuno se lo guarda sul telefono. Quando salta un turno vi propone chi è libero. Non vi mando un link e non vi chiedo niente adesso. Non è un gestionale intero: fa i turni e basta, e questo è anche il motivo per cui costa poco.

Dieci minuti, in videochiamata. Nient'altro.","Milano, via Poliziano 7 (Citylife), info@citylifeinstitute.it. Odontoiatria avanzata + medicina estetica. 328 follower, 63 post.",2026-09-13-instagram-denkishift-lombardia.csv,denkishift,,
@poliambulatorio_iris_bergamo,Poliambulatorio IRIS,Bergamo (BG),Poliambulatorio,613,T,"cercato «poliambulatorio bergamo» nella ricerca di Instagram → profilo aperto e letto il 12/9: Bergamo, poliambulatorioiris, 55 post · [verifica-turni] la bio promette prenotazioni in tempi brevi su un'ampia gamma di prestazioni: per tenere quella promessa servono piu' specialisti coperti su piu' fasce",,,"Buongiorno, sono Patrick Sappa, DenkiCode, software house a Seveso.

Sul profilo scrivete che prenotate in tempi brevi. Per farlo davvero serve avere sempre qualcuno in ambulatorio. Il calendario di chi c'è come lo tenete?

Abbiamo fatto un programma per i turni. Il mese lo costruite una volta, e da lì ognuno vede solo il suo sul telefono. Se uno manca, vi dice chi può coprire senza mandare nessuno in straordinario. Lo stiamo provando con squadre come la vostra. Quello che mi dite finisce dentro al programma.

Dieci minuti in videochiamata. Un no va benissimo.","Bergamo, poliambulatorioiris.it, segreteriapoliambulatorioiris@gmail.com. 613 follower, 55 post.",2026-09-13-instagram-denkishift-lombardia.csv,denkishift,,
@podomedicalcenter,Podo Medical Center,Bergamo (BG),Poliambulatorio,795,T,"cercato «poliambulatorio bergamo» nella ricerca di Instagram → profilo aperto e letto il 12/9: Bergamo, podomedicalcenter, 213 post · [verifica-turni] cinque servizi dichiarati, podologia, fisioterapia, osteopatia, nutrizione, psicologia e laserterapia, con due titolari: professionisti che ruotano sulle stesse stanze",,,"Buongiorno, sono Patrick Sappa, DenkiCode, una piccola software house a Seveso.

Ho letto il profilo: podologia, fisioterapia, osteopatia, nutrizione, psicologia. Cinque professionisti sulle stesse stanze. Chi mette in fila le presenze, e con cosa?

Abbiamo fatto un programma per i turni. Il mese si scrive una volta, poi ognuno vede il suo sul telefono. Se salta qualcuno, vi dice chi è libero senza farvi telefonare a tutti. L'abbiamo scritto guardando come lavorano le squadre che stanno aperte tutto il giorno, non copiando altri programmi.

Dieci minuti in videochiamata, quando volete.","Bergamo, podomedicalcenter.it, info@podomedicalcenter.it. Dott.ssa Cugini e Dott. Preda. 795 follower, 213 post.",2026-09-13-instagram-denkishift-lombardia.csv,denkishift,,
@ledaclinic.bergamo,Leda Clinic,Bergamo (BG),Poliambulatorio,318,T,"cercato «poliambulatorio bergamo» nella ricerca di Instagram → profilo aperto e letto il 12/9: Bergamo, Borgo Palazzo, leda-clinic, 50 post · [verifica-turni] poliambulatorio e medicina biointegrata in Borgo Palazzo con piu' servizi sul sito: professionisti che si alternano negli stessi spazi",,,"Buongiorno, sono Patrick Sappa, DenkiCode, software house a Seveso.

Ho visto il profilo di Leda Clinic, in Borgo Palazzo. Con più professionisti che usano le stesse stanze, gli orari si incrociano. Oggi chi tiene il calendario di chi c'è?

Abbiamo fatto un programma che fa una cosa. Costruisce il mese una volta e lo manda sul telefono di ognuno. Quando uno si dà malato, vi dice subito chi può coprire. Non vi chiedo di cambiare niente adesso: se dopo dieci minuti non vi convince, avete perso dieci minuti.

Dieci minuti e lo vedete funzionare. Videochiamata, quando avete un momento.","Bergamo, Borgo Palazzo, leda-clinic.com, ledaclinic@gmail.com. Poliambulatorio e medicina biointegrata. 318 follower, 50 post.",2026-09-13-instagram-denkishift-lombardia.csv,denkishift,,
@centrosanitariosangiovanni,Poliambulatorio San Giovanni,Brescia (BS),Poliambulatorio,674,T,"cercato «poliambulatorio brescia» nella ricerca di Instagram → profilo aperto e letto il 12/9: Brescia, centrosangiovanni, 41 post · [verifica-turni] poliambulatorio privato con visite specialistiche e percorsi di prevenzione, prenotazioni dal sito: agenda su piu' specialisti e segreteria da coprire",,,"Buongiorno, sono Patrick Sappa, DenkiCode, una piccola software house a Seveso.

Ho letto il profilo: visite specialistiche e percorsi di prevenzione, con le prenotazioni dal sito. La segreteria deve essere sempre coperta. I turni come li organizzate?

Abbiamo fatto un programma che tiene i turni. Il giro si costruisce una volta sola, poi ognuno se lo guarda sul telefono. Quando salta un turno vi propone chi è libero.

Dieci minuti e vi mostro come funziona. Poi decidete voi.","Brescia, centrosangiovanni.it, amministrazione@centrosangiovanni.it. Poliambulatorio privato. 674 follower, 41 post.",2026-09-13-instagram-denkishift-lombardia.csv,denkishift,,
@veinclinicbrescia,Vein Clinic Brescia,Brescia (BS),Poliambulatorio,2295,T,"cercato «poliambulatorio brescia» nella ricerca di Instagram → profilo aperto e letto il 12/9: Brescia, via Flero 46, info@veinclinicbrescia, 130 post · [verifica-turni] poliambulatorio medico con visite anche in telemedicina: la telemedicina aggiunge fasce fuori dall'orario di ambulatorio",,,"Buongiorno, sono Patrick Sappa, DenkiCode, software house a Seveso.

Ho visto che fate visite anche in telemedicina, oltre a quelle in via Flero. Le due cose non stanno nella stessa fascia oraria. Come tenete insieme i due calendari?

Abbiamo fatto un programma per i turni. Il mese lo costruite una volta, e da lì ognuno vede solo il suo sul telefono. Se uno manca, vi dice chi può coprire senza mandare nessuno in straordinario.

Mi bastano dieci minuti in videochiamata. Se non vi serve, chiuso qui.","Brescia, via Flero 46, info@veinclinicbrescia.com. Poliambulatorio medico, anche telemedicina. 2.295 follower, 130 post.",2026-09-13-instagram-denkishift-lombardia.csv,denkishift,,
@symbolmed,Symbolmed Poliambulatorio,Brescia (BS),Poliambulatorio,322,T,"cercato «poliambulatorio brescia» nella ricerca di Instagram → profilo aperto e letto il 12/9: Brescia, via Cefalonia 55, symbolmed, 64 post · [verifica-turni] quattro branche in bio, medicina estetica, ecografie, endocrinologia e ortopedia, con direttore sanitario dichiarato: specialisti diversi sugli stessi ambulatori",,,"Buongiorno, sono Patrick Sappa, DenkiCode, una piccola software house a Seveso.

Ho letto il profilo: ecografie, endocrinologia, ortopedia, medicina estetica. In via Cefalonia, immagino con gli stessi ambulatori per tutti. Chi decide chi li usa e quando?

Abbiamo fatto un programma per i turni. Il mese si scrive una volta, poi ognuno vede il suo sul telefono. Se salta qualcuno, vi dice chi è libero senza farvi telefonare a tutti. Non vi mando un link e non vi chiedo niente adesso. La prima settimana la costruiamo insieme noi, così vedete se vi torna prima di metterci mano da soli.

Dieci minuti, in videochiamata. Nient'altro.","Brescia, via Cefalonia 55, symbolmed.it. Dir. San. Dott.ssa Alessandra Ranza. 322 follower, 64 post.",2026-09-13-instagram-denkishift-lombardia.csv,denkishift,,
@istituto_biomedico_italiano,Istituto Biomedico Italiano,Pavia (PV),Poliambulatorio,353,T,"cercato «poliambulatorio pavia» nella ricerca di Instagram → profilo aperto e letto il 12/9: Pavia, via Carlo Dossi 11, istitutobiomedico, 367 post · [verifica-turni] struttura sanitaria con centro di ricerca, polo universitario e sala convegni: ambulatori, ricerca e eventi nello stesso edificio vogliono presenze diverse",,,"Buongiorno, sono Patrick Sappa, DenkiCode, software house a Seveso.

Ho visto il profilo, in via Carlo Dossi a Pavia: struttura sanitaria, centro di ricerca e anche sala convegni. Tre cose con tre ritmi. Gli orari del personale chi li tiene?

Abbiamo fatto un programma che fa una cosa. Costruisce il mese una volta e lo manda sul telefono di ognuno. Quando uno si dà malato, vi dice subito chi può coprire.

Ve lo mostro in dieci minuti, in videochiamata, quando vi torna comodo. Un no va benissimo e non vi scrivo più.","Pavia, via Carlo Dossi 11, istitutobiomedico.it. Struttura sanitaria + ricerca + polo universitario + sala convegni. 353 follower, 367 post.",2026-09-13-instagram-denkishift-lombardia.csv,denkishift,,
@polimedical_missaglia,Polimedical Centro Polispecialistico,Missaglia (LC),Poliambulatorio,1068,T,"cercato «centro polispecialistico brescia» nella ricerca di Instagram → profilo aperto e letto il 12/9: Missaglia (LC), via Garibaldi 52, polimedical, 165 post · [verifica-turni] visite specialistiche, diagnostica, fisioterapia e medicina estetica in un'unica sede di paese: pochi spazi e molti professionisti che si alternano",,,"Buongiorno, sono Patrick Sappa, DenkiCode, una piccola software house a Seveso.

Ho letto il profilo, in via Garibaldi a Missaglia: visite, diagnostica, fisioterapia, estetica. Quattro cose in una sede sola. Come decidete chi occupa cosa e quando?

Abbiamo fatto un programma che tiene i turni. Il giro si costruisce una volta sola, poi ognuno se lo guarda sul telefono. Quando salta un turno vi propone chi è libero. L'abbiamo scritto guardando come lavorano le squadre che stanno aperte tutto il giorno, non copiando altri programmi.

Dieci minuti in videochiamata, quando volete.","Missaglia (LC), via Garibaldi 52, polimedical.org. Visite, diagnostica, fisioterapia, medicina estetica. 1.068 follower, 165 post.",2026-09-13-instagram-denkishift-lombardia.csv,denkishift,,
@fargo.centro.medico,FARGO Centro Medico,Varese (VA),Poliambulatorio,802,T,"cercato «centro medico varese» nella ricerca di Instagram → profilo aperto e letto il 12/9: Varese, centromedicofargo@gmail, 30 post · [verifica-turni] centro polispecialistico con attenzione dichiarata ai bambini: la pediatria aggiunge fasce pomeridiane e sabati",,,"Buongiorno, sono Patrick Sappa, DenkiCode, software house a Seveso.

Ho visto il profilo di Fargo, e che tenete un occhio particolare sui bambini. I bambini vengono nel pomeriggio e il sabato, gli adulti no. Come tenete insieme le due cose nel calendario del personale?

Abbiamo fatto un programma per i turni. Il mese lo costruite una volta, e da lì ognuno vede solo il suo sul telefono. Se uno manca, vi dice chi può coprire senza mandare nessuno in straordinario.

Dieci minuti e lo vedete funzionare. Videochiamata, quando avete un momento.","Varese, centromedicofargo@gmail.com. Centro medico polispecialistico, attenzione ai bambini. 802 follower, 30 post.",2026-09-13-instagram-denkishift-lombardia.csv,denkishift,,
@cdsvarese,CDS Centro Medico Dentistico,Varese (VA),Studio dentistico,228,T,"cercato «centro medico varese» nella ricerca di Instagram → profilo aperto e letto il 12/9: Varese, via Severo Piatti 9, 0332, 85 post · [verifica-turni] centro dentistico con prenotazione online e numero fisso: piu' poltrone, assistenti e igienisti che ruotano sulla giornata",,,"Buongiorno, sono Patrick Sappa, DenkiCode, una piccola software house a Seveso.

Ho visto il profilo, in via Severo Piatti a Varese. In uno studio con più poltrone gli assistenti e gli igienisti si incastrano a mano. Da voi come funziona adesso?

Abbiamo fatto un programma per i turni. Il mese si scrive una volta, poi ognuno vede il suo sul telefono. Se salta qualcuno, vi dice chi è libero senza farvi telefonare a tutti.

Dieci minuti e vi mostro come funziona. Poi decidete voi.","Varese, via Severo Piatti 9, 0332.225751, info@centrodentisticocds.it. 228 follower, 85 post.",2026-09-13-instagram-denkishift-lombardia.csv,denkishift,,
@panificio_testa_treviglio,Panificio Testa,Treviglio (BG),Panificio con laboratorio,3761,T,"cercato «panificio treviglio» nella ricerca di Instagram → profilo aperto e letto il 12/9: Treviglio (BG), via Zara 2/4, 0363 49576, panificiotesta@yahoo, 278 post · [verifica-turni] la bio dice «ogni notte dal 1954» e l'orario e' spezzato, 7:30-13:00 e 16:00-19:30: lavorazione notturna piu' due aperture, sono tre fasce diverse nella stessa giornata",,,"Buongiorno, sono Patrick Sappa, DenkiCode, una piccola software house a Seveso.

Sul profilo c'è scritto «ogni notte dal 1954», e il negozio è aperto mattina e pomeriggio. Chi impasta di notte e chi vende di giorno non sono gli stessi. Come mettete in fila i turni?

Abbiamo fatto un programma che fa una cosa. Costruisce il mese una volta e lo manda sul telefono di ognuno. Quando uno si dà malato, vi dice subito chi può coprire.

Mi bastano dieci minuti in videochiamata. Se non vi serve, chiuso qui.","Treviglio (BG), via Zara 2/4, 0363 49576, panificiotesta@yahoo.it. «Ogni notte dal 1954». Orari 7:30-13:00 e 16:00-19:30. 3.761 follower, 278 post.",2026-09-13-instagram-denkishift-lombardia.csv,denkishift,,
@panificiolongonicarate,Panificio Fratelli Longoni,Carate Brianza (MB),Panificio con laboratorio,3482,T,"cercato «panificio brianza» nella ricerca di Instagram → profilo aperto e letto il 12/9: Carate Brianza (MB), fratellilongoni, 402 post · [verifica-turni] la bio dichiara due cose insieme, «non spegnere mai il forno» e «aperti 7 su 7»: forno continuo e sette giorni vogliono squadre che si alternano senza buchi",,,"Buongiorno, sono Patrick Sappa, DenkiCode, una piccola software house a Seveso, a due passi da voi.

Sul profilo scrivete che il forno non lo spegnete mai e che siete aperti sette su sette. Con sette giorni pieni i riposi diventano il problema. Come li assegnate adesso?

Abbiamo fatto un programma che tiene i turni. Il giro si costruisce una volta sola, poi ognuno se lo guarda sul telefono. Quando salta un turno vi propone chi è libero. Non vi mando un link e non vi chiedo niente adesso.

Dieci minuti, in videochiamata. Nient'altro.","Carate Brianza (MB), fratellilongoni.com. «Non spegnere mai il forno», aperti 7 su 7. 3.482 follower, 402 post.",2026-09-13-instagram-denkishift-lombardia.csv,denkishift,,
@panificiofrusconi,Panificio Frusconi,Milano (MI),Panificio e catering,4932,T,"cercato «panificio milano» nella ricerca di Instagram → profilo aperto e letto il 12/9: Milano, cateringfrusconi, 285 post · [verifica-turni] panificio dal 1968 piu' servizio catering e buffet per eventi privati e aziende: gli eventi mettono personale fuori sede in orari non standard",,,"Buongiorno, sono Patrick Sappa, DenkiCode, software house a Seveso.

Ho visto il profilo: il panificio dal 1968 e in più il catering per eventi. Quando c'è un buffet fuori, chi resta in negozio e chi va all'evento? Come lo decidete?

Abbiamo fatto un programma per i turni. Il mese lo costruite una volta, e da lì ognuno vede solo il suo sul telefono. Se uno manca, vi dice chi può coprire senza mandare nessuno in straordinario.

Ve lo mostro in dieci minuti, in videochiamata, quando vi torna comodo. Un no va benissimo e non vi scrivo più.","Milano, cateringfrusconi.com, info@panificiofrusconi.com. Panificio dal 1968 + buffet e catering per eventi privati e aziende. 4.932 follower, 285 post.",2026-09-13-instagram-denkishift-lombardia.csv,denkishift,,
@lissana.panificiomilano,Panificio Lissana,Milano (MI),Panificio con laboratorio,2568,T,"cercato «panificio milano» nella ricerca di Instagram → profilo aperto e letto il 12/9: Milano, viale Argonne 48 e piazzale Gorini 9, lissana, 1184 post · [verifica-turni] due indirizzi dichiarati in bio, viale Argonne 48 e piazzale Gorini 9, piu' consegne su Glovo e Deliveroo: due punti vendita da coprire e le consegne in piu'",,,"Buongiorno, sono Patrick Sappa, DenkiCode, una piccola software house a Seveso.

Ho visto che avete due punti, Argonne e Gorini. Più le consegne su Glovo e Deliveroo. Due negozi da coprire: come costruite la settimana?

Abbiamo fatto un programma per i turni. Il mese si scrive una volta, poi ognuno vede il suo sul telefono. Se salta qualcuno, vi dice chi è libero senza farvi telefonare a tutti. L'abbiamo scritto guardando come lavorano le squadre che stanno aperte tutto il giorno, non copiando altri programmi.

Dieci minuti in videochiamata, quando volete.","Milano, viale Argonne 48 e piazzale Gorini 9, lissana.com. Panificio, pasticceria, caffetteria, Glovo e Deliveroo. 2.568 follower, 1.184 post.",2026-09-13-instagram-denkishift-lombardia.csv,denkishift,,
@panificiopasticceriamaffia,Maffia Pane e Pasticceria,Olgiate Comasco (CO),Panificio con laboratorio,3061,T,"cercato «panificio pasticceria milano» nella ricerca di Instagram → profilo aperto e letto il 12/9: Olgiate Comasco (CO), maffia1957, 196 post · [verifica-turni] la bio dice «nei nostri negozi» al plurale e copre l'arco dalla colazione all'aperitivo: piu' punti vendita e una giornata lunga da presidiare",,,"Buongiorno, sono Patrick Sappa, DenkiCode, software house a Seveso.

Ho letto il profilo: dalla colazione all'aperitivo, e più di un negozio. Una giornata così lunga non la copre un turno solo. Oggi come dividete le fasce fra le persone?

Abbiamo fatto un programma che fa una cosa. Costruisce il mese una volta e lo manda sul telefono di ognuno. Quando uno si dà malato, vi dice subito chi può coprire. Se mi dite che il sistema che avete adesso funziona meglio del nostro me lo scrivo, perché mi serve saperlo.

Dieci minuti e lo vedete funzionare. Videochiamata, quando avete un momento.","Olgiate Comasco (CO), maffia1957.it, info@maffia1957.it. Pane, colazioni, pasticceria, aperitivo, più negozi. 3.061 follower, 196 post.",2026-09-13-instagram-denkishift-lombardia.csv,denkishift,,
@armagnimilano,Pasticceria Panetteria Armagni,Milano (MI),Panificio con laboratorio,789,T,"cercato «panetteria milano» nella ricerca di Instagram → profilo aperto e letto il 12/9: Milano, armagnimilano, 297 post · [verifica-turni] orario dichiarato 07:00-19:30 dal lunedi' al sabato piu' la domenica mattina, e in piu' gli aperitivi: dodici ore e mezza al giorno non stanno in un turno",,,"Buongiorno, sono Patrick Sappa, DenkiCode, una piccola software house a Seveso.

Sul profilo ho letto gli orari: dalle sette alle diciannove e mezza, e anche la domenica mattina. Sono dodici ore al giorno da coprire. Chi fa il giro dei turni, e su cosa?

Abbiamo fatto un programma che tiene i turni. Il giro si costruisce una volta sola, poi ognuno se lo guarda sul telefono. Quando salta un turno vi propone chi è libero.

Dieci minuti e vi mostro come funziona. Poi decidete voi.","Milano, armagnimilano.it, armagnimilano@gmail.com. Lun-sab 07:00-19:30, domenica 08:00-13:00, aperitivi. 789 follower, 297 post.",2026-09-13-instagram-denkishift-lombardia.csv,denkishift,,
@panificio.vita,Panificio Vita,Milano (MI),Panificio con laboratorio,216,T,"cercato «panificio milano» nella ricerca di Instagram → profilo aperto e letto il 12/9: Milano, dal 1996, 355 post · [verifica-turni] orario spezzato dichiarato in bio, 07:00-14:00 e 16:00-19:30, attivo dal 1996: la chiusura di mezzogiorno significa due turni distinti",,,"Buongiorno, sono Patrick Sappa, DenkiCode, software house a Seveso.

Ho visto l'orario sul profilo: aprite la mattina, chiudete a mezzogiorno e riaprite nel pomeriggio. Due fasce vogliono due squadre, o la stessa gente che torna. Come lo gestite?

Abbiamo fatto un programma per i turni. Il mese lo costruite una volta, e da lì ognuno vede solo il suo sul telefono. Se uno manca, vi dice chi può coprire senza mandare nessuno in straordinario.

Mi bastano dieci minuti in videochiamata. Se non vi serve, chiuso qui.","Milano, dal 1996. Orari 07:00-14:00 e 16:00-19:30. 216 follower, 355 post.",2026-09-13-instagram-denkishift-lombardia.csv,denkishift,,
@panificiocomotti,Comotti Dolci e Caffé,Bolgare (BG),Panificio con laboratorio,1540,T,"cercato «panificio como» nella ricerca di Instagram → profilo aperto e letto il 12/9: Bolgare (BG), comottignb@gmail, 199 post · [verifica-turni] pasticceria e caffetteria insieme con 199 post dal laboratorio: il laboratorio parte prima dell'apertura del bar",,,"Buongiorno, sono Patrick Sappa, DenkiCode, una piccola software house a Seveso.

Ho visto il profilo: pasticceria e caffetteria nello stesso posto. Chi sta in laboratorio comincia molto prima di chi apre il bar. Come tenete insieme i due orari?

Abbiamo fatto un programma per i turni. Il mese si scrive una volta, poi ognuno vede il suo sul telefono. Se salta qualcuno, vi dice chi è libero senza farvi telefonare a tutti. Non vi mando un link e non vi chiedo niente adesso.

Dieci minuti, in videochiamata. Nient'altro.","Bolgare (BG), comottignb@gmail.com. Pasticceria e caffetteria. 1.540 follower, 199 post.",2026-09-13-instagram-denkishift-lombardia.csv,denkishift,,
@vaccani_lecco,Panificio Vaccani,Lecco (LC),Panificio con laboratorio,545,T,"cercato «panificio lecco» nella ricerca di Instagram → profilo aperto e letto il 12/9: Lecco, via Roma 70 e via Belfiore 13, vaccani, 107 post · [verifica-turni] due indirizzi a Lecco in bio, via Roma 70 e via Belfiore 13, con pasticceria, pinseria e caffetteria: due negozi e tre lavorazioni",,,"Buongiorno, sono Patrick Sappa, DenkiCode, software house a Seveso.

Ho visto che avete due punti a Lecco, in via Roma e in via Belfiore. Più la pinseria, più la caffetteria. Chi mette insieme chi sta dove?

Abbiamo fatto un programma che fa una cosa. Costruisce il mese una volta e lo manda sul telefono di ognuno. Quando uno si dà malato, vi dice subito chi può coprire. Non è un gestionale intero: fa i turni e basta, e questo è anche il motivo per cui costa poco.

Ve lo mostro in dieci minuti, in videochiamata, quando vi torna comodo. Un no va benissimo e non vi scrivo più.","Lecco, via Roma 70 e via Belfiore 13, vaccani.eu. Panetteria dal 1906, pasticceria, pinseria, caffetteria. 545 follower, 107 post.",2026-09-13-instagram-denkishift-lombardia.csv,denkishift,,
@pancecco,Panificio Pancecco,Desio (MB),Panificio con laboratorio,3060,T,"cercato «panificio desio» nella ricerca di Instagram → profilo aperto e letto il 12/9: Desio (MB), via Lampugnani 3/5, 269 post · [verifica-turni] la bio elenca quattro lavorazioni, panificio, pasticceria, romane e lievitati artigianali: i lievitati vogliono tempi lunghi e presenza fuori orario di vendita",,,"Buongiorno, sono Patrick Sappa, DenkiCode, una piccola software house a Seveso, vicino a voi.

Ho visto il profilo: panificio, pasticceria, romane e lievitati. I lievitati non aspettano l'orario di apertura. Chi c'è in laboratorio quando il negozio è chiuso, e come lo decidete?

Abbiamo fatto un programma che tiene i turni. Il giro si costruisce una volta sola, poi ognuno se lo guarda sul telefono. Quando salta un turno vi propone chi è libero. L'abbiamo scritto guardando come lavorano le squadre che stanno aperte tutto il giorno, non copiando altri programmi.

Dieci minuti in videochiamata, quando volete.","Desio (MB), via Lampugnani 3/5. Panificio, pasticceria, pizza romana, lievitati artigianali. 3.060 follower, 269 post.",2026-09-13-instagram-denkishift-lombardia.csv,denkishift,,
@panificio_brescianini,Panificio e Caffetteria Brescianini,Brescia (BS),Panificio con laboratorio,279,T,"cercato «panificio brescia» nella ricerca di Instagram → profilo aperto e letto il 12/9: Brescia, 22 post · [verifica-turni] panificio dal 1967 che in bio dichiara anche la caffetteria: il banco del bar e il forno hanno orari di inizio diversi",,,"Buongiorno, sono Patrick Sappa, DenkiCode, software house a Seveso.

Ho letto il profilo: dal 1967, e non solo panificio ma anche caffetteria. Chi impasta e chi sta al banco del bar non cominciano alla stessa ora. Come organizzate le presenze?

Abbiamo fatto un programma per i turni. Il mese lo costruite una volta, e da lì ognuno vede solo il suo sul telefono. Se uno manca, vi dice chi può coprire senza mandare nessuno in straordinario.

Dieci minuti e lo vedete funzionare. Videochiamata, quando avete un momento.","Brescia. Panificio dal 1967 con caffetteria. 279 follower, 22 post.",2026-09-13-instagram-denkishift-lombardia.csv,denkishift,,
@panificiomarini,Panificio Marini,Brescia (BS),Panificio con laboratorio,227,T,"cercato «panificio brescia» nella ricerca di Instagram → profilo aperto e letto il 12/9: Brescia, 34 post · [verifica-turni] panificio attivo dal 1958 con 34 post di lavorazione: attivita' storica con produzione quotidiana che parte prima dell'apertura",,,"Buongiorno, sono Patrick Sappa, DenkiCode, una piccola software house a Seveso.

Ho visto il profilo: dal 1958 a Brescia. In un panificio la giornata comincia di notte e finisce la sera. I turni di chi impasta e di chi vende chi li scrive?

Abbiamo fatto un programma per i turni. Il mese si scrive una volta, poi ognuno vede il suo sul telefono. Se salta qualcuno, vi dice chi è libero senza farvi telefonare a tutti.

Dieci minuti e vi mostro come funziona. Poi decidete voi.","Brescia. Panificio dal 1958. 227 follower, 34 post.",2026-09-13-instagram-denkishift-lombardia.csv,denkishift,,
@panificio_lorusso_varese,Panificio Pasticceria Lorusso,Varese (VA),Panificio con laboratorio,577,T,"cercato «panificio varese» nella ricerca di Instagram → profilo aperto e letto il 12/9: Varese, 0332-282109, panificio, 15 post · [verifica-turni] panificio con pasticceria e numero fisso in bio: due lavorazioni distinte, forno e pasticceria, con avvio in ore diverse",,,"Buongiorno, sono Patrick Sappa, DenkiCode, software house a Seveso.

Ho visto il profilo: panificio e pasticceria insieme, a Varese. Il forno e la pasticceria partono a ore diverse. Chi sta su cosa, in che giorno, come lo mettete in fila?

Abbiamo fatto un programma per i turni. Il mese una volta, poi ognuno vede il suo sul telefono. Quando uno si dà malato vi dice subito chi può coprire, anche se il laboratorio ha già chiuso e non c'è nessuno da chiamare. Niente link.

Mi bastano dieci minuti in videochiamata. Se non vi serve, chiuso qui.","Varese, 0332-282109, panificio.lorusso.varese@gmail.com. Panificio e pasticceria. 577 follower, 15 post.",2026-09-13-instagram-denkishift-lombardia.csv,denkishift,,
@_nailsbyfrances_,Nails by Frances,Desenzano del Garda (BS),Nail,503,1,"cercato «nails desenzano» nella ricerca di Instagram → profilo aperto e letto il 12/9, 255 post · [verifica-sito] motori «""Nails by Frances"" Desenzano del Garda»: 1 risultati · domini: nessuno risponde · directory: instagram.com",,,"Buongiorno, sono Patrick Sappa. Ho una piccola software house a Seveso, DenkiCode.

Ho guardato il profilo di Nails by Frances. Su Google non compare un suo sito: c'è Instagram, ci sono le schede degli altri, ma un sito suo no. Lavora dentro un altro studio, Aesthetic Design, e il nome suo non ha una pagina propria.

Le sue foto erano già metà del lavoro, l'altra metà l'ho fatta io. La bozza del suo sito è già pronta, con le sue immagini e il suo nome. Non deve scrivere niente e non deve mandarmi niente.

La guarda con calma. Se non le piace me lo dice e non ci sentiamo più: non le costa un euro.

Gliela mando?","Desenzano del Garda (BS). Lavora dentro un altro studio, aesthetic design, e il nome suo non ha una pagina propria. 503 follower, 255 post. Trovata cercando «nails desenzano» su Instagram.",2026-09-13-instagram-siti-brescia.csv,siti,,
@beautyewaxbrescia,Beauty e Wax,Brescia (BS),Estetica,4596,1,"cercato «centro estetico brescia» nella ricerca di Instagram → profilo aperto e letto il 12/9, 956 post · [verifica-sito] motori «""Beauty e Wax"" Brescia»: 0 risultati · domini: beautywax.com (parcheggiato, indovinato); beautywax.net (vivo, indovinato: BeautyWax.net is for sale | HugeDomains); beauty-wax.com (vivo, indovinato: Web Server's Default Page) — beautywax.net è un dominio in vendita su HugeDomains e beauty-wax.com è la pagina di default di un server: altra attività, non è di questo centro",,,"Buongiorno, sono Patrick Sappa, DenkiCode, una piccola software house a Seveso.

Ho guardato il profilo di Beauty e Wax. Su Google non compare un suo sito: c'è Instagram, ci sono le schede degli altri, ma un sito suo no. 4.596 follower e 956 post per un centro in piazza Almici, senza un sito dove finiscano.

Le sue foto erano già metà del lavoro, l'altra metà l'ho fatta io. La bozza del suo sito è già pronta, con le sue immagini e il suo nome. Non deve scrivere niente e non deve mandarmi niente.

La guarda con calma. Se non le piace me lo dice e non ci sentiamo più: non le costa un euro.

Gliela mando?","Brescia (BS). 4.596 follower e 956 post per un centro in piazza almici, senza un sito dove finiscano. 4596 follower, 956 post. Trovata cercando «centro estetico brescia» su Instagram.",2026-09-13-instagram-siti-brescia.csv,siti,,
@brescia_unghie,Brescia Unghie,Brescia (BS),Nail,1724,1,"cercato «unghie brescia» nella ricerca di Instagram → profilo aperto e letto il 12/9, 59 post · [verifica-sito] motori «""Brescia Unghie"" Brescia»: 0 risultati · domini: nessuno risponde",,,"Buongiorno, sono Patrick Sappa. Faccio siti e gestionali, ho una piccola software house a Seveso.

Ho guardato il profilo di Brescia Unghie. Su Google non compare un suo sito: c'è Instagram, ci sono le schede degli altri, ma un sito suo no. Il nome del profilo è la ricerca che fa la gente, e chi cerca «unghie Brescia» su Google non vi trova.

Le sue foto erano già metà del lavoro, l'altra metà l'ho fatta io. La bozza del suo sito è già pronta, con le sue immagini e il suo nome. Non deve scrivere niente e non deve mandarmi niente.

La guarda con calma. Se non le piace me lo dice e non ci sentiamo più: non le costa un euro.

Gliela giro qui?","Brescia (BS). Il nome del profilo e' la ricerca che fa la gente, e chi cerca «unghie brescia» su google non vi trova. 1724 follower, 59 post. Trovata cercando «unghie brescia» su Instagram.",2026-09-13-instagram-siti-brescia.csv,siti,,
@brows_nails_it,Nail Artist Darfo,Darfo Boario Terme (BS),Nail,326,1,"cercato «nails darfo» nella ricerca di Instagram → profilo aperto e letto il 12/9, 672 post · [verifica-sito] motori «""Nail Artist Darfo"" Darfo Boario Terme»: 0 risultati · domini: nessuno risponde",,,"Buongiorno, sono Patrick Sappa. Ho una piccola software house a Seveso, DenkiCode.

Ho guardato il profilo di Nail Artist Darfo. Su Google non compare un suo sito: c'è Instagram, ci sono le schede degli altri, ma un sito suo no. 672 post di lavori fatti, e nessun posto dove uno li veda tutti insieme.

Le sue foto erano già metà del lavoro, l'altra metà l'ho fatta io. La bozza del suo sito è già pronta, con le sue immagini e il suo nome. Non deve scrivere niente e non deve mandarmi niente.

La guarda con calma. Se non le piace me lo dice e non ci sentiamo più: non le costa un euro.

Le va se gliela mando qui?","Darfo Boario Terme (BS). 672 post di lavori fatti, e nessun posto dove uno li veda tutti insieme. 326 follower, 672 post. Trovata cercando «nails darfo» su Instagram.",2026-09-13-instagram-siti-brescia.csv,siti,,
@camynailsmontichiari,Camy Shine Nails,Montichiari (BS),Nail,238,1,"cercato «nails montichiari» nella ricerca di Instagram → profilo aperto e letto il 12/9, 183 post · [verifica-sito] motori «""Camy Shine Nails"" Montichiari»: 0 risultati · domini: nessuno risponde",,,"Buongiorno, sono Patrick Sappa, DenkiCode, una piccola software house a Seveso.

Ho guardato il profilo di Camy Shine Nails. Su Google non compare un suo sito: c'è Instagram, ci sono le schede degli altri, ma un sito suo no. Quattro servizi in bio e il paese scritto, ma per prenotare bisogna passare da qui.

Le sue foto erano già metà del lavoro, l'altra metà l'ho fatta io. La bozza del suo sito è già pronta, con le sue immagini e il suo nome. Non deve scrivere niente e non deve mandarmi niente.

La guarda con calma. Se non le piace me lo dice e non ci sentiamo più: non le costa un euro.

Gliela mando, la guarda quando ha tempo?","Montichiari (BS). Quattro servizi in bio e il paese scritto, ma per prenotare bisogna passare da qui. 238 follower, 183 post. Trovata cercando «nails montichiari» su Instagram.",2026-09-13-instagram-siti-brescia.csv,siti,,
@celli.nails.desenzano,Celeste De Pieri Nail Artist,Desenzano del Garda (BS),Nail,326,1,"cercato «nails desenzano» nella ricerca di Instagram → profilo aperto e letto il 12/9, 56 post · [verifica-sito] motori «""Celeste De Pieri Nail Artist"" Desenzano del Garda»: 0 risultati · domini: nessuno risponde",,,"Buongiorno, sono Patrick Sappa. Faccio siti e gestionali, ho una piccola software house a Seveso.

Ho guardato il profilo di Celeste De Pieri Nail Artist. Su Google non compare un suo sito: c'è Instagram, ci sono le schede degli altri, ma un sito suo no. Lavora dentro Don't Panic Tattoo Studio. Chi la cerca trova il nome dello studio, non il suo.

Le sue foto erano già metà del lavoro, l'altra metà l'ho fatta io. La bozza del suo sito è già pronta, con le sue immagini e il suo nome. Non deve scrivere niente e non deve mandarmi niente.

La guarda con calma. Se non le piace me lo dice e non ci sentiamo più: non le costa un euro.

Gliela mando?","Desenzano del Garda (BS). Lavora dentro don't panic tattoo studio, quindi chi la cerca trova il nome dello studio e non il suo. 326 follower, 56 post. Trovata cercando «nails desenzano» su Instagram.",2026-09-13-instagram-siti-brescia.csv,siti,,
@classika_estetista,Classika Estetista,Brescia (BS),Estetica e nail,965,1,"cercato «onicotecnica brescia» nella ricerca di Instagram → profilo aperto e letto il 12/9, 58 post · [verifica-sito] motori «""Classika Estetista"" Brescia»: 2 risultati · domini: nessuno risponde · directory: instagram.com, aromavero.it",,,"Buongiorno, sono Patrick Sappa. Ho una piccola software house a Seveso, DenkiCode.

Ho guardato il profilo di Classika Estetista. Su Google non compare un suo sito: c'è Instagram, ci sono le schede degli altri, ma un sito suo no. Quattro trattamenti in bio, fra cui l'elettroepilazione definitiva, che è esattamente la cosa che la gente cerca su Google.

Le sue foto erano già metà del lavoro, l'altra metà l'ho fatta io. La bozza del suo sito è già pronta, con le sue immagini e il suo nome. Non deve scrivere niente e non deve mandarmi niente.

La guarda con calma. Se non le piace me lo dice e non ci sentiamo più: non le costa un euro.

Gliela giro qui?","Brescia (BS). Quattro trattamenti in bio, fra cui l'elettroepilazione definitiva, che e' esattamente la cosa che la gente cerca su google. 965 follower, 58 post. Trovata cercando «onicotecnica brescia» su Instagram.",2026-09-13-instagram-siti-brescia.csv,siti,,
@dabonails,Dabo Nails,Rovato (BS),Nail,1014,1,"cercato «nails rovato» nella ricerca di Instagram → profilo aperto e letto il 12/9, 148 post · [verifica-sito] motori «""Dabo Nails"" Rovato»: 0 risultati · domini: nessuno risponde",,,"Buongiorno, sono Patrick Sappa, DenkiCode, una piccola software house a Seveso.

Ho guardato il profilo di Dabo Nails. Su Google non compare un suo sito: c'è Instagram, ci sono le schede degli altri, ma un sito suo no. Onicotecnica dal 2020 e la manicure giapponese in bio, una cosa che pochi fanno e che nessuno trova cercando.

Le sue foto erano già metà del lavoro, l'altra metà l'ho fatta io. La bozza del suo sito è già pronta, con le sue immagini e il suo nome. Non deve scrivere niente e non deve mandarmi niente.

La guarda con calma. Se non le piace me lo dice e non ci sentiamo più: non le costa un euro.

Le va se gliela mando qui?","Rovato (BS). Onicotecnica dal 2020 e la manicure giapponese in bio, una cosa che pochi fanno e che nessuno trova cercando. 1014 follower, 148 post. Trovata cercando «nails rovato» su Instagram.",2026-09-13-instagram-siti-brescia.csv,siti,,
@damian_roxana92,Roxana Unghie Desenzano,Desenzano del Garda (BS),Nail,785,1,"cercato «unghie desenzano» nella ricerca di Instagram → profilo aperto e letto il 12/9, 2697 post · [verifica-sito] motori «""Roxana Unghie Desenzano"" Desenzano del Garda»: 1 risultati · domini: nessuno risponde · directory: facebook.com",,,"Buongiorno, sono Patrick Sappa. Faccio siti e gestionali, ho una piccola software house a Seveso.

Ho guardato il profilo di Roxana Unghie Desenzano. Su Google non compare un suo sito: c'è Instagram, ci sono le schede degli altri, ma un sito suo no. 2.697 post, il numero più alto di tutta la lista, e una bio di tre emoji.

Le sue foto erano già metà del lavoro, l'altra metà l'ho fatta io. La bozza del suo sito è già pronta, con le sue immagini e il suo nome. Non deve scrivere niente e non deve mandarmi niente.

La guarda con calma. Se non le piace me lo dice e non ci sentiamo più: non le costa un euro.

Gliela mando, la guarda quando ha tempo?","Desenzano del Garda (BS). 2.697 post, il numero piu' alto di tutta la lista, e una bio di tre emoji. 785 follower, 2697 post. Trovata cercando «unghie desenzano» su Instagram.",2026-09-13-instagram-siti-brescia.csv,siti,,
@denisazbranca,Denisa Nails,Lumezzane (BS),Nail,427,1,"cercato «nails lumezzane» nella ricerca di Instagram → profilo aperto e letto il 12/9, 204 post · [verifica-sito] motori «""Denisa Nails"" Lumezzane»: 2 risultati · domini: nessuno risponde · directory: instagram.com, facebook.com",,,"Buongiorno, sono Patrick Sappa. Ho una piccola software house a Seveso, DenkiCode.

Ho guardato il profilo di Denisa Nails. Su Google non compare un suo sito: c'è Instagram, ci sono le schede degli altri, ma un sito suo no. Onicotecnica certificata, e la certificazione sta scritta solo in una riga di bio.

Le sue foto erano già metà del lavoro, l'altra metà l'ho fatta io. La bozza del suo sito è già pronta, con le sue immagini e il suo nome. Non deve scrivere niente e non deve mandarmi niente.

La guarda con calma. Se non le piace me lo dice e non ci sentiamo più: non le costa un euro.

Gliela mando?","Lumezzane (BS). Onicotecnica certificata, e la certificazione sta scritta solo in una riga di bio. 427 follower, 204 post. Trovata cercando «nails lumezzane» su Instagram.",2026-09-13-instagram-siti-brescia.csv,siti,,
@dianails_brescia,Diana Brescia Unghie,Brescia (BS),Nail e PMU,2338,1,"cercato «unghie brescia» nella ricerca di Instagram → profilo aperto e letto il 12/9, 223 post · [verifica-sito] motori «""Diana Brescia Unghie"" Brescia»: 2 risultati · domini: nessuno risponde · directory: instagram.com, facebook.com",,,"Buongiorno, sono Patrick Sappa, DenkiCode, una piccola software house a Seveso.

Ho guardato il profilo di Diana Brescia Unghie. Su Google non compare un suo sito: c'è Instagram, ci sono le schede degli altri, ma un sito suo no. In bio c'è l'indirizzo, via Martinengo Cesaresco 12, e anche cosa non fa: niente forma ballerina sulle unghie corte.

Le sue foto erano già metà del lavoro, l'altra metà l'ho fatta io. La bozza del suo sito è già pronta, con le sue immagini e il suo nome. Non deve scrivere niente e non deve mandarmi niente.

La guarda con calma. Se non le piace me lo dice e non ci sentiamo più: non le costa un euro.

Gliela giro qui?","Brescia (BS). In bio c'e' l'indirizzo, via martinengo cesaresco 12, e anche cosa non fa: niente forma ballerina sulle unghie corte. 2338 follower, 223 post. Trovata cercando «unghie brescia» su Instagram.",2026-09-13-instagram-siti-brescia.csv,siti,,
@giorgia.beautystudio,Giorgia Beauty Studio,Brescia (BS),Estetica avanzata,725,1,"cercato «centro estetico brescia» nella ricerca di Instagram → profilo aperto e letto il 12/9, 36 post · [verifica-sito] motori «""Giorgia Beauty Studio"" Brescia»: 5 risultati · domini: nessuno risponde · directory: facebook.com, aromavero.it, informazione-aziende.it, empresite.it",,,"Buongiorno, sono Patrick Sappa. Faccio siti e gestionali, ho una piccola software house a Seveso.

Ho guardato il profilo di Giorgia Beauty Studio. Su Google non compare un suo sito: c'è Instagram, ci sono le schede degli altri, ma un sito suo no. Estetica tradizionale e avanzata, antiaging e rimodellamento: quattro percorsi che vogliono una pagina per essere spiegati.

Le sue foto erano già metà del lavoro, l'altra metà l'ho fatta io. La bozza del suo sito è già pronta, con le sue immagini e il suo nome. Non deve scrivere niente e non deve mandarmi niente.

La guarda con calma. Se non le piace me lo dice e non ci sentiamo più: non le costa un euro.

Le va se gliela mando qui?","Brescia (BS). Estetica tradizionale e avanzata, antiaging e rimodellamento: quattro percorsi che vogliono una pagina per essere spiegati. 725 follower, 36 post. Trovata cercando «centro estetico brescia» su Instagram.",2026-09-13-instagram-siti-brescia.csv,siti,,
@jessica_taiola_nails,Jessica Nails,Lumezzane (BS),Nail,1987,5,"cercato «nails lumezzane» nella ricerca di Instagram → profilo aperto e letto il 12/9, 462 post · [verifica-sito] motori «""Jessica Nails"" Lumezzane»: 3 risultati · domini: jessicanails.com (parcheggiato, indovinato); jessica-nails.ch (parcheggiato, indovinato) · directory: instagram.com, facebook.com, beautypassport.it",,,"Buongiorno, sono Patrick Sappa. Ho una piccola software house a Seveso, DenkiCode.

Ho guardato il profilo di Jessica Nails. Quello che ha non è un sito suo: il link in bio riporta su Instagram stesso. Chi clicca torna da dove è partito.

Le sue foto erano già metà del lavoro, l'altra metà l'ho fatta io. La bozza del suo sito è già pronta, con le sue immagini e il suo nome. Non deve scrivere niente e non deve mandarmi niente.

La guarda con calma. Se non le piace me lo dice e non ci sentiamo più: non le costa un euro.

Gliela mando, la guarda quando ha tempo?","Lumezzane (BS). Il link in bio riporta su instagram stesso, quindi chi clicca torna da dove e' partito. 1987 follower, 462 post. Trovata cercando «nails lumezzane» su Instagram.",2026-09-13-instagram-siti-brescia.csv,siti,,
@nadia_ohmynails,Nadia Natural Nail Artist,Brescia (BS),Nail,1622,1,"cercato «nail artist brescia» nella ricerca di Instagram → profilo aperto e letto il 12/9, 493 post · [verifica-sito] motori «""Nadia Natural Nail Artist"" Brescia»: 0 risultati · domini: nessuno risponde",,,"Buongiorno, sono Patrick Sappa, DenkiCode, una piccola software house a Seveso.

Ho guardato il profilo di Nadia Natural Nail Artist. Su Google non compare un suo sito: c'è Instagram, ci sono le schede degli altri, ma un sito suo no. Fa la manicure russa e il dual form, due tecniche che si cercano per nome, e non c'è una pagina che le spieghi.

Le sue foto erano già metà del lavoro, l'altra metà l'ho fatta io. La bozza del suo sito è già pronta, con le sue immagini e il suo nome. Non deve scrivere niente e non deve mandarmi niente.

La guarda con calma. Se non le piace me lo dice e non ci sentiamo più: non le costa un euro.

Gliela mando?","Brescia (BS). Fa la manicure russa e il dual form, due tecniche che si cercano per nome, e non c'e' una pagina che le spieghi. 1622 follower, 493 post. Trovata cercando «nail artist brescia» su Instagram.",2026-09-13-instagram-siti-brescia.csv,siti,,
@naif_passirano,Naif Centro Estetico,Passirano (BS),Estetica avanzata,693,1,"cercato «centro estetico chiari» nella ricerca di Instagram → profilo aperto e letto il 12/9, 26 post · [verifica-sito] motori «""Naif Centro Estetico"" Passirano»: 2 risultati · domini: nessuno risponde · directory: facebook.com, ufficiocamerale.it",,,"Buongiorno, sono Patrick Sappa. Faccio siti e gestionali, ho una piccola software house a Seveso.

Ho guardato il profilo di Naif Centro Estetico. Su Google non compare un suo sito: c'è Instagram, ci sono le schede degli altri, ma un sito suo no. Due titolari, Federica Passeri e Chiara Paderni, con epilazione laser ed estetica avanzata.

Le sue foto erano già metà del lavoro, l'altra metà l'ho fatta io. La bozza del suo sito è già pronta, con le sue immagini e il suo nome. Non deve scrivere niente e non deve mandarmi niente.

La guarda con calma. Se non le piace me lo dice e non ci sentiamo più: non le costa un euro.

Gliela giro qui?","Passirano (BS). Due titolari, federica passeri e chiara paderni, con epilazione laser ed estetica avanzata. 693 follower, 26 post. Trovata cercando «centro estetico chiari» su Instagram.",2026-09-13-instagram-siti-brescia.csv,siti,,
@nails.by.miicaela,Micaela Pizzi Unghie,Brescia (BS),Nail,567,1,"cercato «nails brescia» nella ricerca di Instagram → profilo aperto e letto il 12/9, 102 post · [verifica-sito] motori «""Micaela Pizzi Unghie"" Brescia»: 0 risultati · domini: nessuno risponde",,,"Buongiorno, sono Patrick Sappa. Ho una piccola software house a Seveso, DenkiCode.

Ho guardato il profilo di Micaela Pizzi Unghie. Su Google non compare un suo sito: c'è Instagram, ci sono le schede degli altri, ma un sito suo no. Lavora in via Flero 46 dentro Be.Long Tattoo Beauty Lab, e chi cerca il suo nome trova quello del lab.

Le sue foto erano già metà del lavoro, l'altra metà l'ho fatta io. La bozza del suo sito è già pronta, con le sue immagini e il suo nome. Non deve scrivere niente e non deve mandarmi niente.

La guarda con calma. Se non le piace me lo dice e non ci sentiamo più: non le costa un euro.

Le va se gliela mando qui?","Brescia (BS). Lavora in via flero 46 dentro be.long tattoo beauty lab, e chi cerca il suo nome trova quello del lab. 567 follower, 102 post. Trovata cercando «nails brescia» su Instagram.",2026-09-13-instagram-siti-brescia.csv,siti,,
@nails.robyy,Roberta Nail Artist,Brescia (BS),Nail,1429,1,"cercato «nail artist brescia» nella ricerca di Instagram → profilo aperto e letto il 12/9, 112 post · [verifica-sito] motori «""Roberta Nail Artist"" Brescia»: 0 risultati · domini: nessuno risponde",,,"Buongiorno, sono Patrick Sappa, DenkiCode, una piccola software house a Seveso.

Ho guardato il profilo di Roberta Nail Artist. Su Google non compare un suo sito: c'è Instagram, ci sono le schede degli altri, ma un sito suo no. Fa anche i corsi, e un corso senza una pagina dove iscriversi si vende solo in chat.

Le sue foto erano già metà del lavoro, l'altra metà l'ho fatta io. La bozza del suo sito è già pronta, con le sue immagini e il suo nome. Non deve scrivere niente e non deve mandarmi niente.

La guarda con calma. Se non le piace me lo dice e non ci sentiamo più: non le costa un euro.

Gliela mando, la guarda quando ha tempo?","Brescia (BS). Fa anche i corsi, e un corso senza una pagina dove iscriversi si vende solo in chat. 1429 follower, 112 post. Trovata cercando «nail artist brescia» su Instagram.",2026-09-13-instagram-siti-brescia.csv,siti,,
@nails_art_by_pinkploy,Nails Art by Pinkploy,Brescia (BS),Nail,828,1,"cercato «nails brescia» nella ricerca di Instagram → profilo aperto e letto il 12/9, 344 post · [verifica-sito] motori «""Nails Art by Pinkploy"" Brescia»: 0 risultati · domini: nessuno risponde",,,"Buongiorno, sono Patrick Sappa. Faccio siti e gestionali, ho una piccola software house a Seveso.

Ho guardato il profilo di Nails Art by Pinkploy. Su Google non compare un suo sito: c'è Instagram, ci sono le schede degli altri, ma un sito suo no. In bio c'è il protocollo di sterilizzazione MOZ, che è un argomento di vendita e sta scritto in una riga.

Le sue foto erano già metà del lavoro, l'altra metà l'ho fatta io. La bozza del suo sito è già pronta, con le sue immagini e il suo nome. Non deve scrivere niente e non deve mandarmi niente.

La guarda con calma. Se non le piace me lo dice e non ci sentiamo più: non le costa un euro.

Gliela mando?","Brescia (BS). In bio c'e' il protocollo di sterilizzazione moz, che e' un argomento di vendita e sta scritto in una riga. 828 follower, 344 post. Trovata cercando «nails brescia» su Instagram.",2026-09-13-instagram-siti-brescia.csv,siti,,
@nails_brescia,Brescia Nails tecnica ucraina,Brescia (BS),Nail,453,1,"cercato «nails brescia» nella ricerca di Instagram → profilo aperto e letto il 12/9, 53 post · [verifica-sito] motori «""Brescia Nails tecnica ucraina"" Brescia»: 0 risultati · domini: nessuno risponde",,,"Buongiorno, sono Patrick Sappa. Ho una piccola software house a Seveso, DenkiCode.

Ho guardato il profilo di Brescia Nails tecnica ucraina. Su Google non compare un suo sito: c'è Instagram, ci sono le schede degli altri, ma un sito suo no. La tecnica ucraina e la laminazione sopracciglia sono due specialità. Stanno scritte mezze in italiano, mezze in cirillico.

Le sue foto erano già metà del lavoro, l'altra metà l'ho fatta io. La bozza del suo sito è già pronta, con le sue immagini e il suo nome. Non deve scrivere niente e non deve mandarmi niente.

La guarda con calma. Se non le piace me lo dice e non ci sentiamo più: non le costa un euro.

Gliela giro qui?","Brescia (BS). La tecnica ucraina e la laminazione sopracciglia sono due specialita', e stanno scritte mezze in italiano e mezze in cirillico. 453 follower, 53 post. Trovata cercando «nails brescia» su Instagram.",2026-09-13-instagram-siti-brescia.csv,siti,,
@nailsbysara2.0,Sara Nails Lumezzane,Lumezzane (BS),Nail,2262,1,"cercato «nails lumezzane» nella ricerca di Instagram → profilo aperto e letto il 12/9, 999 post · [verifica-sito] motori «""Sara Nails Lumezzane"" Lumezzane»: 0 risultati · domini: nessuno risponde",,,"Buongiorno, sono Patrick Sappa, DenkiCode, una piccola software house a Seveso.

Ho guardato il profilo di Sara Nails Lumezzane. Su Google non compare un suo sito: c'è Instagram, ci sono le schede degli altri, ma un sito suo no. 999 post e la specializzazione sul refill slim, che è una nicchia che si cerca per nome.

Le sue foto erano già metà del lavoro, l'altra metà l'ho fatta io. La bozza del suo sito è già pronta, con le sue immagini e il suo nome. Non deve scrivere niente e non deve mandarmi niente.

La guarda con calma. Se non le piace me lo dice e non ci sentiamo più: non le costa un euro.

Le va se gliela mando qui?","Lumezzane (BS). 999 post e la specializzazione sul refill slim, che e' una nicchia che si cerca per nome. 2262 follower, 999 post. Trovata cercando «nails lumezzane» su Instagram.",2026-09-13-instagram-siti-brescia.csv,siti,,
@palomagardone,Paloma Gardone Nail Design,Gardone Val Trompia (BS),Nail,1028,1,"cercato «nails gardone» nella ricerca di Instagram → profilo aperto e letto il 12/9, 16 post · [verifica-sito] motori «""Paloma Gardone Nail Design"" Gardone Val Trompia»: 0 risultati · domini: nessuno risponde",,,"Buongiorno, sono Patrick Sappa. Ho una piccola software house a Seveso, DenkiCode.

Ho guardato il profilo di Paloma Gardone Nail Design. Su Google non compare un suo sito: c'è Instagram, ci sono le schede degli altri, ma un sito suo no. Mille follower e sedici post: il profilo è appena partito e non c'è altro a cui mandare la gente.

Le sue foto erano già metà del lavoro, l'altra metà l'ho fatta io. La bozza del suo sito è già pronta, con le sue immagini e il suo nome. Non deve scrivere niente e non deve mandarmi niente.

La guarda con calma. Se non le piace me lo dice e non ci sentiamo più: non le costa un euro.

Gliela mando?","Gardone Val Trompia (BS). Mille follower e sedici post: il profilo e' appena partito e non c'e' altro a cui mandare la gente. 1028 follower, 16 post. Trovata cercando «nails gardone» su Instagram.",2026-09-13-instagram-siti-brescia.csv,siti,,
@sofi_nailsandbeauty,Sofi Nails and Beauty,Verolanuova (BS),Nail,691,1,"cercato «onicotecnica brescia» nella ricerca di Instagram → profilo aperto e letto il 12/9, 127 post · [verifica-sito] motori «""Sofi Nails and Beauty"" Verolanuova»: 0 risultati · domini: nessuno risponde",,,"Buongiorno, sono Patrick Sappa, DenkiCode, una piccola software house a Seveso.

Ho guardato il profilo di Sofi Nails and Beauty. Su Google non compare un suo sito: c'è Instagram, ci sono le schede degli altri, ma un sito suo no. Lavora solo su appuntamento con il numero in bio, e chi la cerca di sera non trova dove prenotare.

Le sue foto erano già metà del lavoro, l'altra metà l'ho fatta io. La bozza del suo sito è già pronta, con le sue immagini e il suo nome. Non deve scrivere niente e non deve mandarmi niente.

La guarda con calma. Se non le piace me lo dice e non ci sentiamo più: non le costa un euro.

Gliela giro qui?","Verolanuova (BS). Lavora solo su appuntamento con il numero in bio, e chi la cerca di sera non trova dove prenotare. 691 follower, 127 post. Trovata cercando «onicotecnica brescia» su Instagram.",2026-09-13-instagram-siti-brescia.csv,siti,,
@tati_estetista,Tati Estetista,Brescia (BS),Nail e estetica,316,5,"cercato «estetista brescia» nella ricerca di Instagram → profilo aperto e letto il 12/9, 96 post · [verifica-sito] motori «""Tati Estetista"" Brescia»: 0 risultati · domini: nessuno risponde",,,"Buongiorno, sono Patrick Sappa. Faccio siti e gestionali, ho una piccola software house a Seveso.

Ho guardato il profilo di Tati Estetista. Quello che ha non è un sito suo: il link in bio è una pagina Taplink, che è un elenco di bottoni e non un sito suo.

Le sue foto erano già metà del lavoro, l'altra metà l'ho fatta io. La bozza del suo sito è già pronta, con le sue immagini e il suo nome. Non deve scrivere niente e non deve mandarmi niente.

La guarda con calma. Se non le piace me lo dice e non ci sentiamo più: non le costa un euro.

Le va se gliela mando qui?","Brescia (BS). Il link in bio e' una pagina taplink, che e' un elenco di bottoni e non un sito suo. 316 follower, 96 post. Trovata cercando «estetista brescia» su Instagram.",2026-09-13-instagram-siti-brescia.csv,siti,,
@vale_nails_chiari,Valenails,Chiari (BS),Nail,329,5,"cercato «nails chiari» nella ricerca di Instagram → profilo aperto e letto il 12/9, 772 post · [verifica-sito] motori «""Valenails"" Chiari»: 5 risultati · domini: valentinails.blogspot.com (piattaforma: ValeNails ♥); valenails.it (parcheggiato, indovinato); valenails.com (vivo, indovinato: Home - VALE NAILS Campbell) · directory: instagram.com, facebook.com, tiktok.com, booking.page — valenails.com è «VALE NAILS Campbell», California: stesso nome ma altra attività",,,"Buongiorno, sono Patrick Sappa. Ho una piccola software house a Seveso, DenkiCode.

Ho guardato il profilo di Valenails. Quello che ha non è un sito suo: il link in bio apre WhatsApp. Chi vuole solo guardare i prezzi deve scrivere a qualcuno.

Le sue foto erano già metà del lavoro, l'altra metà l'ho fatta io. La bozza del suo sito è già pronta, con le sue immagini e il suo nome. Non deve scrivere niente e non deve mandarmi niente.

La guarda con calma. Se non le piace me lo dice e non ci sentiamo più: non le costa un euro.

Gliela mando, la guarda quando ha tempo?","Chiari (BS). Il link in bio apre whatsapp, quindi chi vuole solo guardare i prezzi deve scrivere a qualcuno. 329 follower, 772 post. Trovata cercando «nails chiari» su Instagram.",2026-09-13-instagram-siti-brescia.csv,siti,,
@vanessa.estetista,Vanessa Estetista,Bovezzo (BS),Estetica,818,1,"cercato «estetista brescia» nella ricerca di Instagram → profilo aperto e letto il 12/9, 41 post · [verifica-sito] motori «""Vanessa Estetista"" Bovezzo»: 2 risultati · domini: nessuno risponde · directory: instagram.com, facebook.com",,,"Buongiorno, sono Patrick Sappa, DenkiCode, una piccola software house a Seveso.

Ho guardato il profilo di Vanessa Estetista. Su Google non compare un suo sito: c'è Instagram, ci sono le schede degli altri, ma un sito suo no. Lavora fra Brescia e Parma, su appuntamento, e due zone senza una pagina sono due volte più difficili da spiegare.

Le sue foto erano già metà del lavoro, l'altra metà l'ho fatta io. La bozza del suo sito è già pronta, con le sue immagini e il suo nome. Non deve scrivere niente e non deve mandarmi niente.

La guarda con calma. Se non le piace me lo dice e non ci sentiamo più: non le costa un euro.

Gliela mando?","Bovezzo (BS). Lavora fra brescia e parma, su appuntamento, e due zone senza una pagina sono due volte piu' difficili da spiegare. 818 follower, 41 post. Trovata cercando «estetista brescia» su Instagram.",2026-09-13-instagram-siti-brescia.csv,siti,,
@j.olga_brescia,J.OLGA Parrucchieri,Brescia (BS),Parrucchieri,9087,1,"cercato «parrucchiere brescia» nella ricerca di Instagram → profilo aperto e letto il 12/9, 1962 post · [verifica-sito] motori «""J.OLGA Parrucchieri"" Brescia»: 3 risultati · domini: brescia.bakeca.it (non risponde) · directory: instagram.com, facebook.com",,,"Buongiorno, sono Patrick Sappa. Faccio siti e gestionali, ho una piccola software house a Seveso.

Ho guardato il profilo di J.OLGA Parrucchieri. Su Google non compare un suo sito: c'è Instagram, ci sono le schede degli altri, ma un sito suo no. 9.087 follower, 1.962 post e il telefono in bio: tutto tranne un posto dove atterri chi cerca «parrucchiere Brescia».

Le sue foto erano già metà del lavoro, l'altra metà l'ho fatta io. La bozza del suo sito è già pronta, con le sue immagini e il suo nome. Non deve scrivere niente e non deve mandarmi niente.

La guarda con calma. Se non le piace me lo dice e non ci sentiamo più: non le costa un euro.

Gliela giro qui?","Brescia (BS). 9.087 follower, 1.962 post e il telefono in bio: tutto tranne un posto dove atterri chi cerca «parrucchiere brescia». 9087 follower, 1962 post. Trovata cercando «parrucchiere brescia» su Instagram.",2026-09-13-instagram-siti-brescia.csv,siti,,
@parrucchierebrescia,FE HAIR,Brescia (BS),Parrucchieri,2050,1,"cercato «parrucchiere brescia» nella ricerca di Instagram → profilo aperto e letto il 12/9, 217 post · [verifica-sito] motori «""FE HAIR"" Brescia»: 5 risultati · domini: brnetwork.eu (vivo: Home - BRnetwork) · directory: instagram.com, localshop24.com, italiarecensioni.com, onebooking.fr",,,"Buongiorno, sono Patrick Sappa. Ho una piccola software house a Seveso, DenkiCode.

Ho guardato il profilo di FE HAIR. Su Google non compare un suo sito: c'è Instagram, ci sono le schede degli altri, ma un sito suo no. Il profilo si chiama come la ricerca, «parrucchiere Brescia», e su Google quella ricerca porta altrove.

Le sue foto erano già metà del lavoro, l'altra metà l'ho fatta io. La bozza del suo sito è già pronta, con le sue immagini e il suo nome. Non deve scrivere niente e non deve mandarmi niente.

La guarda con calma. Se non le piace me lo dice e non ci sentiamo più: non le costa un euro.

Le va se gliela mando qui?","Brescia (BS). Il profilo si chiama come la ricerca, «parrucchiere brescia», e su google quella ricerca porta altrove. 2050 follower, 217 post. Trovata cercando «parrucchiere brescia» su Instagram.",2026-09-13-instagram-siti-brescia.csv,siti,,
@dacciuntaglio_brescia,Dacci un Taglio,Brescia (BS),Parrucchieri,400,5,"cercato «parrucchiere brescia» nella ricerca di Instagram → profilo aperto e letto il 12/9, 72 post · [verifica-sito] motori «""Dacci un Taglio"" Brescia»: 6 risultati · domini: dacciuntaglio.store (vivo); wanderboat.ai (non risponde); dacciuntaglio.it (parcheggiato, indovinato); dacciuntaglio.com (vivo, indovinato) · directory: instagram.com, treatwell.it, facebook.com, italiarecensioni.com — dacciuntaglio.store è un salone di Bareggio (MI), via Milano 81, aperto e letto: stesso nome ma altra attività e diverso indirizzo dal salone di via Chiusure a Brescia",,,"Buongiorno, sono Patrick Sappa, DenkiCode, una piccola software house a Seveso.

Ho guardato il profilo di Dacci un Taglio. Quello che ha non è un sito suo: per prenotare mandate la gente su WhatsApp o su Treatwell, che è la vetrina di Treatwell e non la vostra.

Le sue foto erano già metà del lavoro, l'altra metà l'ho fatta io. La bozza del suo sito è già pronta, con le sue immagini e il suo nome. Non deve scrivere niente e non deve mandarmi niente.

La guarda con calma. Se non le piace me lo dice e non ci sentiamo più: non le costa un euro.

Gliela mando, la guarda quando ha tempo?","Brescia (BS). Per prenotare mandate la gente su whatsapp o su treatwell, che e' la vetrina di treatwell e non la vostra. 400 follower, 72 post. Trovata cercando «parrucchiere brescia» su Instagram.",2026-09-13-instagram-siti-brescia.csv,siti,,
@bossbarberbrescia,Boss Barber Brescia,Brescia (BS),Barber,2134,5,"cercato «barber brescia» nella ricerca di Instagram → profilo aperto e letto il 12/9, 88 post · [verifica-sito] motori «""Boss Barber Brescia"" Brescia»: 1 risultati · domini: nessuno risponde · directory: instagram.com",,,"Buongiorno, sono Patrick Sappa. Ho una piccola software house a Seveso, DenkiCode.

Ho guardato il profilo di Boss Barber Brescia. Quello che ha non è un sito suo: il link in bio è la scheda Google Maps, che mostra dove siete ma non cosa fate.

Le sue foto erano già metà del lavoro, l'altra metà l'ho fatta io. La bozza del suo sito è già pronta, con le sue immagini e il suo nome. Non deve scrivere niente e non deve mandarmi niente.

La guarda con calma. Se non le piace me lo dice e non ci sentiamo più: non le costa un euro.

Gliela giro qui?","Brescia (BS). Il link in bio e' la scheda google maps, che mostra dove siete ma non cosa fate. 2134 follower, 88 post. Trovata cercando «barber brescia» su Instagram.",2026-09-13-instagram-siti-brescia.csv,siti,,
@_iozzi_marta_,Marta Iozzi Lash e Nail,Desenzano del Garda (BS),Nail e ciglia,510,1,"cercato «onicotecnica desenzano» nella ricerca di Instagram → profilo aperto e letto il 12/9, 189 post · [verifica-sito] motori «""Marta Iozzi Lash e Nail"" Desenzano del Garda»: 0 risultati · domini: nessuno risponde",,,"Buongiorno, sono Patrick Sappa, DenkiCode, una piccola software house a Seveso.

Ho guardato il profilo di Marta Iozzi Lash e Nail. Su Google non compare un suo sito: c'è Instagram, ci sono le schede degli altri, ma un sito suo no. Due mestieri in uno, lash maker e onicotecnica, e una bio che non dice dove.

Le sue foto erano già metà del lavoro, l'altra metà l'ho fatta io. La bozza del suo sito è già pronta, con le sue immagini e il suo nome. Non deve scrivere niente e non deve mandarmi niente.

La guarda con calma. Se non le piace me lo dice e non ci sentiamo più: non le costa un euro.

Le va se gliela mando qui?","Desenzano del Garda (BS). Due mestieri in uno, lash maker e onicotecnica, e una bio che non dice dove. 510 follower, 189 post. Trovata cercando «onicotecnica desenzano» su Instagram.",2026-09-13-instagram-siti-brescia.csv,siti,,
@martinanailsboutiqueeacademy,Martina Nails Boutique e Academy,Brescia (BS),Nail,541,5,"cercato «nails salo brescia» nella ricerca di Instagram → profilo aperto e letto il 12/9, 58 post · [verifica-sito] motori «""Martina Nails Boutique e Academy"" Brescia»: 0 risultati · domini: nessuno risponde",,,"Buongiorno, sono Patrick Sappa. Faccio siti e gestionali, ho una piccola software house a Seveso.

Ho guardato il profilo di Martina Nails Boutique e Academy. Quello che ha non è un sito suo: il link in bio apre WhatsApp, e un'academy che vende corsi senza una pagina vende solo a chi scrive.

Le sue foto erano già metà del lavoro, l'altra metà l'ho fatta io. La bozza del suo sito è già pronta, con le sue immagini e il suo nome. Non deve scrivere niente e non deve mandarmi niente.

La guarda con calma. Se non le piace me lo dice e non ci sentiamo più: non le costa un euro.

Gliela mando, la guarda quando ha tempo?","Brescia (BS). Il link in bio apre whatsapp, e un'academy che vende corsi senza una pagina vende solo a chi scrive. 541 follower, 58 post. Trovata cercando «nails salo brescia» su Instagram.",2026-09-13-instagram-siti-brescia.csv,siti,,
@griffe.nails,GRIFFE Salone e Corsi Unghie,Brescia (BS),Nail,2658,5,"cercato «nails salo brescia» nella ricerca di Instagram → profilo aperto e letto il 12/9, 513 post · [verifica-sito] motori «""GRIFFE Salone e Corsi Unghie"" Brescia»: 0 risultati · domini: nessuno risponde",,,"Buongiorno, sono Patrick Sappa. Ho una piccola software house a Seveso, DenkiCode.

Ho guardato il profilo di GRIFFE Salone e Corsi Unghie. Quello che ha non è un sito suo: il link in bio è un Linktree, che è un elenco di bottoni: il metodo Griffe merita più di una riga.

Le sue foto erano già metà del lavoro, l'altra metà l'ho fatta io. La bozza del suo sito è già pronta, con le sue immagini e il suo nome. Non deve scrivere niente e non deve mandarmi niente.

La guarda con calma. Se non le piace me lo dice e non ci sentiamo più: non le costa un euro.

Gliela mando?","Brescia (BS). Il link in bio e' un linktree, che e' un elenco di bottoni: il metodo griffe merita piu' di una riga. 2658 follower, 513 post. Trovata cercando «nails salo brescia» su Instagram.",2026-09-13-instagram-siti-brescia.csv,siti,,
@lashmaker._brescia,Marina Lashmaker,Brescia (BS),Ciglia,1203,1,"cercato «lash maker brescia» nella ricerca di Instagram → profilo aperto e letto il 12/9, 122 post · [verifica-sito] motori «""Marina Lashmaker"" Brescia»: 3 risultati · domini: vk.com (vivo: VK | Benvenuti!) · directory: instagram.com, facebook.com",,,"Buongiorno, sono Patrick Sappa, DenkiCode, una piccola software house a Seveso.

Ho guardato il profilo di Marina Lashmaker. Su Google non compare un suo sito: c'è Instagram, ci sono le schede degli altri, ma un sito suo no. Extension da 1D a 7D e laminazione, in zona Urago Mella: una scala di servizi che si spiega male in bio.

Le sue foto erano già metà del lavoro, l'altra metà l'ho fatta io. La bozza del suo sito è già pronta, con le sue immagini e il suo nome. Non deve scrivere niente e non deve mandarmi niente.

La guarda con calma. Se non le piace me lo dice e non ci sentiamo più: non le costa un euro.

Gliela giro qui?","Brescia (BS). Extension da 1d a 7d e laminazione, in zona urago mella: una scala di servizi che si spiega male in bio. 1203 follower, 122 post. Trovata cercando «lash maker brescia» su Instagram.",2026-09-13-instagram-siti-brescia.csv,siti,,
@laurafranzoni_lashmaker,Laura Franzoni Lash Maker,Brescia (BS),Ciglia,452,1,"cercato «lash maker brescia» nella ricerca di Instagram → profilo aperto e letto il 12/9, 35 post · [verifica-sito] motori «""Laura Franzoni Lash Maker"" Brescia»: 0 risultati · domini: nessuno risponde",,,"Buongiorno, sono Patrick Sappa. Faccio siti e gestionali, ho una piccola software house a Seveso.

Ho guardato il profilo di Laura Franzoni Lash Maker. Su Google non compare un suo sito: c'è Instagram, ci sono le schede degli altri, ma un sito suo no. In bio c'è l'argomento di vendita giusto, quindici minuti risparmiati ogni mattina, e sta in una riga sola.

Le sue foto erano già metà del lavoro, l'altra metà l'ho fatta io. La bozza del suo sito è già pronta, con le sue immagini e il suo nome. Non deve scrivere niente e non deve mandarmi niente.

La guarda con calma. Se non le piace me lo dice e non ci sentiamo più: non le costa un euro.

Le va se gliela mando qui?","Brescia (BS). In bio c'e' l'argomento di vendita giusto, quindici minuti risparmiati ogni mattina, e sta in una riga sola. 452 follower, 35 post. Trovata cercando «lash maker brescia» su Instagram.",2026-09-13-instagram-siti-brescia.csv,siti,,
@extensionciglia_k_brescia,Cristina Chistol Extension Ciglia,Brescia (BS),Ciglia,458,1,"cercato «ciglia brescia» nella ricerca di Instagram → profilo aperto e letto il 12/9, 246 post · [verifica-sito] motori «""Cristina Chistol Extension Ciglia"" Brescia»: 0 risultati · domini: nessuno risponde",,,"Buongiorno, sono Patrick Sappa. Ho una piccola software house a Seveso, DenkiCode.

Ho guardato il profilo di Cristina Chistol Extension Ciglia. Su Google non compare un suo sito: c'è Instagram, ci sono le schede degli altri, ma un sito suo no. Cinque effetti diversi elencati in bio, dal bagnato al colorato, e nessuna foto affiancata che li confronti.

Le sue foto erano già metà del lavoro, l'altra metà l'ho fatta io. La bozza del suo sito è già pronta, con le sue immagini e il suo nome. Non deve scrivere niente e non deve mandarmi niente.

La guarda con calma. Se non le piace me lo dice e non ci sentiamo più: non le costa un euro.

Gliela mando, la guarda quando ha tempo?","Brescia (BS). Cinque effetti diversi elencati in bio, dal bagnato al colorato, e nessuna foto affiancata che li confronti. 458 follower, 246 post. Trovata cercando «ciglia brescia» su Instagram.",2026-09-13-instagram-siti-brescia.csv,siti,,
@extension_ciglia_brescia_,Ciglia Brescia,Brescia (BS),Ciglia,1487,1,"cercato «ciglia brescia» nella ricerca di Instagram → profilo aperto e letto il 12/9, 75 post · [verifica-sito] motori «""Ciglia Brescia"" Brescia»: 1 risultati · domini: heylash.com (vivo: Benvenuta nel mondo di Heylash lash & brow bar)",,,"Buongiorno, sono Patrick Sappa, DenkiCode, una piccola software house a Seveso.

Ho guardato il profilo di Ciglia Brescia. Su Google non compare un suo sito: c'è Instagram, ci sono le schede degli altri, ma un sito suo no. In bio c'è anche il tempo che serve, un'ora e mezzo. È la prima cosa che chiede chi prenota.

Le sue foto erano già metà del lavoro, l'altra metà l'ho fatta io. La bozza del suo sito è già pronta, con le sue immagini e il suo nome. Non deve scrivere niente e non deve mandarmi niente.

La guarda con calma. Se non le piace me lo dice e non ci sentiamo più: non le costa un euro.

Gliela mando?","Brescia (BS). In bio c'e' anche il tempo, un'ora e mezza, che e' la prima cosa che chiede chi prenota. 1487 follower, 75 post. Trovata cercando «ciglia brescia» su Instagram.",2026-09-13-instagram-siti-brescia.csv,siti,,
@anna_ciglia_brescia,Anna Trucco Permanente ed Extension,Brescia (BS),PMU e ciglia,1029,1,"cercato «ciglia brescia» nella ricerca di Instagram → profilo aperto e letto il 12/9, 221 post · [verifica-sito] motori «""Anna Trucco Permanente ed Extension"" Brescia»: 0 risultati · domini: nessuno risponde",,,"Buongiorno, sono Patrick Sappa. Faccio siti e gestionali, ho una piccola software house a Seveso.

Ho guardato il profilo di Anna Trucco Permanente ed Extension. Su Google non compare un suo sito: c'è Instagram, ci sono le schede degli altri, ma un sito suo no. Trucco permanente, extension e corsi da zero: tre cose diverse dentro una bio da quattro righe.

Le sue foto erano già metà del lavoro, l'altra metà l'ho fatta io. La bozza del suo sito è già pronta, con le sue immagini e il suo nome. Non deve scrivere niente e non deve mandarmi niente.

La guarda con calma. Se non le piace me lo dice e non ci sentiamo più: non le costa un euro.

Gliela giro qui?","Brescia (BS). Trucco permanente, extension e corsi da zero: tre cose diverse dentro una bio da quattro righe. 1029 follower, 221 post. Trovata cercando «ciglia brescia» su Instagram.",2026-09-13-instagram-siti-brescia.csv,siti,,
@simonafasci_pmu,Simona Fasci Ricostruzione Sopracciglia,Brescia (BS),PMU,782,1,"cercato «sopracciglia brescia» nella ricerca di Instagram → profilo aperto e letto il 12/9, 31 post · [verifica-sito] motori «""Simona Fasci Ricostruzione Sopracciglia"" Brescia»: 0 risultati · domini: nessuno risponde",,,"Buongiorno, sono Patrick Sappa. Ho una piccola software house a Seveso, DenkiCode.

Ho guardato il profilo di Simona Fasci Ricostruzione Sopracciglia. Su Google non compare un suo sito: c'è Instagram, ci sono le schede degli altri, ma un sito suo no. La promessa in bio è chiara: niente più ore davanti allo specchio. Manca una pagina che la dimostri con i prima e dopo.

Le sue foto erano già metà del lavoro, l'altra metà l'ho fatta io. La bozza del suo sito è già pronta, con le sue immagini e il suo nome. Non deve scrivere niente e non deve mandarmi niente.

La guarda con calma. Se non le piace me lo dice e non ci sentiamo più: non le costa un euro.

Le va se gliela mando qui?","Brescia (BS). La promessa in bio e' chiara, niente piu' ore davanti allo specchio, e non c'e' una pagina che la dimostri con i prima e dopo. 782 follower, 31 post. Trovata cercando «sopracciglia brescia» su Instagram.",2026-09-13-instagram-siti-brescia.csv,siti,,
@nataliia_pmu_brescia,Natalia Cojocaru Dermopigmentista,Brescia (BS),PMU,10227,1,"cercato «pmu brescia» nella ricerca di Instagram → profilo aperto e letto il 12/9, 480 post · [verifica-sito] motori «""Natalia Cojocaru Dermopigmentista"" Brescia»: 0 risultati · domini: nessuno risponde",,,"Buongiorno, sono Patrick Sappa. Faccio siti e gestionali, ho una piccola software house a Seveso.

Ho guardato il profilo di Natalia Cojocaru Dermopigmentista. Su Google non compare un suo sito: c'è Instagram, ci sono le schede degli altri, ma un sito suo no. 10.227 follower e la rimozione dei vecchi lavori col Pigmentkiller, che è la ricerca di chi ha un tatuaggio estetico sbagliato.

Le sue foto erano già metà del lavoro, l'altra metà l'ho fatta io. La bozza del suo sito è già pronta, con le sue immagini e il suo nome. Non deve scrivere niente e non deve mandarmi niente.

La guarda con calma. Se non le piace me lo dice e non ci sentiamo più: non le costa un euro.

Gliela mando?","Brescia (BS). 10.227 follower e la rimozione dei vecchi lavori col pigmentkiller, che e' la ricerca di chi ha un tatuaggio estetico sbagliato. 10227 follower, 480 post. Trovata cercando «pmu brescia» su Instagram.",2026-09-13-instagram-siti-brescia.csv,siti,,
@marye_tattoo,MARYE PMU e Fine Line Tattoo,Rezzato (BS),PMU e tattoo,3439,1,"cercato «pmu brescia» nella ricerca di Instagram → profilo aperto e letto il 12/9, 270 post · [verifica-sito] motori «""MARYE PMU e Fine Line Tattoo"" Rezzato»: 0 risultati · domini: nessuno risponde",,,"Buongiorno, sono Patrick Sappa. Ho una piccola software house a Seveso, DenkiCode.

Ho guardato il profilo di MARYE PMU e Fine Line Tattoo. Su Google non compare un suo sito: c'è Instagram, ci sono le schede degli altri, ma un sito suo no. Due sedi in bio, Rezzato e Puegnago del Garda, con fine line tattoo e trucco permanente insieme.

Le sue foto erano già metà del lavoro, l'altra metà l'ho fatta io. La bozza del suo sito è già pronta, con le sue immagini e il suo nome. Non deve scrivere niente e non deve mandarmi niente.

La guarda con calma. Se non le piace me lo dice e non ci sentiamo più: non le costa un euro.

Gliela giro qui?","Rezzato (BS). Due sedi in bio, rezzato e puegnago del garda, con fine line tattoo e trucco permanente insieme. 3439 follower, 270 post. Trovata cercando «pmu brescia» su Instagram.",2026-09-13-instagram-siti-brescia.csv,siti,,
@alessiacadei_pmu,Alessia Cadei PMU,Brescia (BS),PMU,5044,5,"cercato «pmu brescia» nella ricerca di Instagram → profilo aperto e letto il 12/9, 855 post · [verifica-sito] motori «""Alessia Cadei PMU"" Brescia»: 0 risultati · domini: nessuno risponde",,,"Buongiorno, sono Patrick Sappa, DenkiCode, una piccola software house a Seveso.

Ho guardato il profilo di Alessia Cadei PMU. Quello che ha non è un sito suo: il link in bio apre WhatsApp. Coprite due zone, Brescia e Artogne, che meritano due pagine invece di un numero.

Le sue foto erano già metà del lavoro, l'altra metà l'ho fatta io. La bozza del suo sito è già pronta, con le sue immagini e il suo nome. Non deve scrivere niente e non deve mandarmi niente.

La guarda con calma. Se non le piace me lo dice e non ci sentiamo più: non le costa un euro.

Le va se gliela mando qui?","Brescia (BS). Il link in bio apre whatsapp, e coprite due zone, brescia e artogne, che meritano due pagine e non un numero. 5044 follower, 855 post. Trovata cercando «pmu brescia» su Instagram.",2026-09-13-instagram-siti-brescia.csv,siti,,
@saratruccopermanente,Sara Trucco Permanente,Mazzano (BS),PMU,622,1,"cercato «trucco permanente brescia» nella ricerca di Instagram → profilo aperto e letto il 12/9, 30 post · [verifica-sito] motori «""Sara Trucco Permanente"" Mazzano»: 2 risultati · domini: nessuno risponde · directory: facebook.com, oraridiapertura24.it",,,"Buongiorno, sono Patrick Sappa. Faccio siti e gestionali, ho una piccola software house a Seveso.

Ho guardato il profilo di Sara Trucco Permanente. Su Google non compare un suo sito: c'è Instagram, ci sono le schede degli altri, ma un sito suo no. Sei trattamenti in bio, dalle sopracciglia al microneedling, per un profilo con trenta post.

Le sue foto erano già metà del lavoro, l'altra metà l'ho fatta io. La bozza del suo sito è già pronta, con le sue immagini e il suo nome. Non deve scrivere niente e non deve mandarmi niente.

La guarda con calma. Se non le piace me lo dice e non ci sentiamo più: non le costa un euro.

Gliela mando, la guarda quando ha tempo?","Mazzano (BS). Sei trattamenti in bio, dalle sopracciglia al microneedling, per un profilo con trenta post. 622 follower, 30 post. Trovata cercando «trucco permanente brescia» su Instagram.",2026-09-13-instagram-siti-brescia.csv,siti,,
@saraa_pmuartist,Sara Gabrieli Trucco Permanente,Brescia (BS),PMU e ciglia,3412,1,"cercato «trucco permanente brescia» nella ricerca di Instagram → profilo aperto e letto il 12/9, 80 post · [verifica-sito] motori «""Sara Gabrieli Trucco Permanente"" Brescia»: 0 risultati · domini: nessuno risponde",,,"Buongiorno, sono Patrick Sappa. Ho una piccola software house a Seveso, DenkiCode.

Ho guardato il profilo di Sara Gabrieli Trucco Permanente. Su Google non compare un suo sito: c'è Instagram, ci sono le schede degli altri, ma un sito suo no. Dermopigmentista e lash stylist, con l'academy taggata: tre cose che stanno in tre righe di bio.

Le sue foto erano già metà del lavoro, l'altra metà l'ho fatta io. La bozza del suo sito è già pronta, con le sue immagini e il suo nome. Non deve scrivere niente e non deve mandarmi niente.

La guarda con calma. Se non le piace me lo dice e non ci sentiamo più: non le costa un euro.

Gliela mando?","Brescia (BS). Dermopigmentista e lash stylist, con l'academy taggata: tre cose che stanno in tre righe di bio. 3412 follower, 80 post. Trovata cercando «trucco permanente brescia» su Instagram.",2026-09-13-instagram-siti-brescia.csv,siti,,
@centro_estetico_diamante_blu,Diamante Blu di Giovanna Gipponi,Brescia (BS),Estetica avanzata,4394,1,"cercato «estetica avanzata brescia» nella ricerca di Instagram → profilo aperto e letto il 12/9, 141 post · [verifica-sito] motori «""Diamante Blu di Giovanna Gipponi"" Brescia»: 5 risultati · domini: nessuno risponde · directory: instagram.com, aromavero.it, ufficiocamerale.it, it.near-place.com",,,"Buongiorno, sono Patrick Sappa, DenkiCode, una piccola software house a Seveso.

Ho guardato il profilo di Diamante Blu di Giovanna Gipponi. Su Google non compare un suo sito: c'è Instagram, ci sono le schede degli altri, ma un sito suo no. Il centro è in via Giovanni Chiassi 19, con 4.394 follower. Estetica base e avanzata, donna e uomo.

Le sue foto erano già metà del lavoro, l'altra metà l'ho fatta io. La bozza del suo sito è già pronta, con le sue immagini e il suo nome. Non deve scrivere niente e non deve mandarmi niente.

La guarda con calma. Se non le piace me lo dice e non ci sentiamo più: non le costa un euro.

Gliela giro qui?","Brescia (BS). Centro in via giovanni chiassi 19 con estetica base e avanzata per donna e uomo, e 4.394 follower. 4394 follower, 141 post. Trovata cercando «estetica avanzata brescia» su Instagram.",2026-09-13-instagram-siti-brescia.csv,siti,,
@aestheticdesigndesenzano,Aesthetic Design Studio Estetico,Desenzano del Garda (BS),Nail e ciglia,3899,5,"cercato «nails desenzano» nella ricerca di Instagram → profilo aperto e letto il 12/9, 256 post · [verifica-sito] motori «""Aesthetic Design Studio Estetico"" Desenzano del Garda»: 0 risultati · domini: nessuno risponde",,,"Buongiorno, sono Patrick Sappa. Ho una piccola software house a Seveso, DenkiCode.

Ho guardato il profilo di Aesthetic Design Studio Estetico. Quello che ha non è un sito suo: il link in bio porta su TikTok. L'unico posto dove uno vede i lavori è un altro social.

Le sue foto erano già metà del lavoro, l'altra metà l'ho fatta io. La bozza del suo sito è già pronta, con le sue immagini e il suo nome. Non deve scrivere niente e non deve mandarmi niente.

La guarda con calma. Se non le piace me lo dice e non ci sentiamo più: non le costa un euro.

Gliela mando?","Desenzano del Garda (BS). Il link in bio porta su tiktok, quindi l'unico posto dove uno vede i lavori e' un altro social. 3899 follower, 256 post. Trovata cercando «nails desenzano» su Instagram.",2026-09-13-instagram-siti-brescia.csv,siti,,
@nailsbyaaurora,Aurora Nails,Brescia (BS),Nail,1537,5,"cercato «unghie brescia» nella ricerca di Instagram → profilo aperto e letto il 12/9, 53 post · [verifica-sito] motori «""Aurora Nails"" Brescia»: 7 risultati · domini: amica.it (non risponde); blog.cliomakeup.com (vivo: Homepage » ClioMakeUp Blog / Tutto su Trucco, Bellezza e Makeup ;)); vogue.it (non risponde); bellezza.robadadonne.it (vivo); alfemminile.com (non risponde); auroranails.com (parcheggiato, indovinato); auroranails.ch (vivo, indovinato: Aurora Nails, Nagelstudio in St. Gallen | Maniküre & Pediküre); auroranails.eu (non risponde, indovinato); auroranails.net (vivo, indovinato: auroranails.net); aurora-nails.com (parcheggiato, indovinato) · directory: facebook.com, informazione-aziende.it — auroranails.ch è un Nagelstudio svizzero: stesso nome ma altra attività, e auroranails.com è parcheggiato",,,"Buongiorno, sono Patrick Sappa, DenkiCode, una piccola software house a Seveso.

Ho guardato il profilo di Aurora Nails. Quello che ha non è un sito suo: il link in bio è una pagina Setmore per prenotare, e i prezzi stanno nelle storie in evidenza, che scadono.

Le sue foto erano già metà del lavoro, l'altra metà l'ho fatta io. La bozza del suo sito è già pronta, con le sue immagini e il suo nome. Non deve scrivere niente e non deve mandarmi niente.

La guarda con calma. Se non le piace me lo dice e non ci sentiamo più: non le costa un euro.

Gliela giro qui?","Brescia (BS). Il link in bio e' una pagina setmore per prenotare, e i prezzi stanno nelle storie in evidenza, che scadono. 1537 follower, 53 post. Trovata cercando «unghie brescia» su Instagram.",2026-09-13-instagram-siti-brescia.csv,siti,,
@flowernails.mazzano,Flower Nails,Mazzano (BS),Nail,527,5,"cercato «nails mazzano» nella ricerca di Instagram → profilo aperto e letto il 12/9, 31 post · [verifica-sito] motori «""Flower Nails"" Mazzano»: 3 risultati · domini: flowernails.com (vivo, indovinato: flowernails.com is for sale. Buy it today!); flowernails.eu (non risponde, indovinato); flower-nails.com (non risponde, indovinato) · directory: instagram.com, firmania.it, facebook.com — flowernails.com è un dominio in vendita: stesso nome ma altra attività, e gli altri due non rispondono",,,"Buongiorno, sono Patrick Sappa. Faccio siti e gestionali, ho una piccola software house a Seveso.

Ho guardato il profilo di Flower Nails. Quello che ha non è un sito suo: l'unica pagina che vi nomina è quella del Centro Molinetto, dove siete un negozio in un elenco.

Le sue foto erano già metà del lavoro, l'altra metà l'ho fatta io. La bozza del suo sito è già pronta, con le sue immagini e il suo nome. Non deve scrivere niente e non deve mandarmi niente.

La guarda con calma. Se non le piace me lo dice e non ci sentiamo più: non le costa un euro.

Le va se gliela mando qui?","Mazzano (BS). L'unica pagina che vi nomina e' quella del centro molinetto, dove siete un negozio in un elenco. 527 follower, 31 post. Trovata cercando «nails mazzano» su Instagram.",2026-09-13-instagram-siti-brescia.csv,siti,,
@doppiainvidiabrescia,Doppia Invidia Centro Estetico,Brescia (BS),Estetica e nail,4348,5,"cercato «centro estetico brescia» nella ricerca di Instagram → profilo aperto e letto il 12/9, 558 post · [verifica-sito] motori «""Doppia Invidia Centro Estetico"" Brescia»: 7 risultati · domini: findhealthclinics.org (vivo: FindHealthClinics); tuttiaffari.com (non risponde) · directory: facebook.com, beautynailhairsalons.com, aromavero.it, paginebianche.it",,,"Buongiorno, sono Patrick Sappa. Ho una piccola software house a Seveso, DenkiCode.

Ho guardato il profilo di Doppia Invidia Centro Estetico. Quello che ha non è un sito suo: il link in bio è la scheda Google Maps, e in bio ci sono cinque servizi diversi, dai tatuaggi ai cosmetici.

Le sue foto erano già metà del lavoro, l'altra metà l'ho fatta io. La bozza del suo sito è già pronta, con le sue immagini e il suo nome. Non deve scrivere niente e non deve mandarmi niente.

La guarda con calma. Se non le piace me lo dice e non ci sentiamo più: non le costa un euro.

Gliela mando, la guarda quando ha tempo?","Brescia (BS). Il link in bio e' la scheda google maps, e in bio ci sono cinque servizi diversi, dai tatuaggi ai cosmetici. 4348 follower, 558 post. Trovata cercando «centro estetico brescia» su Instagram.",2026-09-13-instagram-siti-brescia.csv,siti,,
@asiab_lashmaker,Asia B Lash Maker,Brescia (BS),Ciglia,295,1,"cercato «ciglia brescia» nella ricerca di Instagram → profilo aperto e letto il 12/9, 23 post · [verifica-sito] motori «""Asia B Lash Maker"" Brescia»: 0 risultati · domini: nessuno risponde",,,"Buongiorno, sono Patrick Sappa, DenkiCode, una piccola software house a Seveso.

Ho guardato il profilo di Asia B Lash Maker. Su Google non compare un suo sito: c'è Instagram, ci sono le schede degli altri, ma un sito suo no. Fate la laminazione classica e quella coreana, due cose che la gente cerca per nome, e si prenota solo in DM.

Le sue foto erano già metà del lavoro, l'altra metà l'ho fatta io. La bozza del suo sito è già pronta, con le sue immagini e il suo nome. Non deve scrivere niente e non deve mandarmi niente.

La guarda con calma. Se non le piace me lo dice e non ci sentiamo più: non le costa un euro.

Gliela mando?","Brescia (BS). Fate la laminazione classica e quella coreana, due cose che la gente cerca per nome, e si prenota solo in dm. 295 follower, 23 post. Trovata cercando «ciglia brescia» su Instagram.",2026-09-13-instagram-siti-brescia.csv,siti,,
@mary_permanente,Mary Trucco Permanente,Brescia (BS),PMU e tattoo,934,1,"cercato «trucco permanente brescia» nella ricerca di Instagram → profilo aperto e letto il 12/9, 152 post · [verifica-sito] motori «""Mary Trucco Permanente"" Brescia»: 0 risultati · domini: nessuno risponde",,,"Buongiorno, sono Patrick Sappa. Faccio siti e gestionali, ho una piccola software house a Seveso.

Ho guardato il profilo di Mary Trucco Permanente. Su Google non compare un suo sito: c'è Instagram, ci sono le schede degli altri, ma un sito suo no. Tattoo studio e trucco permanente insieme, con un numero di telefono e niente altro.

Le sue foto erano già metà del lavoro, l'altra metà l'ho fatta io. La bozza del suo sito è già pronta, con le sue immagini e il suo nome. Non deve scrivere niente e non deve mandarmi niente.

La guarda con calma. Se non le piace me lo dice e non ci sentiamo più: non le costa un euro.

Gliela giro qui?","Brescia (BS). Tattoo studio e trucco permanente insieme, con un numero di telefono e niente altro. 934 follower, 152 post. Trovata cercando «trucco permanente brescia» su Instagram.",2026-09-13-instagram-siti-brescia.csv,siti,,
@pawashbergamo,PA WASH Bergamo,Bergamo (BG),Autolavaggio,2147,R,"cercato «autolavaggio bergamo» nella ricerca di Instagram → profilo aperto e letto il 12/9, 224 post · [verifica-azienda] aperto 24 ore su 24, sette giorni su sette, con impianto automatico e self service per auto, moto, furgoni e camper: un impianto cosi' vuole manutenzione e presidio",,,"Buongiorno, sono Patrick Sappa, DenkiCode, una piccola software house a Seveso.

Non le vendo niente. Non le chiedo nemmeno un appuntamento. Ho guardato il profilo: aperto 24 ore su 24, sette giorni su sette, con impianto automatico e self service per auto, moto, furgoni e camper.

Stiamo facendo una ricerca sulle aziende di autolavaggio: che programmi usate davvero per ordini, magazzino e turni. E cosa vi tocca ancora rifare a mano due volte.

Sono sei domande, due minuti, ed è anonimo:
https://docs.google.com/forms/d/e/1FAIpQLSe2cCfeAx8IVLRq-ocJe4MUpq43u_1D95IpBPjqOYX-90a9JA/viewform

Quando abbiamo finito il giro le mando quello che è venuto fuori dalle altre aziende della zona. Almeno sa come sono messi gli altri.","Bergamo (BG). Aperto 24 ore su 24, sette giorni su sette, con impianto automatico e self service per auto, moto, furgoni e camper. 2147 follower, 224 post.",2026-09-13-instagram-ricerca-lombardia.csv,ricerca,,
@findpartssrl,Find Parts SRL,Cagno (CO),Ricambi auto,922,R,"cercato «ricambi auto lombardia» nella ricerca di Instagram → profilo aperto e letto il 12/9, 44 post · [verifica-azienda] magazzino proprio con ritiro in sede e ordini pronti entro dieci giorni: c'e' una logistica dietro",,,"Buongiorno, sono Patrick Sappa. Ho una piccola software house a Seveso, si chiama DenkiCode.

Non le vendo niente e non le chiedo un appuntamento. Ho letto il profilo: magazzino proprio con ritiro in sede e ordini pronti entro dieci giorni.

Stiamo facendo una ricerca sulle aziende dei ricambi auto: che programmi usate davvero per ordini, magazzino e turni. E cosa vi tocca ancora rifare a mano due volte.

Sono sei domande, due minuti, ed è anonimo:
https://docs.google.com/forms/d/e/1FAIpQLSe2cCfeAx8IVLRq-ocJe4MUpq43u_1D95IpBPjqOYX-90a9JA/viewform

Finito il giro le giro il riepilogo di cosa hanno risposto le altre aziende qui intorno. Serve più a lei che a me.","Cagno (CO). Magazzino proprio con ritiro in sede e ordini pronti entro dieci giorni. 922 follower, 44 post.",2026-09-13-instagram-ricerca-lombardia.csv,ricerca,,
@ldds.disinfestazioni,LDDS Disinfestazioni,Lumezzane (BS),Disinfestazione,312,R,"cercato «disinfestazione lombardia» nella ricerca di Instagram → profilo aperto e letto il 12/9, 163 post · [verifica-azienda] fa sopralluoghi e interventi su tutta la Lombardia per aziende e privati: squadre che si spostano su commessa",,,"Buongiorno, sono Patrick Sappa della DenkiCode, siamo a Seveso.

Non c'è niente da comprare qui dentro. Nemmeno un appuntamento. Dal profilo si capisce una cosa: fa sopralluoghi e interventi su tutta la Lombardia per aziende e privati.

Stiamo facendo una ricerca sulle aziende di disinfestazione: che programmi usate davvero per ordini, magazzino e turni. E cosa vi tocca ancora rifare a mano due volte.

Sono sei domande, due minuti, ed è anonimo:
https://docs.google.com/forms/d/e/1FAIpQLSe2cCfeAx8IVLRq-ocJe4MUpq43u_1D95IpBPjqOYX-90a9JA/viewform

Quando chiudiamo la raccolta le mando il riassunto delle risposte delle altre aziende della zona.","Lumezzane (BS). Fa sopralluoghi e interventi su tutta la lombardia per aziende e privati. 312 follower, 163 post.",2026-09-13-instagram-ricerca-lombardia.csv,ricerca,,
@carpenteria.milano,Carpenteria Milano,Milano (MI),Carpenteria,270,R,"cercato «carpenteria milano» nella ricerca di Instagram → profilo aperto e letto il 12/9, 61 post · [verifica-azienda] carpenteria attiva dal 1965 a Milano: sessant'anni di officina",,,"Buongiorno, sono Patrick Sappa, DenkiCode, una piccola software house a Seveso.

Non le vendo niente. Non le chiedo nemmeno un appuntamento. Ho guardato il profilo: carpenteria attiva dal 1965 a Milano.

Stiamo facendo una ricerca sulle carpenterie della zona: che programmi usate davvero per ordini, magazzino e turni. E cosa vi tocca ancora rifare a mano due volte.

Sono sei domande, due minuti, ed è anonimo:
https://docs.google.com/forms/d/e/1FAIpQLSe2cCfeAx8IVLRq-ocJe4MUpq43u_1D95IpBPjqOYX-90a9JA/viewform

Alla fine le mando quello che è uscito dalle altre aziende. È il minimo, visto che i due minuti li mette lei.","Milano (MI). Carpenteria attiva dal 1965 a milano. 270 follower, 61 post.",2026-09-13-instagram-ricerca-lombardia.csv,ricerca,,
@carpenteria_metallica_rubini,Carpenteria Metallica Rubini,Barbata (BG),Carpenteria,345,R,"cercato «carpenteria metallica brescia» nella ricerca di Instagram → profilo aperto e letto il 12/9, 339 post · [verifica-azienda] societa' in nome collettivo di due soci con sede in via Fermi 164 a Barbata, attiva dal 1800: officina strutturata con 339 post di lavorazioni",,,"Buongiorno, sono Patrick Sappa. Ho una piccola software house a Seveso, si chiama DenkiCode.

Non le vendo niente e non le chiedo un appuntamento. Ho letto il profilo: società in nome collettivo di due soci con sede in via Fermi 164 a Barbata, attiva dal 1800.

Stiamo facendo una ricerca sulle carpenterie metalliche: che programmi usate davvero per ordini, magazzino e turni. E cosa vi tocca ancora rifare a mano due volte.

Sono sei domande, due minuti, ed è anonimo:
https://docs.google.com/forms/d/e/1FAIpQLSe2cCfeAx8IVLRq-ocJe4MUpq43u_1D95IpBPjqOYX-90a9JA/viewform

Quando abbiamo finito il giro le mando quello che è venuto fuori dalle altre aziende della zona. Almeno sa come sono messi gli altri.","Barbata (BG). Società in nome collettivo di due soci con sede in via fermi 164 a barbata, attiva dal 1800. 345 follower, 339 post.",2026-09-13-instagram-ricerca-lombardia.csv,ricerca,,
@studiotecnico.zanolariccardo,Studio Tecnico Zanola,Montichiari (BS),Studio tecnico,1549,R,"cercato «studio tecnico brescia» nella ricerca di Instagram → profilo aperto e letto il 12/9, 199 post · [verifica-azienda] progetta logistica, industriale e residenziale con scansioni 3D e render: strumentazione e commesse da azienda, non da singolo",,,"Buongiorno, sono Patrick Sappa della DenkiCode, siamo a Seveso.

Non c'è niente da comprare qui dentro. Nemmeno un appuntamento. Dal profilo si capisce una cosa: progetta logistica, industriale e residenziale con scansioni 3D e render.

Stiamo facendo una ricerca sulle studi che progettano capannoni: che programmi usate davvero per ordini, magazzino e turni. E cosa vi tocca ancora rifare a mano due volte.

Sono sei domande, due minuti, ed è anonimo:
https://docs.google.com/forms/d/e/1FAIpQLSe2cCfeAx8IVLRq-ocJe4MUpq43u_1D95IpBPjqOYX-90a9JA/viewform

Finito il giro le giro il riepilogo di cosa hanno risposto le altre aziende qui intorno. Serve più a lei che a me.","Montichiari (BS). Progetta logistica, industriale e residenziale con scansioni 3d e render. 1549 follower, 199 post.",2026-09-13-instagram-ricerca-lombardia.csv,ricerca,,
@azienda_agricola_bergamo,Azienda Agricola Bergamo,Bergamo (BG),Azienda agricola,465,R,"cercato «azienda agricola bergamo» nella ricerca di Instagram → profilo aperto e letto il 12/9, 94 post · [verifica-azienda] azienda agricola con spaccio aperto al pubblico, 94 post di stalla e mezzi ⚠ la bio e' vuota: la zona la dichiara solo il nome del profilo, da confermare aprendo i post",,,"Buongiorno, sono Patrick Sappa, DenkiCode, una piccola software house a Seveso.

Non le vendo niente. Non le chiedo nemmeno un appuntamento. Ho guardato il profilo: azienda agricola con spaccio aperto al pubblico, 94 post di stalla e mezzi.

Stiamo facendo una ricerca sulle aziende agricole con vendita diretta: che programmi usate davvero per ordini, magazzino e turni. E cosa vi tocca ancora rifare a mano due volte.

Sono sei domande, due minuti, ed è anonimo:
https://docs.google.com/forms/d/e/1FAIpQLSe2cCfeAx8IVLRq-ocJe4MUpq43u_1D95IpBPjqOYX-90a9JA/viewform

Quando chiudiamo la raccolta le mando il riassunto delle risposte delle altre aziende della zona.","Bergamo (BG). Azienda agricola con spaccio aperto al pubblico, 94 post di stalla e mezzi. 465 follower, 94 post.",2026-09-13-instagram-ricerca-lombardia.csv,ricerca,,
@aziendaagricolamantovani,Azienda Agricola Mantovani,San Giovanni del Dosso (MN),Azienda agricola,268,R,"cercato «azienda agricola mantova» nella ricerca di Instagram → profilo aperto e letto il 12/9, 82 post · [verifica-azienda] azienda vitivinicola biologica con Lambrusco Mantovano DOC e citazioni su Bibenda e Slow Wine: produzione certificata e vendita",,,"Buongiorno, sono Patrick Sappa. Ho una piccola software house a Seveso, si chiama DenkiCode.

Non le vendo niente e non le chiedo un appuntamento. Ho letto il profilo: azienda vitivinicola biologica con Lambrusco Mantovano DOC e citazioni su Bibenda e Slow Wine.

Stiamo facendo una ricerca sulle aziende agricole con vendita diretta: che programmi usate davvero per ordini, magazzino e turni. E cosa vi tocca ancora rifare a mano due volte.

Sono sei domande, due minuti, ed è anonimo:
https://docs.google.com/forms/d/e/1FAIpQLSe2cCfeAx8IVLRq-ocJe4MUpq43u_1D95IpBPjqOYX-90a9JA/viewform

Alla fine le mando quello che è uscito dalle altre aziende. È il minimo, visto che i due minuti li mette lei.","San Giovanni del Dosso (MN). Azienda vitivinicola biologica con lambrusco mantovano doc e citazioni su bibenda e slow wine. 268 follower, 82 post.",2026-09-13-instagram-ricerca-lombardia.csv,ricerca,,
@fabbro_bergamo,Fabbro Bergamo,Fino Mornasco (CO),Fabbro,2476,R,"cercato «fabbro bergamo» nella ricerca di Instagram → profilo aperto e letto il 12/9, 601 post · [verifica-azienda] pronto intervento e apertura porte con due numeri di reperibilita': servizio su chiamata H24, 601 post di interventi",,,"Buongiorno, sono Patrick Sappa della DenkiCode, siamo a Seveso.

Non c'è niente da comprare qui dentro. Nemmeno un appuntamento. Dal profilo si capisce una cosa: pronto intervento e apertura porte con due numeri di reperibilità.

Stiamo facendo una ricerca sulle officine di fabbri: che programmi usate davvero per ordini, magazzino e turni. E cosa vi tocca ancora rifare a mano due volte.

Sono sei domande, due minuti, ed è anonimo:
https://docs.google.com/forms/d/e/1FAIpQLSe2cCfeAx8IVLRq-ocJe4MUpq43u_1D95IpBPjqOYX-90a9JA/viewform

Quando abbiamo finito il giro le mando quello che è venuto fuori dalle altre aziende della zona. Almeno sa come sono messi gli altri.","Fino Mornasco (CO). Pronto intervento e apertura porte con due numeri di reperibilità. 2476 follower, 601 post.",2026-09-13-instagram-ricerca-lombardia.csv,ricerca,,
@mologni_ferrobattuto,Mologni SNC,Nembro (BG),Fabbro e carpenteria,295,R,"cercato «fabbro bergamo» nella ricerca di Instagram → profilo aperto e letto il 12/9, 80 post · [verifica-azienda] societa' in nome collettivo attiva dal 1980 a Nembro, fa cancelli, ringhiere e recinzioni su misura: laboratorio con lavorazioni proprie",,,"Buongiorno, sono Patrick Sappa, DenkiCode, una piccola software house a Seveso.

Non le vendo niente. Non le chiedo nemmeno un appuntamento. Ho guardato il profilo: società in nome collettivo attiva dal 1980 a Nembro, fa cancelli, ringhiere e recinzioni su ordinazione.

Stiamo facendo una ricerca sulle officine di fabbri: che programmi usate davvero per ordini, magazzino e turni. E cosa vi tocca ancora rifare a mano due volte.

Sono sei domande, due minuti, ed è anonimo:
https://docs.google.com/forms/d/e/1FAIpQLSe2cCfeAx8IVLRq-ocJe4MUpq43u_1D95IpBPjqOYX-90a9JA/viewform

Finito il giro le giro il riepilogo di cosa hanno risposto le altre aziende qui intorno. Serve più a lei che a me.","Nembro (BG). Società in nome collettivo attiva dal 1980 a nembro, fa cancelli, ringhiere e recinzioni su ordinazione. 295 follower, 80 post.",2026-09-13-instagram-ricerca-lombardia.csv,ricerca,,
@brescianifabbro,Bresciani Fabbro,Milano (MI),Fabbro,2163,R,"cercato «fabbro brescia» nella ricerca di Instagram → profilo aperto e letto il 12/9, 624 post · [verifica-azienda] progettazione, produzione, manutenzione ed emergenza H24, con un indirizzo email dedicato ai preventivi: struttura con reparti",,,"Buongiorno, sono Patrick Sappa. Ho una piccola software house a Seveso, si chiama DenkiCode.

Non le vendo niente e non le chiedo un appuntamento. Ho letto il profilo: progettazione, produzione, manutenzione ed emergenza H24, con un indirizzo email dedicato ai preventivi.

Stiamo facendo una ricerca sulle officine di fabbri: che programmi usate davvero per ordini, magazzino e turni. E cosa vi tocca ancora rifare a mano due volte.

Sono sei domande, due minuti, ed è anonimo:
https://docs.google.com/forms/d/e/1FAIpQLSe2cCfeAx8IVLRq-ocJe4MUpq43u_1D95IpBPjqOYX-90a9JA/viewform

Quando chiudiamo la raccolta le mando il riassunto delle risposte delle altre aziende della zona.","Milano (MI). Progettazione, produzione, manutenzione ed emergenza h24, con un indirizzo email dedicato ai preventivi. 2163 follower, 624 post.",2026-09-13-instagram-ricerca-lombardia.csv,ricerca,,
@vetreriabonometti,Vetreria Bonometti,Brescia (BS),Vetreria,580,R,"cercato «vetreria brescia» nella ricerca di Instagram → profilo aperto e letto il 12/9, 483 post · [verifica-azienda] lavora vetrate, box doccia, parapetti e pensiline: lavorazioni su misura che vogliono laboratorio e posa in cantiere",,,"Buongiorno, sono Patrick Sappa della DenkiCode, siamo a Seveso.

Non c'è niente da comprare qui dentro. Nemmeno un appuntamento. Dal profilo si capisce una cosa: lavora vetrate, box doccia, parapetti e pensiline.

Stiamo facendo una ricerca sulle vetrerie della zona: che programmi usate davvero per ordini, magazzino e turni. E cosa vi tocca ancora rifare a mano due volte.

Sono sei domande, due minuti, ed è anonimo:
https://docs.google.com/forms/d/e/1FAIpQLSe2cCfeAx8IVLRq-ocJe4MUpq43u_1D95IpBPjqOYX-90a9JA/viewform

Alla fine le mando quello che è uscito dalle altre aziende. È il minimo, visto che i due minuti li mette lei.","Brescia (BS). Lavora vetrate, box doccia, parapetti e pensiline. 580 follower, 483 post.",2026-09-13-instagram-ricerca-lombardia.csv,ricerca,,
@qdquadro,QD Quadro Vetreria,Milano (MI),Vetreria,303,R,"cercato «vetreria milano» nella ricerca di Instagram → profilo aperto e letto il 12/9, 122 post · [verifica-azienda] cornici su misura, vetri e specchi per casa e ufficio, piu' decorazioni su porcellana e legno: bottega con piu' lavorazioni",,,"Buongiorno, sono Patrick Sappa, DenkiCode, una piccola software house a Seveso.

Non le vendo niente. Non le chiedo nemmeno un appuntamento. Ho guardato il profilo: cornici su ordinazione, vetri, specchi per casa e ufficio. In più le decorazioni su porcellana.

Stiamo facendo una ricerca sulle vetrerie della zona: che programmi usate davvero per ordini, magazzino e turni. E cosa vi tocca ancora rifare a mano due volte.

Sono sei domande, due minuti, ed è anonimo:
https://docs.google.com/forms/d/e/1FAIpQLSe2cCfeAx8IVLRq-ocJe4MUpq43u_1D95IpBPjqOYX-90a9JA/viewform

Quando abbiamo finito il giro le mando quello che è venuto fuori dalle altre aziende della zona. Almeno sa come sono messi gli altri.","Milano (MI). Cornici su ordinazione, vetri e specchi per casa e ufficio, più decorazioni su porcellana e legno. 303 follower, 122 post.",2026-09-13-instagram-ricerca-lombardia.csv,ricerca,,
@la_tipografia_group_brescia,La Tipografia Group,Brescia (BS),Tipografia,2341,R,"cercato «tipografia brescia» nella ricerca di Instagram → profilo aperto e letto il 12/9, 274 post · [verifica-azienda] marchio registrato e quattro linee di servizio, grafica, stampa, web e gadget: struttura con reparti diversi",,,"Buongiorno, sono Patrick Sappa. Ho una piccola software house a Seveso, si chiama DenkiCode.

Non le vendo niente e non le chiedo un appuntamento. Ho letto il profilo: marchio registrato e quattro linee di servizio, grafica, stampa, web e gadget.

Stiamo facendo una ricerca sulle tipografie della zona: che programmi usate davvero per ordini, magazzino e turni. E cosa vi tocca ancora rifare a mano due volte.

Sono sei domande, due minuti, ed è anonimo:
https://docs.google.com/forms/d/e/1FAIpQLSe2cCfeAx8IVLRq-ocJe4MUpq43u_1D95IpBPjqOYX-90a9JA/viewform

Finito il giro le giro il riepilogo di cosa hanno risposto le altre aziende qui intorno. Serve più a lei che a me.","Brescia (BS). Marchio registrato e quattro linee di servizio, grafica, stampa, web e gadget. 2341 follower, 274 post.",2026-09-13-instagram-ricerca-lombardia.csv,ricerca,,
@loretoprint,Loreto Print,Milano (MI),Tipografia,1100,R,"cercato «tipografia milano» nella ricerca di Instagram → profilo aperto e letto il 12/9, 55 post · [verifica-azienda] due punti stampa in citta', in via A. Costa 7 e in piazza 24 Maggio 12, con strutture per fiere e packaging: produzione e logistica su due sedi",,,"Buongiorno, sono Patrick Sappa della DenkiCode, siamo a Seveso.

Non c'è niente da comprare qui dentro. Nemmeno un appuntamento. Dal profilo si capisce una cosa: due punti stampa in città, in via A. Costa 7 e in piazza 24 Maggio 12, con strutture per fiere e packaging.

Stiamo facendo una ricerca sulle tipografie della zona: che programmi usate davvero per ordini, magazzino e turni. E cosa vi tocca ancora rifare a mano due volte.

Sono sei domande, due minuti, ed è anonimo:
https://docs.google.com/forms/d/e/1FAIpQLSe2cCfeAx8IVLRq-ocJe4MUpq43u_1D95IpBPjqOYX-90a9JA/viewform

Quando chiudiamo la raccolta le mando il riassunto delle risposte delle altre aziende della zona.","Milano (MI). Due punti stampa in città, in via a. costa 7 e in piazza 24 maggio 12, con strutture per fiere e packaging. 1100 follower, 55 post.",2026-09-13-instagram-ricerca-lombardia.csv,ricerca,,
@abiciditipografia,ABiCiDi,Milano (MI),Tipografia,737,R,"cercato «tipografia milano» nella ricerca di Instagram → profilo aperto e letto il 12/9, 490 post · [verifica-azienda] tipografia letterpress con 490 post di stampe: macchine proprie e produzione artigianale continua",,,"Buongiorno, sono Patrick Sappa, DenkiCode, una piccola software house a Seveso.

Non le vendo niente. Non le chiedo nemmeno un appuntamento. Ho guardato il profilo: tipografia letterpress con 490 post di stampe.

Stiamo facendo una ricerca sulle tipografie della zona: che programmi usate davvero per ordini, magazzino e turni. E cosa vi tocca ancora rifare a mano due volte.

Sono sei domande, due minuti, ed è anonimo:
https://docs.google.com/forms/d/e/1FAIpQLSe2cCfeAx8IVLRq-ocJe4MUpq43u_1D95IpBPjqOYX-90a9JA/viewform

Alla fine le mando quello che è uscito dalle altre aziende. È il minimo, visto che i due minuti li mette lei.","Milano (MI). Tipografia letterpress con 490 post di stampe. 737 follower, 490 post.",2026-09-13-instagram-ricerca-lombardia.csv,ricerca,,
@frigeriogomme_susa,Frigerio Gomme,Milano (MI),Gommista,1338,R,"cercato «gommista milano» nella ricerca di Instagram → profilo aperto e letto il 12/9, 122 post · [verifica-azienda] attivita' dal 1922 con due numeri fissi e una email di sede: officina storica con piu' persone al banco",,,"Buongiorno, sono Patrick Sappa. Ho una piccola software house a Seveso, si chiama DenkiCode.

Non le vendo niente e non le chiedo un appuntamento. Ho letto il profilo: attività dal 1922 con due numeri fissi e una email di sede.

Stiamo facendo una ricerca sulle gommisti della zona: che programmi usate davvero per ordini, magazzino e turni. E cosa vi tocca ancora rifare a mano due volte.

Sono sei domande, due minuti, ed è anonimo:
https://docs.google.com/forms/d/e/1FAIpQLSe2cCfeAx8IVLRq-ocJe4MUpq43u_1D95IpBPjqOYX-90a9JA/viewform

Quando abbiamo finito il giro le mando quello che è venuto fuori dalle altre aziende della zona. Almeno sa come sono messi gli altri.","Milano (MI). Attività dal 1922 con due numeri fissi e una email di sede. 1338 follower, 122 post.",2026-09-13-instagram-ricerca-lombardia.csv,ricerca,,
@autolavaggioadomiciliobrescia,Autolavaggio a Domicilio Brescia,Brescia (BS),Autolavaggio,287,R,"cercato «autolavaggio brescia» nella ricerca di Instagram → profilo aperto e letto il 12/9, 37 post · [verifica-azienda] lavaggio ecologico a secco che va dal cliente, per privati e aziende: mezzi e operatori che girano su appuntamento",,,"Buongiorno, sono Patrick Sappa della DenkiCode, siamo a Seveso.

Non c'è niente da comprare qui dentro. Nemmeno un appuntamento. Dal profilo si capisce una cosa: lavaggio ecologico a secco che va dal cliente, per privati e aziende.

Stiamo facendo una ricerca sulle aziende di autolavaggio: che programmi usate davvero per ordini, magazzino e turni. E cosa vi tocca ancora rifare a mano due volte.

Sono sei domande, due minuti, ed è anonimo:
https://docs.google.com/forms/d/e/1FAIpQLSe2cCfeAx8IVLRq-ocJe4MUpq43u_1D95IpBPjqOYX-90a9JA/viewform

Finito il giro le giro il riepilogo di cosa hanno risposto le altre aziende qui intorno. Serve più a lei che a me.","Brescia (BS). Lavaggio ecologico a secco che va dal cliente, per privati e aziende. 287 follower, 37 post.",2026-09-13-instagram-ricerca-lombardia.csv,ricerca,,
@autolavaggiolineatest_milano,Autolavaggio Linea Test Srl,Milano (MI),Autolavaggio,1026,R,"cercato «autolavaggio milano» nella ricerca di Instagram → profilo aperto e letto il 12/9, 187 post · [verifica-azienda] srl con portale Istobal M'NEX22 e sede in via P.C. Decembrio 22: impianto industriale, non un self service",,,"Buongiorno, sono Patrick Sappa, DenkiCode, una piccola software house a Seveso.

Non le vendo niente. Non le chiedo nemmeno un appuntamento. Ho guardato il profilo: srl con portale Istobal M'NEX22 e sede in via P.C. Decembrio 22.

Stiamo facendo una ricerca sulle aziende di autolavaggio: che programmi usate davvero per ordini, magazzino e turni. E cosa vi tocca ancora rifare a mano due volte.

Sono sei domande, due minuti, ed è anonimo:
https://docs.google.com/forms/d/e/1FAIpQLSe2cCfeAx8IVLRq-ocJe4MUpq43u_1D95IpBPjqOYX-90a9JA/viewform

Quando chiudiamo la raccolta le mando il riassunto delle risposte delle altre aziende della zona.","Milano (MI). Srl con portale istobal m'nex22 e sede in via p.c. decembrio 22. 1026 follower, 187 post.",2026-09-13-instagram-ricerca-lombardia.csv,ricerca,,
@idraulico_fabbro_milano_,Fabbro Idraulico Milano Monza,Milano (MI),Idraulica e fabbro,293,R,"cercato «fabbro monza» nella ricerca di Instagram → profilo aperto e letto il 12/9, 26 post · [verifica-azienda] pronto intervento 24 ore su due province, Milano e Monza ⚠ la bio e' di una riga: la struttura si deduce dalla copertura, da confermare",,,"Buongiorno, sono Patrick Sappa. Ho una piccola software house a Seveso, si chiama DenkiCode.

Non le vendo niente e non le chiedo un appuntamento. Ho letto il profilo: pronto intervento 24 ore su due province, Milano e Monza.

Stiamo facendo una ricerca sulle aziende di pronto intervento: che programmi usate davvero per ordini, magazzino e turni. E cosa vi tocca ancora rifare a mano due volte.

Sono sei domande, due minuti, ed è anonimo:
https://docs.google.com/forms/d/e/1FAIpQLSe2cCfeAx8IVLRq-ocJe4MUpq43u_1D95IpBPjqOYX-90a9JA/viewform

Alla fine le mando quello che è uscito dalle altre aziende. È il minimo, visto che i due minuti li mette lei.","Milano (MI). Pronto intervento 24 ore su due province, milano e monza. 293 follower, 26 post.",2026-09-13-instagram-ricerca-lombardia.csv,ricerca,,
@traslochi_milano_decorato,Traslochi Milano by Decorato,Milano (MI),Traslochi,1791,R,"cercato «traslochi milano» nella ricerca di Instagram → profilo aperto e letto il 12/9, 34 post · [verifica-azienda] attivi dal 1960 con deposito proprio, autoscale e piattaforme fino a 72 metri: mezzi pesanti e squadre",,,"Buongiorno, sono Patrick Sappa della DenkiCode, siamo a Seveso.

Non c'è niente da comprare qui dentro. Nemmeno un appuntamento. Dal profilo si capisce una cosa: attivi dal 1960 con deposito proprio, autoscale e piattaforme fino a 72 metri.

Stiamo facendo una ricerca sulle ditte di traslochi: che programmi usate davvero per ordini, magazzino e turni. E cosa vi tocca ancora rifare a mano due volte.

Sono sei domande, due minuti, ed è anonimo:
https://docs.google.com/forms/d/e/1FAIpQLSe2cCfeAx8IVLRq-ocJe4MUpq43u_1D95IpBPjqOYX-90a9JA/viewform

Quando abbiamo finito il giro le mando quello che è venuto fuori dalle altre aziende della zona. Almeno sa come sono messi gli altri.","Milano (MI). Attivi dal 1960 con deposito proprio, autoscale e piattaforme fino a 72 metri. 1791 follower, 34 post.",2026-09-13-instagram-ricerca-lombardia.csv,ricerca,,
@traslochi_milano_l.b,Traslochi Bolanos L.D.R.,Cinisello Balsamo (MI),Traslochi,2095,R,"cercato «traslochi milano» nella ricerca di Instagram → profilo aperto e letto il 12/9, 661 post · [verifica-azienda] 661 post di traslochi con mezzi e squadre in foto ⚠ la bio e' vuota: la sede la dichiara il profilo, da confermare",,,"Buongiorno, sono Patrick Sappa, DenkiCode, una piccola software house a Seveso.

Non le vendo niente. Non le chiedo nemmeno un appuntamento. Ho guardato il profilo: 661 post di traslochi con mezzi e squadre in foto.

Stiamo facendo una ricerca sulle ditte di traslochi: che programmi usate davvero per ordini, magazzino e turni. E cosa vi tocca ancora rifare a mano due volte.

Sono sei domande, due minuti, ed è anonimo:
https://docs.google.com/forms/d/e/1FAIpQLSe2cCfeAx8IVLRq-ocJe4MUpq43u_1D95IpBPjqOYX-90a9JA/viewform

Finito il giro le giro il riepilogo di cosa hanno risposto le altre aziende qui intorno. Serve più a lei che a me.","Cinisello Balsamo (MI). 661 post di traslochi con mezzi e squadre in foto. 2095 follower, 661 post.",2026-09-13-instagram-ricerca-lombardia.csv,ricerca,,
@cl_ristrutturazioni_milano,CL Ristrutturazioni,Milano (MI),Ristrutturazioni,1120,R,"cercato «ristrutturazioni milano» nella ricerca di Instagram → profilo aperto e letto il 12/9, 74 post · [verifica-azienda] muratura, cartongesso e pittura su due province, Monza e Milano: squadre su piu' cantieri insieme",,,"Buongiorno, sono Patrick Sappa. Ho una piccola software house a Seveso, si chiama DenkiCode.

Non le vendo niente e non le chiedo un appuntamento. Ho letto il profilo: muratura, cartongesso e pittura su due province, Monza e Milano.

Stiamo facendo una ricerca sulle imprese edili della zona: che programmi usate davvero per ordini, magazzino e turni. E cosa vi tocca ancora rifare a mano due volte.

Sono sei domande, due minuti, ed è anonimo:
https://docs.google.com/forms/d/e/1FAIpQLSe2cCfeAx8IVLRq-ocJe4MUpq43u_1D95IpBPjqOYX-90a9JA/viewform

Quando chiudiamo la raccolta le mando il riassunto delle risposte delle altre aziende della zona.","Milano (MI). Muratura, cartongesso e pittura su due province, monza e milano. 1120 follower, 74 post.",2026-09-13-instagram-ricerca-lombardia.csv,ricerca,,
@edil_carboni_brescia,Ristrutturazioni Carboni,Brescia (BS),Ristrutturazioni,186,R,"cercato «ristrutturazioni brescia» nella ricerca di Instagram → profilo aperto e letto il 12/9, 39 post · [verifica-azienda] due titolari che si mettono in bio col nome, Alessandro e Lorenzo, e lavorano isolamento, facciate e interni fra Brescia e il lago di Garda",,,"Buongiorno, sono Patrick Sappa della DenkiCode, siamo a Seveso.

Non c'è niente da comprare qui dentro. Nemmeno un appuntamento. Dal profilo si capisce una cosa: i due titolari, Alessandro e Lorenzo, si mettono in bio col nome. Lavorate isolamento, facciate e interni fra Brescia e il lago di Garda.

Stiamo facendo una ricerca sulle imprese edili della zona: che programmi usate davvero per ordini, magazzino e turni. E cosa vi tocca ancora rifare a mano due volte.

Sono sei domande, due minuti, ed è anonimo:
https://docs.google.com/forms/d/e/1FAIpQLSe2cCfeAx8IVLRq-ocJe4MUpq43u_1D95IpBPjqOYX-90a9JA/viewform

Alla fine le mando quello che è uscito dalle altre aziende. È il minimo, visto che i due minuti li mette lei.","Brescia (BS). Due titolari che si mettono in bio col nome, alessandro e lorenzo, e lavorano isolamento, facciate e interni fra brescia e il lago di garda. 186 follower, 39 post.",2026-09-13-instagram-ricerca-lombardia.csv,ricerca,,
@hrm_ristrutturazioni,HRM Ristrutturazioni,Bergamo (BG),Ristrutturazioni,433,R,"cercato «ristrutturazioni bergamo» nella ricerca di Instagram → profilo aperto e letto il 12/9, 141 post · [verifica-azienda] lavora su quattro zone, Bergamo, Como, lago di Garda e Milano, su appartamenti e locali commerciali: squadre che si spostano",,,"Buongiorno, sono Patrick Sappa, DenkiCode, una piccola software house a Seveso.

Non le vendo niente. Non le chiedo nemmeno un appuntamento. Ho guardato il profilo: lavora su quattro zone, Bergamo, Como, lago di Garda e Milano, su appartamenti e locali commerciali.

Stiamo facendo una ricerca sulle imprese edili della zona: che programmi usate davvero per ordini, magazzino e turni. E cosa vi tocca ancora rifare a mano due volte.

Sono sei domande, due minuti, ed è anonimo:
https://docs.google.com/forms/d/e/1FAIpQLSe2cCfeAx8IVLRq-ocJe4MUpq43u_1D95IpBPjqOYX-90a9JA/viewform

Quando abbiamo finito il giro le mando quello che è venuto fuori dalle altre aziende della zona. Almeno sa come sono messi gli altri.","Bergamo (BG). Lavora su quattro zone, bergamo, como, lago di garda e milano, su appartamenti e locali commerciali. 433 follower, 141 post.",2026-09-13-instagram-ricerca-lombardia.csv,ricerca,,
@italwood_milano,Italwood Parquet,Cormano (MI),Parquet e forniture,262,R,"cercato «parquet milano» nella ricerca di Instagram → profilo aperto e letto il 12/9, 105 post · [verifica-azienda] fornisce spine, plance, SPC, laminati e tutta la chimica di posa, con un numero fisso: e' un magazzino con giacenze",,,"Buongiorno, sono Patrick Sappa. Ho una piccola software house a Seveso, si chiama DenkiCode.

Non le vendo niente e non le chiedo un appuntamento. Ho letto il profilo: fornisce spine, plance, SPC, laminati e tutta la chimica di posa, con un numero fisso.

Stiamo facendo una ricerca sulle aziende che posano pavimenti: che programmi usate davvero per ordini, magazzino e turni. E cosa vi tocca ancora rifare a mano due volte.

Sono sei domande, due minuti, ed è anonimo:
https://docs.google.com/forms/d/e/1FAIpQLSe2cCfeAx8IVLRq-ocJe4MUpq43u_1D95IpBPjqOYX-90a9JA/viewform

Finito il giro le giro il riepilogo di cosa hanno risposto le altre aziende qui intorno. Serve più a lei che a me.","Cormano (MI). Fornisce spine, plance, spc, laminati e tutta la chimica di posa, con un numero fisso. 262 follower, 105 post.",2026-09-13-instagram-ricerca-lombardia.csv,ricerca,,
@milanoparquetsrl,Milano Parquet,Buccinasco (MI),Parquet,1874,R,"cercato «parquet milano» nella ricerca di Instagram → profilo aperto e letto il 12/9, 141 post · [verifica-azienda] srl con sede in via A. Volta 3 a Buccinasco che dichiara di esportare: produzione e spedizioni",,,"Buongiorno, sono Patrick Sappa della DenkiCode, siamo a Seveso.

Non c'è niente da comprare qui dentro. Nemmeno un appuntamento. Dal profilo si capisce una cosa: srl con sede in via A. Volta 3 a Buccinasco che dichiara di esportare.

Stiamo facendo una ricerca sulle aziende che posano pavimenti: che programmi usate davvero per ordini, magazzino e turni. E cosa vi tocca ancora rifare a mano due volte.

Sono sei domande, due minuti, ed è anonimo:
https://docs.google.com/forms/d/e/1FAIpQLSe2cCfeAx8IVLRq-ocJe4MUpq43u_1D95IpBPjqOYX-90a9JA/viewform

Quando chiudiamo la raccolta le mando il riassunto delle risposte delle altre aziende della zona.","Buccinasco (MI). Srl con sede in via a. volta 3 a buccinasco che dichiara di esportare. 1874 follower, 141 post.",2026-09-13-instagram-ricerca-lombardia.csv,ricerca,,
@parquetspecialistmilano,Parquet Specialist Milano,Milano (MI),Parquet,3369,R,"cercato «parquet milano» nella ricerca di Instagram → profilo aperto e letto il 12/9, 628 post · [verifica-azienda] venticinque anni di attivita', fornitura, posa e levigatura, e un marchio proprio di parquet: filiera intera dentro",,,"Buongiorno, sono Patrick Sappa, DenkiCode, una piccola software house a Seveso.

Non le vendo niente. Non le chiedo nemmeno un appuntamento. Ho guardato il profilo: venticinque anni di attività, fornitura, posa e levigatura, e un marchio proprio di parquet.

Stiamo facendo una ricerca sulle aziende che posano pavimenti: che programmi usate davvero per ordini, magazzino e turni. E cosa vi tocca ancora rifare a mano due volte.

Sono sei domande, due minuti, ed è anonimo:
https://docs.google.com/forms/d/e/1FAIpQLSe2cCfeAx8IVLRq-ocJe4MUpq43u_1D95IpBPjqOYX-90a9JA/viewform

Alla fine le mando quello che è uscito dalle altre aziende. È il minimo, visto che i due minuti li mette lei.","Milano (MI). Venticinque anni di attività, fornitura, posa e levigatura, e un marchio proprio di parquet. 3369 follower, 628 post.",2026-09-13-instagram-ricerca-lombardia.csv,ricerca,,
@pentamultiservice__srl,Pentamultiservice Srl,Milano (MI),Ristrutturazioni,3793,R,"cercato «ristrutturazioni milano» nella ricerca di Instagram → profilo aperto e letto il 12/9, 158 post · [verifica-azienda] si presenta come general contractor e promette risposta in 24 ore: coordina piu' imprese, quindi ha processi da raccontare",,,"Buongiorno, sono Patrick Sappa. Ho una piccola software house a Seveso, si chiama DenkiCode.

Non le vendo niente e non le chiedo un appuntamento. Ho letto il profilo: si presenta come general contractor e promette risposta in 24 ore.

Stiamo facendo una ricerca sulle imprese edili della zona: che programmi usate davvero per ordini, magazzino e turni. E cosa vi tocca ancora rifare a mano due volte.

Sono sei domande, due minuti, ed è anonimo:
https://docs.google.com/forms/d/e/1FAIpQLSe2cCfeAx8IVLRq-ocJe4MUpq43u_1D95IpBPjqOYX-90a9JA/viewform

Quando abbiamo finito il giro le mando quello che è venuto fuori dalle altre aziende della zona. Almeno sa come sono messi gli altri.","Milano (MI). Si presenta come general contractor e promette risposta in 24 ore. 3793 follower, 158 post.",2026-09-13-instagram-ricerca-lombardia.csv,ricerca,,
@rbimpresaedile,Ristrutturazioni Bergamasche Srl,Clusone (BG),Impresa edile,605,R,"cercato «ristrutturazioni bergamo» nella ricerca di Instagram → profilo aperto e letto il 12/9, 34 post · [verifica-azienda] srl specializzata in cementi armati: lavora in cantieri strutturali, con mezzi e maestranze",,,"Buongiorno, sono Patrick Sappa della DenkiCode, siamo a Seveso.

Non c'è niente da comprare qui dentro. Nemmeno un appuntamento. Dal profilo si capisce una cosa: srl specializzata in cementi armati.

Stiamo facendo una ricerca sulle imprese edili della zona: che programmi usate davvero per ordini, magazzino e turni. E cosa vi tocca ancora rifare a mano due volte.

Sono sei domande, due minuti, ed è anonimo:
https://docs.google.com/forms/d/e/1FAIpQLSe2cCfeAx8IVLRq-ocJe4MUpq43u_1D95IpBPjqOYX-90a9JA/viewform

Finito il giro le giro il riepilogo di cosa hanno risposto le altre aziende qui intorno. Serve più a lei che a me.","Clusone (BG). Srl specializzata in cementi armati. 605 follower, 34 post.",2026-09-13-instagram-ricerca-lombardia.csv,ricerca,,
@rgmnewsrl,RGM New Srl,Remedello (BS),Impresa edile,549,R,"cercato «impresa edile brescia» nella ricerca di Instagram → profilo aperto e letto il 12/9, 41 post · [verifica-azienda] nuove costruzioni in classe A e NZEB dalla progettazione alla consegna, su Lombardia ed Emilia: due regioni e commesse intere",,,"Buongiorno, sono Patrick Sappa, DenkiCode, una piccola software house a Seveso.

Non le vendo niente. Non le chiedo nemmeno un appuntamento. Ho guardato il profilo: nuove costruzioni in classe A e NZEB dalla progettazione alla consegna, su Lombardia ed Emilia.

Stiamo facendo una ricerca sulle imprese edili della zona: che programmi usate davvero per ordini, magazzino e turni. E cosa vi tocca ancora rifare a mano due volte.

Sono sei domande, due minuti, ed è anonimo:
https://docs.google.com/forms/d/e/1FAIpQLSe2cCfeAx8IVLRq-ocJe4MUpq43u_1D95IpBPjqOYX-90a9JA/viewform

Quando chiudiamo la raccolta le mando il riassunto delle risposte delle altre aziende della zona.","Remedello (BS). Nuove costruzioni in classe a e nzeb dalla progettazione alla consegna, su lombardia ed emilia. 549 follower, 41 post.",2026-09-13-instagram-ricerca-lombardia.csv,ricerca,,
@ristrutturadesso,Ristruttura Desso,Milano (MI),Ristrutturazioni,373,R,"cercato «ristrutturazioni milano» nella ricerca di Instagram → profilo aperto e letto il 12/9, 58 post · [verifica-azienda] chiavi in mano su Milano e provincia con progettazione e direzione tecnica interne: ha tecnici in azienda",,,"Buongiorno, sono Patrick Sappa. Ho una piccola software house a Seveso, si chiama DenkiCode.

Non le vendo niente e non le chiedo un appuntamento. Ho letto il profilo: chiavi in mano su Milano e provincia con progettazione e direzione tecnica interne.

Stiamo facendo una ricerca sulle imprese edili della zona: che programmi usate davvero per ordini, magazzino e turni. E cosa vi tocca ancora rifare a mano due volte.

Sono sei domande, due minuti, ed è anonimo:
https://docs.google.com/forms/d/e/1FAIpQLSe2cCfeAx8IVLRq-ocJe4MUpq43u_1D95IpBPjqOYX-90a9JA/viewform

Alla fine le mando quello che è uscito dalle altre aziende. È il minimo, visto che i due minuti li mette lei.","Milano (MI). Chiavi in mano su milano e provincia con progettazione e direzione tecnica interne. 373 follower, 58 post.",2026-09-13-instagram-ricerca-lombardia.csv,ricerca,,
@ristrutturazioni_vm,VM Impresa Edile,Milano (MI),Ristrutturazioni,385,R,"cercato «ristrutturazioni milano» nella ricerca di Instagram → profilo aperto e letto il 12/9, 39 post · [verifica-azienda] ristrutturazioni complete d'interni su Milano, Monza e Brianza, con il rispetto dei tempi messo in bio come promessa",,,"Buongiorno, sono Patrick Sappa della DenkiCode, siamo a Seveso.

Non c'è niente da comprare qui dentro. Nemmeno un appuntamento. Dal profilo si capisce una cosa: ristrutturazioni complete d'interni su Milano, Monza e Brianza, con il rispetto dei tempi messo in bio come promessa.

Stiamo facendo una ricerca sulle imprese edili della zona: che programmi usate davvero per ordini, magazzino e turni. E cosa vi tocca ancora rifare a mano due volte.

Sono sei domande, due minuti, ed è anonimo:
https://docs.google.com/forms/d/e/1FAIpQLSe2cCfeAx8IVLRq-ocJe4MUpq43u_1D95IpBPjqOYX-90a9JA/viewform

Quando abbiamo finito il giro le mando quello che è venuto fuori dalle altre aziende della zona. Almeno sa come sono messi gli altri.","Milano (MI). Ristrutturazioni complete d'interni su milano, monza e brianza, con il rispetto dei tempi messo in bio come promessa. 385 follower, 39 post.",2026-09-13-instagram-ricerca-lombardia.csv,ricerca,,
@vva_ristrutturazioni,VVA Ristrutturazioni,Milano (MI),Ristrutturazioni,615,R,"cercato «ristrutturazioni milano» nella ricerca di Instagram → profilo aperto e letto il 12/9, 124 post · [verifica-azienda] vent'anni di attivita' su Milano e provincia, con sopralluogo gratuito: volume di cantieri che vuole organizzazione",,,"Buongiorno, sono Patrick Sappa, DenkiCode, una piccola software house a Seveso.

Non le vendo niente. Non le chiedo nemmeno un appuntamento. Ho guardato il profilo: vent'anni di attività su Milano e provincia, con sopralluogo gratuito.

Stiamo facendo una ricerca sulle imprese edili della zona: che programmi usate davvero per ordini, magazzino e turni. E cosa vi tocca ancora rifare a mano due volte.

Sono sei domande, due minuti, ed è anonimo:
https://docs.google.com/forms/d/e/1FAIpQLSe2cCfeAx8IVLRq-ocJe4MUpq43u_1D95IpBPjqOYX-90a9JA/viewform

Finito il giro le giro il riepilogo di cosa hanno risposto le altre aziende qui intorno. Serve più a lei che a me.","Milano (MI). Vent'anni di attività su milano e provincia, con sopralluogo gratuito. 615 follower, 124 post.",2026-09-13-instagram-ricerca-lombardia.csv,ricerca,,
@dpa_architect,DPA Davide Panzeri Architetto,Lecco (LC),Studio di architettura,1183,R,"cercato «ristrutturazioni lecco» nella ricerca di Instagram → profilo aperto e letto il 12/9, 412 post · [verifica-azienda] studio che lavora su ville, ristrutturazioni e nuove costruzioni fra Lecco, Como, Brianza e Milano: quattro province e 412 progetti pubblicati",,,"Buongiorno, sono Patrick Sappa. Ho una piccola software house a Seveso, si chiama DenkiCode.

Non le vendo niente e non le chiedo un appuntamento. Ho letto il profilo: studio che lavora su ville, ristrutturazioni e nuove costruzioni fra Lecco, Como, Brianza e Milano.

Stiamo facendo una ricerca sulle studi di progettazione: che programmi usate davvero per ordini, magazzino e turni. E cosa vi tocca ancora rifare a mano due volte.

Sono sei domande, due minuti, ed è anonimo:
https://docs.google.com/forms/d/e/1FAIpQLSe2cCfeAx8IVLRq-ocJe4MUpq43u_1D95IpBPjqOYX-90a9JA/viewform

Quando chiudiamo la raccolta le mando il riassunto delle risposte delle altre aziende della zona.","Lecco (LC). Studio che lavora su ville, ristrutturazioni e nuove costruzioni fra lecco, como, brianza e milano. 1183 follower, 412 post.",2026-09-13-instagram-ricerca-lombardia.csv,ricerca,,
@glab.milano,G Lab Milano,Milano (MI),Arredamento su misura,15513,R,"cercato «arredamento su misura milano» nella ricerca di Instagram → profilo aperto e letto il 12/9, 686 post · [verifica-azienda] lavora metalli, legno e tessuti per arredi su misura, con 15.513 follower e 686 post: laboratorio con piu' reparti",,,"Buongiorno, sono Patrick Sappa della DenkiCode, siamo a Seveso.

Non c'è niente da comprare qui dentro. Nemmeno un appuntamento. Dal profilo si capisce una cosa: lavora metalli, legno e tessuti per arredi su ordinazione, con 15.513 follower e 686 post.

Stiamo facendo una ricerca sulle aziende dell'arredamento su ordinazione: che programmi usate davvero per ordini, magazzino e turni. E cosa vi tocca ancora rifare a mano due volte.

Sono sei domande, due minuti, ed è anonimo:
https://docs.google.com/forms/d/e/1FAIpQLSe2cCfeAx8IVLRq-ocJe4MUpq43u_1D95IpBPjqOYX-90a9JA/viewform

Alla fine le mando quello che è uscito dalle altre aziende. È il minimo, visto che i due minuti li mette lei.","Milano (MI). Lavora metalli, legno e tessuti per arredi su ordinazione, con 15.513 follower e 686 post. 15513 follower, 686 post.",2026-09-13-instagram-ricerca-lombardia.csv,ricerca,,
@gz_impresa_edile,GZ Srl,Como (CO),Impresa edile,256,R,"cercato «impresa edile como» nella ricerca di Instagram → profilo aperto e letto il 12/9, 36 post · [verifica-azienda] srl edile comasca che si presenta come istituzione del settore in zona: impresa con cantieri propri",,,"Buongiorno, sono Patrick Sappa, DenkiCode, una piccola software house a Seveso.

Non le vendo niente. Non le chiedo nemmeno un appuntamento. Ho guardato il profilo: srl edile comasca che si presenta come istituzione del settore in zona.

Stiamo facendo una ricerca sulle imprese edili della zona: che programmi usate davvero per ordini, magazzino e turni. E cosa vi tocca ancora rifare a mano due volte.

Sono sei domande, due minuti, ed è anonimo:
https://docs.google.com/forms/d/e/1FAIpQLSe2cCfeAx8IVLRq-ocJe4MUpq43u_1D95IpBPjqOYX-90a9JA/viewform

Quando abbiamo finito il giro le mando quello che è venuto fuori dalle altre aziende della zona. Almeno sa come sono messi gli altri.","Como (CO). Srl edile comasca che si presenta come istituzione del settore in zona. 256 follower, 36 post.",2026-09-13-instagram-ricerca-lombardia.csv,ricerca,,
@legnopiu_brescia,Legno Piu Infissi,Concesio (BS),Infissi,556,R,"cercato «infissi brescia» nella ricerca di Instagram → profilo aperto e letto il 12/9, 293 post · [verifica-azienda] laboratorio proprio in via Zanardelli 38 a Concesio, con infissi, porte e portoni in PVC e alluminio: produzione interna",,,"Buongiorno, sono Patrick Sappa. Ho una piccola software house a Seveso, si chiama DenkiCode.

Non le vendo niente e non le chiedo un appuntamento. Ho letto il profilo: laboratorio proprio in via Zanardelli 38 a Concesio, con infissi, porte e portoni in PVC e alluminio.

Stiamo facendo una ricerca sulle aziende che fanno infissi: che programmi usate davvero per ordini, magazzino e turni. E cosa vi tocca ancora rifare a mano due volte.

Sono sei domande, due minuti, ed è anonimo:
https://docs.google.com/forms/d/e/1FAIpQLSe2cCfeAx8IVLRq-ocJe4MUpq43u_1D95IpBPjqOYX-90a9JA/viewform

Finito il giro le giro il riepilogo di cosa hanno risposto le altre aziende qui intorno. Serve più a lei che a me.","Concesio (BS). Laboratorio proprio in via zanardelli 38 a concesio, con infissi, porte e portoni in pvc e alluminio. 556 follower, 293 post.",2026-09-13-instagram-ricerca-lombardia.csv,ricerca,,
@pavimenti_resina_milano,Pavimenti in Resina Milano,Milano (MI),Pavimenti in resina,829,R,"cercato «pavimenti resina milano» nella ricerca di Instagram → profilo aperto e letto il 12/9, 22 post · [verifica-azienda] fa resine civili e industriali su tutto il nord Italia: le industriali sono commesse grosse, con squadre in trasferta",,,"Buongiorno, sono Patrick Sappa della DenkiCode, siamo a Seveso.

Non c'è niente da comprare qui dentro. Nemmeno un appuntamento. Dal profilo si capisce una cosa: fa resine civili e industriali su tutto il nord Italia.

Stiamo facendo una ricerca sulle aziende delle resine: che programmi usate davvero per ordini, magazzino e turni. E cosa vi tocca ancora rifare a mano due volte.

Sono sei domande, due minuti, ed è anonimo:
https://docs.google.com/forms/d/e/1FAIpQLSe2cCfeAx8IVLRq-ocJe4MUpq43u_1D95IpBPjqOYX-90a9JA/viewform

Quando chiudiamo la raccolta le mando il riassunto delle risposte delle altre aziende della zona.","Milano (MI). Fa resine civili e industriali su tutto il nord italia. 829 follower, 22 post.",2026-09-13-instagram-ricerca-lombardia.csv,ricerca,,
@resine_microcementi,Resine e Microcementi,Milano (MI),Pavimenti in resina,4476,R,"cercato «pavimenti resina milano» nella ricerca di Instagram → profilo aperto e letto il 12/9, 313 post · [verifica-azienda] posa in opera di resine in ambito civile e industriale, con 313 post di cantieri: lavora su commessa industriale",,,"Buongiorno, sono Patrick Sappa, DenkiCode, una piccola software house a Seveso.

Non le vendo niente. Non le chiedo nemmeno un appuntamento. Ho guardato il profilo: posa in opera di resine in ambito civile e industriale, con 313 post di cantieri.

Stiamo facendo una ricerca sulle aziende delle resine: che programmi usate davvero per ordini, magazzino e turni. E cosa vi tocca ancora rifare a mano due volte.

Sono sei domande, due minuti, ed è anonimo:
https://docs.google.com/forms/d/e/1FAIpQLSe2cCfeAx8IVLRq-ocJe4MUpq43u_1D95IpBPjqOYX-90a9JA/viewform

Alla fine le mando quello che è uscito dalle altre aziende. È il minimo, visto che i due minuti li mette lei.","Milano (MI). Posa in opera di resine in ambito civile e industriale, con 313 post di cantieri. 4476 follower, 313 post.",2026-09-13-instagram-ricerca-lombardia.csv,ricerca,,
@royal_porte,Royal Porte e Infissi,Torbole Casaglia (BS),Infissi,1587,R,"cercato «infissi brescia» nella ricerca di Instagram → profilo aperto e letto il 12/9, 242 post · [verifica-azienda] prodotti certificati Made in Italy con ufficio dedicato e servizio di consegna e posa: ha logistica e squadre di posa",,,"Buongiorno, sono Patrick Sappa. Ho una piccola software house a Seveso, si chiama DenkiCode.

Non le vendo niente e non le chiedo un appuntamento. Ho letto il profilo: prodotti certificati Made in Italy con ufficio dedicato e servizio di consegna e posa.

Stiamo facendo una ricerca sulle aziende che fanno infissi: che programmi usate davvero per ordini, magazzino e turni. E cosa vi tocca ancora rifare a mano due volte.

Sono sei domande, due minuti, ed è anonimo:
https://docs.google.com/forms/d/e/1FAIpQLSe2cCfeAx8IVLRq-ocJe4MUpq43u_1D95IpBPjqOYX-90a9JA/viewform

Quando abbiamo finito il giro le mando quello che è venuto fuori dalle altre aziende della zona. Almeno sa come sono messi gli altri.","Torbole Casaglia (BS). Prodotti certificati made in italy con ufficio dedicato e servizio di consegna e posa. 1587 follower, 242 post.",2026-09-13-instagram-ricerca-lombardia.csv,ricerca,,
