Account IG,Nome attivita,Comune (prov),Segmento,Follower,Gancio (1-6),Esito verifica sito,DM inviato (data),Esito DM,Messaggio,Scheda,Lista,Prodotto,Letto (data),Chat
@salsabarber_torino,Salsa Barber,Torino (TO),Barbiere,471,5,"cercato «site:instagram.com barber torino» su DuckDuckGo → profilo aperto il 25/9: 471 follower, 22 post, link in bio barberapp.it (prenotazioni su BarberApp), nessun dominio proprio [verifica-sito] senza motori · domini: nessuno risponde",,,"Ciao, sono Patrick di DenkiCode.

Barber, hair stylist e pure la salsa in bio: un negozio che mette il ballo accanto alle forbici si ricorda.

Ho notato però una cosa: le prenotazioni passano da BarberApp e dal telefono, ma un sito vostro non c'è, e chi cerca un barbiere a Torino su Google trova gli altri.

Abbiamo preso ispirazione dal vostro profilo e abbiamo realizzato una bozza del vostro sito.

Preferite che ve la mandi qui su Instagram, o prima ne parliamo due minuti al telefono? In ogni caso zero costi e zero impegno: se vi piace, poi ne parliamo. Se volete vedere cosa facciamo: denkicode.com","Salsa Barber, Torino. 471 follower, 22 post. Barber e hair stylist, in bio anche la salsa. Prenotazioni su BarberApp o al telefono. Nessun sito.",2026-09-25-instagram-siti-piemonte-barbieri,siti,,
@la_barberia_di_velotti_mario,La Barberia di Velotti Mario,Moncalieri (TO),Barbiere,369,1,"cercato «site:instagram.com barber moncalieri» su Brave → profilo aperto il 25/9: 369 follower, 592 post, nessun link in bio, via Cavour 2 a Moncalieri [verifica-sito] senza motori · domini: nessuno risponde",,,"Ciao Mario, sono Patrick di DenkiCode.

Quasi seicento post e quel «trasmettere passione e stile» in bio: si vede che il lavoro lo racconti da anni, un taglio alla volta.

Ho notato però una cosa: chi cerca un barbiere a Moncalieri su Google non trova un tuo sito, perché non c'è.

Abbiamo preso ispirazione dal tuo profilo e abbiamo realizzato una bozza del tuo sito.

Preferisci che te la mandi qui su Instagram, o prima ne parliamo due minuti al telefono? In ogni caso zero costi e zero impegno: se ti piace, poi ne parliamo. Se vuoi vedere cosa facciamo: denkicode.com","La Barberia di Velotti Mario, via Cavour 2, Moncalieri. 369 follower, 592 post. Motto: trasmettere passione e stile. Highlight Recensioni e Inaugurazione. Nessun link in bio.",2026-09-25-instagram-siti-piemonte-barbieri,siti,,
@hugo_barbershop_6.8,Hugo Barber Shop,Orbassano (TO),Barbiere e formazione,1106,5,"cercato «site:instagram.com barber orbassano» su Brave → profilo aperto il 25/9: 1.106 follower, 82 post, link in bio app.cutapp.it (prenotazioni su CutApp) e un secondo link nascosto [verifica-sito] senza motori · domini: nessuno risponde",,,"Ciao Giuseppe, sono Patrick di DenkiCode.

Oltre al negozio di via Battisti fai anche formazione: insegnare il mestiere mentre lo fai non è da tutti.

Ho notato però una cosa: le prenotazioni passano da CutApp, ma un sito tuo non c'è, e su Google chi cerca un barbiere a Orbassano non arriva a te.

Abbiamo preso ispirazione dal tuo profilo e abbiamo realizzato una bozza del tuo sito.

Preferisci che te la mandi qui su Instagram, o prima ne parliamo due minuti al telefono? In ogni caso zero costi e zero impegno: se ti piace, poi ne parliamo. Se vuoi vedere cosa facciamo: denkicode.com","Hugo Barber Shop di Giuseppe, via Cesare Battisti 6/8, Orbassano. 1.106 follower, 82 post. Highlight Formazione e Work. Prenotazioni su CutApp.",2026-09-25-instagram-siti-piemonte-barbieri,siti,,
@__ap.the.barber__,Alessandro Porcu The Barber,Torino (TO),Barbiere,899,5,"cercato «site:instagram.com barber torino» su Brave → profilo aperto il 25/9: 899 follower, 21 post, link in bio widget.treatwell.it (prenotazioni su Treatwell) e un secondo link [verifica-sito] senza motori · domini: nessuno risponde",,,"Ciao Alessandro, sono Patrick di DenkiCode.

Mullet, barbe, tagli per i bambini e perfino una raccolta dedicata ai cani che passano in negozio: il tuo profilo ha un carattere preciso.

Ho notato però una cosa: si prenota solo da Treatwell, e chi cerca un barbiere in via Malta su Google finisce sulla pagina di Treatwell, non su un sito tuo.

Abbiamo preso ispirazione dal tuo profilo e abbiamo realizzato una bozza del tuo sito.

Preferisci che te la mandi qui su Instagram, o prima ne parliamo due minuti al telefono? In ogni caso zero costi e zero impegno: se ti piace, poi ne parliamo. Se vuoi vedere cosa facciamo: denkicode.com","Alessandro Porcu The Barber, via Malta 5, Torino. 899 follower, 21 post. Solo su appuntamento, prenotazioni su Treatwell. Highlight Mullet, Beard, Children, Dogs.",2026-09-25-instagram-siti-piemonte-barbieri,siti,,
@matteobarber,Matteo Barber Torino,Torino (TO),Barbiere,1073,1,"cercato «site:instagram.com barber torino» su Brave → profilo aperto il 25/9: 1.073 follower, 68 post, in bio solo il link a TikTok, indirizzo via Fratelli De Maistre 33/C [verifica-sito] senza motori · domini: nessuno risponde",,,"Ciao Matteo, sono Patrick di DenkiCode.

Negozio in via De Maistre, TikTok tenuto vivo e un posto nel profilo anche per la tua terra: si capisce che ci metti la faccia.

Ho notato però una cosa: in bio c'è solo TikTok, e chi cerca un barbiere in zona su Google non trova un sito tuo.

Abbiamo preso ispirazione dal tuo profilo e abbiamo realizzato una bozza del tuo sito.

Preferisci che te la mandi qui su Instagram, o prima ne parliamo due minuti al telefono? In ogni caso zero costi e zero impegno: se ti piace, poi ne parliamo. Se vuoi vedere cosa facciamo: denkicode.com","Matteo Barber, via Fratelli De Maistre 33/C, Torino. 1.073 follower, 68 post. In bio solo TikTok. Highlight: La mia terra.",2026-09-25-instagram-siti-piemonte-barbieri,siti,,
@nicobarbershoptorino,Nico Barber Shop Torino,Torino (TO),Barbiere,1262,5,"cercato «site:instagram.com barber torino» su Brave → profilo aperto il 25/9: 1.262 follower, 114 post, link in bio treatwell.it/salone/nico-barber-shop-torino [verifica-sito] senza motori · domini: nessuno risponde",,,"Ciao, sono Patrick di DenkiCode.

L'offerta per gli studenti a due passi dal Politecnico è una di quelle idee semplici che riempiono le poltrone.

Ho notato però una cosa: chi cerca un barbiere vicino al Politecnico su Google trova la vostra pagina di Treatwell, ma un sito vostro non c'è.

Abbiamo preso ispirazione dal vostro profilo e abbiamo realizzato una bozza del vostro sito.

Preferite che ve la mandi qui su Instagram, o prima ne parliamo due minuti al telefono? In ogni caso zero costi e zero impegno: se vi piace, poi ne parliamo. Se volete vedere cosa facciamo: denkicode.com","Nico Barber Shop, vicino al Politecnico di Torino. 1.262 follower, 114 post. Offerta studenti, prenotazioni al telefono o su Treatwell.",2026-09-25-instagram-siti-piemonte-barbieri,siti,,
@ranielllima,Raniel Lima,Torino (TO),Barbiere,8060,1,"cercato «barbiere torino» nella casella di ricerca di Instagram → profilo aperto il 25/9: 8.060 follower, 481 post, nessun link in bio [verifica-sito] senza motori · domini: nessuno risponde",,,"Ciao Raniel, sono Patrick di DenkiCode.

Nei tuoi highlight ci sono Bremer, Douglas Luiz e Adžić: se i giocatori si fanno tagliare da te, il lavoro parla da solo.

Ho notato però una cosa: chi ti cerca su Google trova solo Instagram, perché un sito tuo non c'è.

Abbiamo preso ispirazione dal tuo profilo e abbiamo realizzato una bozza del tuo sito.

Preferisci che te la mandi qui su Instagram, o prima ne parliamo due minuti al telefono? In ogni caso zero costi e zero impegno: se ti piace, poi ne parliamo. Se vuoi vedere cosa facciamo: denkicode.com","Raniel Lima, barbiere brasiliano a Torino, «high ticket». 8.060 follower, 481 post. Highlight coi calciatori: Bremer, Douglas Luiz, Adžić, Alberto Costa. Nessun link in bio.",2026-09-25-instagram-siti-piemonte-barbieri,siti,,
@parrucchiere_jabran_torino,Jabran Barbiere,Torino (TO),Barbiere,865,1,"cercato «barbiere torino» nella casella di ricerca di Instagram → profilo aperto il 25/9: 865 follower, 350 post, link in bio a TikTok e un secondo link, via Monginevro 252 [verifica-sito] senza motori · domini: nessuno risponde",,,"Ciao Jabran, sono Patrick di DenkiCode.

«Il lavoro che parla» e trecentocinquanta post a dimostrarlo: otto anni di mestiere si vedono.

Ho notato però una cosa: su Google un sito tuo non c'è, ci sono solo TikTok e Instagram.

Abbiamo preso ispirazione dal tuo profilo e abbiamo realizzato una bozza del tuo sito.

Preferisci che te la mandi qui su Instagram, o prima ne parliamo due minuti al telefono? In ogni caso zero costi e zero impegno: se ti piace, poi ne parliamo. Se vuoi vedere cosa facciamo: denkicode.com","Jabran, barbiere, via Monginevro 252, fra Torino e Collegno. 865 follower, 350 post. Otto anni di esperienza. In bio TikTok.",2026-09-25-instagram-siti-piemonte-barbieri,siti,,
@francotagliouomo,Franco Taglio Uomo,Torino (TO),Barbiere,666,1,"cercato «barbiere torino» nella casella di ricerca di Instagram → profilo aperto il 25/9: 666 follower, 589 post, nessun link in bio [verifica-sito] senza motori · domini: nessuno risponde",,,"Ciao Franco, sono Patrick di DenkiCode.

«Dai nonni ai bambini, basta avere una testa» è la bio più simpatica che ho letto oggi, e quindici anni di tagli le danno ragione.

Ho notato però una cosa: chi cerca un barbiere a Torino su Google non ti trova, perché un sito tuo non c'è.

Abbiamo preso ispirazione dal tuo profilo e abbiamo realizzato una bozza del tuo sito.

Preferisci che te la mandi qui su Instagram, o prima ne parliamo due minuti al telefono? In ogni caso zero costi e zero impegno: se ti piace, poi ne parliamo. Se vuoi vedere cosa facciamo: denkicode.com","Franco Taglio Uomo, Torino. 666 follower, 589 post. Da più di 15 anni, «l'acconciatore n.1 degli studenti». Highlight Lavori precisi, Prima/Dopo. Nessun link in bio.",2026-09-25-instagram-siti-piemonte-barbieri,siti,,
@barbershoptommy_collegno,Tommy dal 1988,Collegno (TO),Barbiere,520,1,"cercato «site:instagram.com barber collegno» su Brave → profilo aperto il 25/9: 520 follower, 14 post, in bio solo la scheda Google (g.co) e un secondo link, via Bardonecchia 3/A [verifica-sito] senza motori · domini: nessuno risponde",,,"Ciao, sono Patrick di DenkiCode.

Hair tattoo, sfumature e pure la formazione: a Collegno non sono in tanti a fare tutto questo in un negozio solo.

Ho notato però una cosa: in bio c'è la scheda Google, ma un sito vostro no.

Abbiamo preso ispirazione dal vostro profilo e abbiamo realizzato una bozza del vostro sito.

Preferite che ve la mandi qui su Instagram, o prima ne parliamo due minuti al telefono? In ogni caso zero costi e zero impegno: se vi piace, poi ne parliamo. Se volete vedere cosa facciamo: denkicode.com","Tommy dal 1988, via Bardonecchia 3/A, Collegno. 520 follower, 14 post. Man style, hair tattoo, colore. Highlight Fades, Barber Artist, Collabs & training.",2026-09-25-instagram-siti-piemonte-barbieri,siti,,
@bastiansalonemaschile,Bastian Salone Maschile,Torino (TO),Barbiere,17000,5,"cercato «site:instagram.com barber torino» su Brave → profilo aperto il 25/9: 17 mila follower, 4.322 post, in bio la pagina Facebook e un secondo link [verifica-sito] senza motori · domini: nessuno risponde · Google «""Bastian"" salone maschile Torino»: pagina Facebook e pagina Fresha (via Sant'Ottavio 32/A), nessun sito proprio",,,"Ciao Bastian, sono Patrick di DenkiCode.

Oltre quattromila post e il degradé a navaja: il mestiere l'hai portato da Mar del Plata a Torino, e si vede.

Ho notato però una cosa: in bio c'è la pagina Facebook e su Google compare Fresha, ma un sito tuo non c'è.

Abbiamo preso ispirazione dal tuo profilo e abbiamo realizzato una bozza del tuo sito.

Preferisci che te la mandi qui su Instagram, o prima ne parliamo due minuti al telefono? In ogni caso zero costi e zero impegno: se ti piace, poi ne parliamo. Se vuoi vedere cosa facciamo: denkicode.com","Bastian Salone Maschile, barbiere argentino di Mar del Plata, a Torino dal 2010. 17 mila follower, 4.322 post. Solo uomini e bambini, senza prenotazione.",2026-09-25-instagram-siti-piemonte-barbieri,siti,,
@fmk.salon,FMK Salon,Collegno (TO),"Parrucchiere uomo e donna, barber shop",49700,5,"cercato «site:instagram.com barber collegno» su Brave → profilo aperto il 25/9: 49.700 follower, 842 post, nessun link in bio, viale Piemonte 51 [verifica-sito] senza motori · domini: nessuno risponde · Google «""FMK Salon"" Collegno»: pagine Treatwell (4,9, 204 recensioni) e Fresha, pagina Facebook, nessun sito proprio",,,"Ciao, sono Patrick di DenkiCode.

Quasi cinquantamila follower e la nanoplastia certificata: a Collegno siete un punto di riferimento, e il profilo lo dimostra.

Ho notato però una cosa: in bio non c'è un sito, e chi vi cerca su Google trova le pagine di Treatwell e di Fresha, non un sito vostro.

Abbiamo preso ispirazione dal vostro profilo e abbiamo realizzato una bozza del vostro sito.

Preferite che ve la mandi qui su Instagram, o prima ne parliamo due minuti al telefono? In ogni caso zero costi e zero impegno: se vi piace, poi ne parliamo. Se volete vedere cosa facciamo: denkicode.com","FMK Salon, viale Piemonte 51, Collegno. 49.700 follower, 842 post. Donna, uomo e barber shop, nanoplastia certificata, Klarna e Scalapay. Nessun link in bio.",2026-09-25-instagram-siti-piemonte-barbieri,siti,,
@barberia___13,B_13 Barberia,Tortona (AL),Barbiere,689,1,"cercato «site:instagram.com barbiere tortona» su Google → profilo aperto il 25/9: 689 follower, 99 post, nessun link in bio; nei post la prima attività in apertura in corso Don Orione 35 [verifica-sito] senza motori · domini: barberia.it (vivo, indovinato: barberia.it); barberia.com (vivo, indovinato: barberia.com); barberia.ch (vivo, indovinato: Schweizer Online-Haar-Shop für Perücken); barberia.eu (vivo, indovinato); barberia.net (parcheggiato, indovinato) · aperti a mano il 25/9: barberia.it e barberia.com sono domini generici: non e' loro",,,"Ciao, sono Patrick di DenkiCode.

«Not luck, just style», e adesso la prima attività tutta tua in corso Don Orione: è il momento in cui si parte col piede giusto.

Ho notato però una cosa: in bio non c'è un sito, e chi cercherà un barbiere a Tortona su Google non troverà B_13.

Abbiamo preso ispirazione dal tuo profilo e abbiamo realizzato una bozza del tuo sito.

Preferisci che te la mandi qui su Instagram, o prima ne parliamo due minuti al telefono? In ogni caso zero costi e zero impegno: se ti piace, poi ne parliamo. Se vuoi vedere cosa facciamo: denkicode.com","B_13 Barberia, Tortona: prima attività in apertura in corso Don Orione 35. 689 follower, 99 post. «Not luck, just style». Nessun link in bio.",2026-09-25-instagram-siti-piemonte-barbieri,siti,,
@tuo_styletortona,Tuo Style Tortona,Tortona (AL),Barbiere,577,1,"cercato «site:instagram.com barbiere tortona» su Google → profilo aperto il 25/9: 577 follower, 130 post, nessun link in bio, via Emilia 56 [verifica-sito] senza motori · domini: nessuno risponde",,,"Ciao, sono Patrick di DenkiCode.

Centotrenta post dal negozio di via Emilia, tagli per grandi e bambini e perfino una raccolta sul cinema: il profilo ha personalità.

Ho notato però una cosa: in bio c'è solo l'indirizzo, e chi cerca un barbiere a Tortona su Google non trova un sito vostro.

Abbiamo preso ispirazione dal vostro profilo e abbiamo realizzato una bozza del vostro sito.

Preferite che ve la mandi qui su Instagram, o prima ne parliamo due minuti al telefono? In ogni caso zero costi e zero impegno: se vi piace, poi ne parliamo. Se volete vedere cosa facciamo: denkicode.com","Tuo Style, via Emilia 56, Tortona. 577 follower, 130 post. Tagli uomo e bambino. Highlight Cinema. Nessun link in bio.",2026-09-25-instagram-siti-piemonte-barbieri,siti,,
@barb.one_alba,Barb.One di Lorenzo Gilestro,Alba (CN),Barbiere,682,5,"cercato «site:instagram.com barbiere alba cuneo» su Google → profilo aperto il 25/9: 682 follower, 22 post, link in bio bewelly.it (prenotazioni su Bewelly) [verifica-sito] senza motori · domini: nessuno risponde",,,"Ciao Lorenzo, sono Patrick di DenkiCode.

Barb.One è un bel nome per un negozio aperto da poco, e negli highlight c'è già tutto: il lavoro, l'inaugurazione, le prenotazioni.

Ho notato però una cosa: si prenota da Bewelly, ma un sito tuo non c'è, e chi cerca un barbiere ad Alba su Google non arriva a Barb.One.

Abbiamo preso ispirazione dal tuo profilo e abbiamo realizzato una bozza del tuo sito.

Preferisci che te la mandi qui su Instagram, o prima ne parliamo due minuti al telefono? In ogni caso zero costi e zero impegno: se ti piace, poi ne parliamo. Se vuoi vedere cosa facciamo: denkicode.com","Barb.One di Lorenzo Gilestro, Alba. 682 follower, 22 post. Men's barber and hairdresser. Prenotazioni su Bewelly o per telefono.",2026-09-25-instagram-siti-piemonte-barbieri,siti,,
@arte_della_barberia,L'arte della Barberia,Alba (CN),Barbiere,422,1,"cercato «site:instagram.com barbiere alba cuneo» su Google → profilo aperto il 25/9: 422 follower, 47 post, nessun link e nessuna bio; su Google l'indirizzo è via Duccio Galimberti 3/F [verifica-sito] senza motori · domini: lartedellabarberia.it (vivo, indovinato: Barberia uomo del Sud Sardegna | L’Arte della Barberia) · aperti a mano il 25/9: lartedellabarberia.it e' di un'altra attivita' (barberia del Sud Sardegna)",,,"Ciao, sono Patrick di DenkiCode.

«L'arte della barberia» è un nome impegnativo, e i razor fade dei vostri post lo reggono.

Ho notato però una cosa: in bio non c'è niente, né un sito né un indirizzo, e chi cerca un barbiere ad Alba su Google non vi trova.

Abbiamo preso ispirazione dal vostro profilo e abbiamo realizzato una bozza del vostro sito.

Preferite che ve la mandi qui su Instagram, o prima ne parliamo due minuti al telefono? In ogni caso zero costi e zero impegno: se vi piace, poi ne parliamo. Se volete vedere cosa facciamo: denkicode.com","L'arte della Barberia, via Duccio Galimberti 3/F, Alba. 422 follower, 47 post. Razor fade. Bio vuota, nessun link.",2026-09-25-instagram-siti-piemonte-barbieri,siti,,
@anas_ninos,Da Barber Anas,Pinerolo (TO),Barbiere,2379,1,"cercato «site:instagram.com barbiere alba cuneo» su Google → profilo aperto il 25/9: 2.379 follower, 55 post, in bio solo TikTok, tre negozi: via Vigone 20 a Pinerolo, corso Piave 29 ad Alba, corso Mazzini 36 a Saluzzo [verifica-sito] senza motori · domini: nessuno risponde",,,"Ciao Anas, sono Patrick di DenkiCode.

Tre negozi in tre città, Pinerolo, Alba e Saluzzo: non è da tutti crescere così in fretta.

Ho notato però una cosa: con tre sedi non c'è un sito dove trovarle, e in bio c'è solo TikTok.

Abbiamo preso ispirazione dal tuo profilo e abbiamo realizzato una bozza del tuo sito.

Preferisci che te la mandi qui su Instagram, o prima ne parliamo due minuti al telefono? In ogni caso zero costi e zero impegno: se ti piace, poi ne parliamo. Se vuoi vedere cosa facciamo: denkicode.com","Da Barber Anas: via Vigone 20 Pinerolo, corso Piave 29 Alba, corso Mazzini 36 Saluzzo. 2.379 follower, 55 post. In bio TikTok.",2026-09-25-instagram-siti-piemonte-barbieri,siti,,
@aziz_barbershop_alba,Barber Shop Aziz,Alba (CN),Barbiere,27100,1,"cercato «site:instagram.com barbiere alba cuneo» su Google → profilo aperto il 25/9: 27.100 follower, 986 post, in bio solo il canale YouTube, viale Giovanni Vico ad Alba [verifica-sito] senza motori · domini: nessuno risponde · Google «""Aziz"" barber shop Alba»: pagina Facebook, canale YouTube, scheda su beautyandwellness.it, nessun sito proprio",,,"Ciao Aziz, sono Patrick di DenkiCode.

Da Tangeri ad Alba, quasi mille post e ventisettemila persone che ti seguono: il tuo barbershop è conosciuto ben oltre le Langhe.

Ho notato però una cosa: in bio c'è solo YouTube, e chi cerca un barbiere ad Alba su Google non trova un sito tuo.

Abbiamo preso ispirazione dal tuo profilo e abbiamo realizzato una bozza del tuo sito.

Preferisci che te la mandi qui su Instagram, o prima ne parliamo due minuti al telefono? In ogni caso zero costi e zero impegno: se ti piace, poi ne parliamo. Se vuoi vedere cosa facciamo: denkicode.com","Barber Shop Aziz, viale Giovanni Vico, Alba. 27.100 follower, 986 post. Barbiere marocchino di Tangeri. In bio canale YouTube.",2026-09-25-instagram-siti-piemonte-barbieri,siti,,
@gringosbarberia,Gringo's Barberia,Bra (CN),Barbiere,886,1,"cercato «site:instagram.com barbiere bra cuneo» su Google → profilo aperto il 25/9: 886 follower, 14 post, nessun link in bio, corso IV Novembre 18 [verifica-sito] senza motori · domini: nessuno risponde",,,"Ciao Nico, sono Patrick di DenkiCode.

«Gringo's era solo un sogno, ora è realtà»: aprire il proprio negozio in corso IV Novembre è il passo più difficile, e l'hai fatto.

Ho notato però una cosa: si prenota solo al telefono, e chi cerca un barbiere a Bra su Google non trova ancora Gringo's.

Abbiamo preso ispirazione dal tuo profilo e abbiamo realizzato una bozza del tuo sito.

Preferisci che te la mandi qui su Instagram, o prima ne parliamo due minuti al telefono? In ogni caso zero costi e zero impegno: se ti piace, poi ne parliamo. Se vuoi vedere cosa facciamo: denkicode.com","Gringo's Barberia di @nico.api, corso IV Novembre 18, Bra. 886 follower, 14 post. Negozio aperto da poco. Solo telefono.",2026-09-25-instagram-siti-piemonte-barbieri,siti,,
@fashionn_blackk,Youby Hairstyle,Mondovì (CN),Barbiere e parrucchiere uomo e donna,324,1,"cercato «site:instagram.com barbiere mondovì» su Google → profilo aperto il 25/9: 324 follower, 95 post, nessun link in bio, via delle Ripe 3a [verifica-sito] senza motori · domini: nessuno risponde",,,"Ciao Youby, sono Patrick di DenkiCode.

Salone e barber shop insieme, uomo e donna, in via delle Ripe: a Mondovì non c'è molto di simile.

Ho notato però una cosa: in bio non c'è un sito, e chi cerca un barbiere a Mondovì su Google non ti trova.

Abbiamo preso ispirazione dal tuo profilo e abbiamo realizzato una bozza del tuo sito.

Preferisci che te la mandi qui su Instagram, o prima ne parliamo due minuti al telefono? In ogni caso zero costi e zero impegno: se ti piace, poi ne parliamo. Se vuoi vedere cosa facciamo: denkicode.com","Youby Hairstyle, via delle Ripe 3a, Mondovì. 324 follower, 95 post. Salone e barber shop uomo e donna. Nessun link.",2026-09-25-instagram-siti-piemonte-barbieri,siti,,
@espressioneparrucchieri,Espressione Parrucchieri,Mondovì (CN),Barbiere,772,1,"cercato «site:instagram.com barbiere mondovì» su Google → profilo aperto il 25/9: 772 follower, 113 post, nessun link in bio, via Fratelli Durando 8 [verifica-sito] senza motori · domini: nessuno risponde",,,"Ciao, sono Patrick di DenkiCode.

Barber shop con le offerte, il team e perfino i disegni sui capelli negli highlight: in via Durando vi divertite, e si vede.

Ho notato però una cosa: per prenotare c'è solo il telefono, e un sito vostro non c'è.

Abbiamo preso ispirazione dal vostro profilo e abbiamo realizzato una bozza del vostro sito.

Preferite che ve la mandi qui su Instagram, o prima ne parliamo due minuti al telefono? In ogni caso zero costi e zero impegno: se vi piace, poi ne parliamo. Se volete vedere cosa facciamo: denkicode.com","Espressione Parrucchieri, via Fratelli Durando 8, Mondovì. 772 follower, 113 post. Barber shop. Highlight Offerte, Team, Disegni, Schiariture. Solo telefono.",2026-09-25-instagram-siti-piemonte-barbieri,siti,,
@antico_mestiere,L'antico Mestiere,Mondovì (CN),Parrucchiere uomo,213,1,"cercato «site:instagram.com barbiere mondovì» su Google → profilo aperto il 25/9: 213 follower, 270 post, nessun link in bio, via Ripe 26/c [verifica-sito] senza motori · domini: lanticomestiere.it (vivo, indovinato); anticomestiere.it (vivo, indovinato: Antico Mestiere); anticomestiere.com (vivo, indovinato: Antico Mestiere); anticomestiere.eu (vivo, indovinato: Antico Mestiere); anticomestiere.net (vivo, indovinato: La Bottega di Vitali Marcello) · aperti a mano il 25/9: lanticomestiere.it e' un'altra attivita' (lavorazione pietra a Ugento, Lecce); anticomestiere.it vende vasi in terracotta: non sono loro",,,"Ciao, sono Patrick di DenkiCode.

Un parrucchiere uomo che si chiama L'antico Mestiere e ha già duecentosettanta post: il mestiere lo racconti da tanto.

Ho notato però una cosa: in bio c'è solo il numero, e chi cerca un barbiere a Mondovì su Google non trova un sito tuo.

Abbiamo preso ispirazione dal tuo profilo e abbiamo realizzato una bozza del tuo sito.

Preferisci che te la mandi qui su Instagram, o prima ne parliamo due minuti al telefono? In ogni caso zero costi e zero impegno: se ti piace, poi ne parliamo. Se vuoi vedere cosa facciamo: denkicode.com","L'antico Mestiere, via Ripe 26/c, Mondovì. 213 follower, 270 post. Parrucchiere uomo. Solo telefono.",2026-09-25-instagram-siti-piemonte-barbieri,siti,,
@barberclubmondovi,Barber Club Mondovì,Mondovì (CN),Barbiere,343,1,"cercato «site:instagram.com barbiere mondovì» su Google → profilo aperto il 25/9: 343 follower, 38 post, nessun link e nessuna bio [verifica-sito] senza motori · domini: nessuno risponde",,,"Ciao, sono Patrick di DenkiCode.

Stile old style man e clienti che tornano a trovarvi perfino dalla Germania: il Barber Club lascia il segno.

Ho notato però una cosa: in bio non c'è niente, e chi cerca un barbiere a Mondovì su Google non trova un sito vostro.

Abbiamo preso ispirazione dal vostro profilo e abbiamo realizzato una bozza del vostro sito.

Preferite che ve la mandi qui su Instagram, o prima ne parliamo due minuti al telefono? In ogni caso zero costi e zero impegno: se vi piace, poi ne parliamo. Se volete vedere cosa facciamo: denkicode.com","Barber Club, Mondovì. 343 follower, 38 post. Old style man. Bio vuota, nessun link.",2026-09-25-instagram-siti-piemonte-barbieri,siti,,
@berlinbarbershop2025,Berlin Barbershop,Ceva (CN),Barbiere,588,1,"cercato «site:instagram.com barbiere mondovì» su Google → profilo aperto il 25/9: 588 follower, 60 post, in bio solo il link a Google Maps, via Madonna di Campagna 6 a Ceva [verifica-sito] senza motori · domini: berlinbarbershop.com (vivo, indovinato: Soul Objects, Berlin´s Unique Concept Store) · aperti a mano il 25/9: berlinbarbershop.com e' un'altra attivita' (concept store di Berlino), non e' loro",,,"Ciao, sono Patrick di DenkiCode.

Senza appuntamento, orario continuato e la bio in tre lingue: il Berlin Barbershop di Ceva sa accogliere chiunque entri.

Ho notato però una cosa: in bio c'è solo la mappa di Google, e un sito vostro non c'è.

Abbiamo preso ispirazione dal vostro profilo e abbiamo realizzato una bozza del vostro sito.

Preferite che ve la mandi qui su Instagram, o prima ne parliamo due minuti al telefono? In ogni caso zero costi e zero impegno: se vi piace, poi ne parliamo. Se volete vedere cosa facciamo: denkicode.com","Berlin Barbershop, via Madonna di Campagna 6, Ceva. 588 follower, 60 post. Senza appuntamento, orario continuato. Highlight tagli e sfumature. In bio Google Maps.",2026-09-25-instagram-siti-piemonte-barbieri,siti,,
@warberstudio,Warber Studio,Pinerolo (TO),Barbiere,847,5,"cercato «site:instagram.com barbiere pinerolo» su Google → profilo aperto il 25/9: 847 follower, 23 post, link in bio a ZetaBarber (prenotazioni), via Luigi Einaudi 55 [verifica-sito] senza motori · domini: nessuno risponde",,,"Ciao, sono Patrick di DenkiCode.

«New concept» in via Einaudi, con tre barbieri e ognuno il suo profilo: Warber è partito con le idee chiare.

Ho notato però una cosa: si prenota da ZetaBarber, ma un sito vostro non c'è, e su Google chi cerca un barbiere a Pinerolo trova gli altri.

Abbiamo preso ispirazione dal vostro profilo e abbiamo realizzato una bozza del vostro sito.

Preferite che ve la mandi qui su Instagram, o prima ne parliamo due minuti al telefono? In ogni caso zero costi e zero impegno: se vi piace, poi ne parliamo. Se volete vedere cosa facciamo: denkicode.com","Warber Studio, via Luigi Einaudi 55, Pinerolo. 847 follower, 23 post. New concept, barbieri @jieewang, @edoardobaravallo, @mucci.teo. Prenotazioni su ZetaBarber.",2026-09-25-instagram-siti-piemonte-barbieri,siti,,
@esse_hair_cut,Esse Haircut,Torino (TO),Catena di barbieri,10700,5,"cercato «site:instagram.com barbiere pinerolo» su Google → profilo aperto il 25/9: 10.700 follower, 54 post, link in bio linktr.ee/essehaircut, sedi a Pinerolo (via del Duomo 33), Torino Lingotto e Santa Rita, Orbassano e Nichelino [verifica-sito] senza motori · domini: nessuno risponde · Google «""Esse Haircut"" Torino»: pagine ZetaBarber delle sedi (Santa Rita, Lingotto), nessun sito proprio",,,"Ciao, sono Patrick di DenkiCode.

Da Santa Rita a Pinerolo, passando per il Lingotto, Orbassano e Nichelino: cinque sedi in pochi anni, più l'estetica.

Ho notato però una cosa: con cinque negozi tutto passa da un Linktree e dalle pagine di ZetaBarber, e un sito vostro dove trovarli non c'è.

Abbiamo preso ispirazione dal vostro profilo e abbiamo realizzato una bozza del vostro sito.

Preferite che ve la mandi qui su Instagram, o prima ne parliamo due minuti al telefono? In ogni caso zero costi e zero impegno: se vi piace, poi ne parliamo. Se volete vedere cosa facciamo: denkicode.com","Esse Haircut, catena di barbieri: via del Duomo 33 Pinerolo, via Genova 83 Torino, Lingotto, Santa Rita, Orbassano, Nichelino. 10.700 follower, 54 post. Anche estetica. Fondatore Simone Giustino (@barber_giustinsss). In bio Linktree.",2026-09-25-instagram-siti-piemonte-barbieri,siti,,
@barbershop_brothers_10064,Barber Shop Said & Aziz,Pinerolo (TO),Barbiere,603,1,"cercato «site:instagram.com barbiere pinerolo» su Google → profilo aperto il 25/9: 603 follower, 334 post, in bio la pagina Facebook e un secondo link, via Bignone 14 [verifica-sito] senza motori · domini: nessuno risponde",,,"Ciao, sono Patrick di DenkiCode.

Due fratelli, un negozio in via Bignone e più di trecento post: Said e Aziz, orario continuato dalle nove alle venti.

Ho notato però una cosa: in bio c'è la pagina Facebook, ma un sito vostro non c'è.

Abbiamo preso ispirazione dal vostro profilo e abbiamo realizzato una bozza del vostro sito.

Preferite che ve la mandi qui su Instagram, o prima ne parliamo due minuti al telefono? In ogni caso zero costi e zero impegno: se vi piace, poi ne parliamo. Se volete vedere cosa facciamo: denkicode.com","Barber Shop Brothers, Said e Aziz, via Bignone 14, Pinerolo. 603 follower, 334 post. Orario continuato 9-20. In bio Facebook.",2026-09-25-instagram-siti-piemonte-barbieri,siti,,
@barberniego,Barber Niego,Borgofranco d'Ivrea (TO),Barbiere,1091,4,"cercato «site:instagram.com barbiere ivrea» su Google → profilo aperto il 25/9: 1.091 follower, 225 post, link in bio barberniego.business.site che risponde 404 (i siti Google Business sono stati chiusi) [verifica-sito] senza motori · domini: nessuno risponde",,,"Ciao, sono Patrick di DenkiCode.

Due barbieri, un negozio a Borgofranco e più di duecento post: «vivi la nostra esperienza» in bio non è una frase fatta.

Ho notato però una cosa: il link in bio, barberniego.business.site, non apre più niente, perché Google quei siti li ha chiusi. Chi lo tocca trova una pagina di errore.

Abbiamo preso ispirazione dal vostro profilo e abbiamo realizzato una bozza del vostro sito.

Preferite che ve la mandi qui su Instagram, o prima ne parliamo due minuti al telefono? In ogni caso zero costi e zero impegno: se vi piace, poi ne parliamo. Se volete vedere cosa facciamo: denkicode.com","Barber Niego, Borgofranco d'Ivrea. 1.091 follower, 225 post. Barbieri @youngniego e Gabriele. Link in bio barberniego.business.site: 404.",2026-09-25-instagram-siti-piemonte-barbieri,siti,,
@antoniocioffi.barbershop,Antonio Cioffi Barber Shop,Banchette (TO),Barbiere e parrucchiere,799,1,"cercato «site:instagram.com barbiere ivrea» su Google → profilo aperto il 25/9: 799 follower, 226 post, nessun sito in bio, via Castellamonte 18 d a Banchette [verifica-sito] senza motori · domini: nessuno risponde",,,"Ciao Antonio, sono Patrick di DenkiCode.

Hair salon e barber shop insieme in via Castellamonte, con oltre duecento post di colori e tagli: il lavoro si vede.

Ho notato però una cosa: per prenotare c'è solo il telefono, e chi cerca un barbiere vicino a Ivrea su Google non trova un sito tuo.

Abbiamo preso ispirazione dal tuo profilo e abbiamo realizzato una bozza del tuo sito.

Preferisci che te la mandi qui su Instagram, o prima ne parliamo due minuti al telefono? In ogni caso zero costi e zero impegno: se ti piace, poi ne parliamo. Se vuoi vedere cosa facciamo: denkicode.com","Antonio Cioffi, hair salon e barber shop, via Castellamonte 18 d, Banchette (Ivrea). 799 follower, 226 post. Solo telefono.",2026-09-25-instagram-siti-piemonte-barbieri,siti,,
@barber.shop_costa,Barber Shop Costa,Ivrea (TO),Barbiere,601,1,"cercato «site:instagram.com barbiere ivrea» su Google → profilo aperto il 25/9: 601 follower, 149 post, nessun link in bio, via Torino 241 (Sangrato) [verifica-sito] senza motori · domini: nessuno risponde",,,"Ciao Ahmed, sono Patrick di DenkiCode.

BarberMan in via Torino, zona Sangrato, con quasi centocinquanta post di tagli: il negozio ha già il suo giro.

Ho notato però una cosa: si prenota solo al telefono, e chi cerca un barbiere a Ivrea su Google non trova un sito tuo.

Abbiamo preso ispirazione dal tuo profilo e abbiamo realizzato una bozza del tuo sito.

Preferisci che te la mandi qui su Instagram, o prima ne parliamo due minuti al telefono? In ogni caso zero costi e zero impegno: se ti piace, poi ne parliamo. Se vuoi vedere cosa facciamo: denkicode.com","Barber Shop Costa di Ahmed Costa, via Torino 241, Sangrato, Ivrea. 601 follower, 149 post. Solo telefono.",2026-09-25-instagram-siti-piemonte-barbieri,siti,,
@mr_freshcut,Fresh Cut da Guly,Ivrea (TO),Barbiere,501,1,"cercato «site:instagram.com barbiere ivrea» su Google → profilo aperto il 25/9: 501 follower, 63 post, nessun link in bio, via Jervis 49 [verifica-sito] senza motori · domini: nessuno risponde",,,"Ciao Guly, sono Patrick di DenkiCode.

«Labor omnia vincit» in bio e negli highlight mullet, taper, disegni e colori pazzi: da Fresh Cut si osa.

Ho notato però una cosa: per prenotare bisogna chiamare, e chi cerca un barbiere a Ivrea su Google non trova un sito tuo.

Abbiamo preso ispirazione dal tuo profilo e abbiamo realizzato una bozza del tuo sito.

Preferisci che te la mandi qui su Instagram, o prima ne parliamo due minuti al telefono? In ogni caso zero costi e zero impegno: se ti piace, poi ne parliamo. Se vuoi vedere cosa facciamo: denkicode.com","Fresh Cut da Guly (@gulyconlay), via Jervis 49, Ivrea. 501 follower, 63 post. Highlight Crazy color, Mullet/taper, Disegni, Sfumature. Solo telefono.",2026-09-25-instagram-siti-piemonte-barbieri,siti,,
@dodici_hairlab_barber,Dodici Hair Lab,Ivrea (TO),Barbiere e haircolor,681,5,"cercato «site:instagram.com barbiere ivrea» su Google → profilo aperto il 25/9: 681 follower, 20 post, link in bio barberapp.it (prenotazioni su BarberApp), via Giuseppe di Vittorio 2 [verifica-sito] senza motori · domini: nessuno risponde",,,"Ciao, sono Patrick di DenkiCode.

Un laboratorio artistico per capelli fondato da Sickboy e Valeria Sacchi: con ventiseimila persone che seguono Sickboy, Dodici parte avvantaggiato.

Ho notato però una cosa: si prenota da BarberApp, ma un sito vostro non c'è, e chi cerca il laboratorio su Google non lo trova.

Abbiamo preso ispirazione dal vostro profilo e abbiamo realizzato una bozza del vostro sito.

Preferite che ve la mandi qui su Instagram, o prima ne parliamo due minuti al telefono? In ogni caso zero costi e zero impegno: se vi piace, poi ne parliamo. Se volete vedere cosa facciamo: denkicode.com","Dodici Hair Lab, via Giuseppe di Vittorio 2, Ivrea. 681 follower, 20 post. Fondatori @sickboy_barber (26 mila follower) e @valeriasacchi_. Prenotazioni su BarberApp.",2026-09-25-instagram-siti-piemonte-barbieri,siti,,
@barber26_,Barber 26 di Marco Lalomia,Chieri (TO),Barbiere e academy,1098,5,"cercato «site:instagram.com barbiere chieri» su Google → profilo aperto il 25/9: 1.098 follower, 44 post, link in bio app.cutapp.it (prenotazioni su CutApp), via Cesare Battisti 23 [verifica-sito] senza motori · domini: nessuno risponde",,,"Ciao Marco, sono Patrick di DenkiCode.

Negli highlight ci sono Torino, Genoa e Sassuolo, e in più l'academy: i calciatori vengono a Chieri a farsi tagliare da te.

Ho notato però una cosa: si prenota da CutApp, ma un sito tuo non c'è, e l'academy su Google non si trova.

Abbiamo preso ispirazione dal tuo profilo e abbiamo realizzato una bozza del tuo sito.

Preferisci che te la mandi qui su Instagram, o prima ne parliamo due minuti al telefono? In ogni caso zero costi e zero impegno: se ti piace, poi ne parliamo. Se vuoi vedere cosa facciamo: denkicode.com","Barber 26 di Marco Lalomia, via Cesare Battisti 23, Chieri. 1.098 follower, 44 post. Highlight con Torino FC, Genoa, Sassuolo. Academy (@barber26academy). Prenotazioni su CutApp.",2026-09-25-instagram-siti-piemonte-barbieri,siti,,
@ab.barberlab,AB Barberlab,Chieri (TO),Barbiere,611,5,"cercato «site:instagram.com barbiere chieri» su Google → profilo aperto il 25/9: 611 follower, 134 post, link in bio onelink.to (l'app per prenotare), via Vittorio Emanuele II 4 [verifica-sito] senza motori · domini: barberlab.it (vivo, indovinato: WordPress Description); barberlab.com (vivo, indovinato: BarberLab.com is for sale | HugeDomains); barberlab.net (parcheggiato, indovinato) · aperti a mano il 25/9: barberlab.it e' un WordPress vuoto senza Chieri, barberlab.com e' in vendita: non e' loro",,,"Ciao, sono Patrick di DenkiCode.

«Il prezzo è quello che paghi, il valore è quello che ottieni»: una bio così la scrive chi ha fiducia nel suo lavoro, e con il merch avete già un marchio.

Ho notato però una cosa: il link in bio porta solo all'app per prenotare, e un sito vostro non c'è.

Abbiamo preso ispirazione dal vostro profilo e abbiamo realizzato una bozza del vostro sito.

Preferite che ve la mandi qui su Instagram, o prima ne parliamo due minuti al telefono? In ogni caso zero costi e zero impegno: se vi piace, poi ne parliamo. Se volete vedere cosa facciamo: denkicode.com","AB Barberlab, via Vittorio Emanuele II 4, Chieri. 611 follower, 134 post. Merch, inaugurazione. In bio link all'app di prenotazione (onelink.to).",2026-09-25-instagram-siti-piemonte-barbieri,siti,,
@acconciature_lu_nico,Acconciature Lu e Nico Barber,Chieri (TO),Hairstylist e barbiere,359,1,"cercato «site:instagram.com barbiere chieri» su Google → profilo aperto il 25/9: 359 follower, 221 post, nessun link in bio (solo la pagina Facebook citata), via Cesare Battisti 7 [verifica-sito] senza motori · domini: nessuno risponde",,,"Ciao, sono Patrick di DenkiCode.

Lu per le donne e Nico per gli uomini, nello stesso negozio di via Battisti: più di duecento post, e si vede che siete una squadra.

Ho notato però una cosa: in bio c'è solo il riferimento a Facebook, e chi cerca un barbiere a Chieri su Google non trova un sito vostro.

Abbiamo preso ispirazione dal vostro profilo e abbiamo realizzato una bozza del vostro sito.

Preferite che ve la mandi qui su Instagram, o prima ne parliamo due minuti al telefono? In ogni caso zero costi e zero impegno: se vi piace, poi ne parliamo. Se volete vedere cosa facciamo: denkicode.com","Acconciature Lu e Nico Barber, via Cesare Battisti 7, Chieri. 359 follower, 221 post. Hairstylist e barbiere. Pagina Facebook Acconciature Lu.",2026-09-25-instagram-siti-piemonte-barbieri,siti,,
@barberia_el_cholo,Barberia El Cholo,Rivoli (TO),Barbiere,974,1,"cercato «site:instagram.com barbiere rivoli» su Google → profilo aperto il 25/9: 974 follower, 144 post, nessun link in bio, via Cavour 15/A [verifica-sito] senza motori · domini: nessuno risponde",,,"Ciao, sono Patrick di DenkiCode.

El Cholo in via Cavour, col giovedì aperto fino alle otto e mezza e il sabato senza appuntamento: siete comodi per chi lavora.

Ho notato però una cosa: in bio ci sono solo gli orari, e chi cerca un barbiere a Rivoli su Google non trova un sito vostro.

Abbiamo preso ispirazione dal vostro profilo e abbiamo realizzato una bozza del vostro sito.

Preferite che ve la mandi qui su Instagram, o prima ne parliamo due minuti al telefono? In ogni caso zero costi e zero impegno: se vi piace, poi ne parliamo. Se volete vedere cosa facciamo: denkicode.com","Barberia El Cholo, via Cavour 15/A, Rivoli. 974 follower, 144 post. Giovedì fino alle 20.30, sabato senza appuntamento. Nessun link.",2026-09-25-instagram-siti-piemonte-barbieri,siti,,
@maschiolatino__barbershop,Maschio Latino Barber Shop,Rivoli (TO),Barbiere,616,1,"cercato «site:instagram.com barbiere rivoli» su Google → profilo aperto il 25/9: 616 follower, 330 post, in bio solo la pagina Facebook, corso XXV Aprile 12/B [verifica-sito] senza motori · domini: nessuno risponde",,,"Ciao, sono Patrick di DenkiCode.

«Barbers and hair stylists for gentlemen» e un nome che non si dimentica: Maschio Latino in corso XXV Aprile ha carattere.

Ho notato però una cosa: in bio c'è solo la pagina Facebook, e un sito vostro non c'è.

Abbiamo preso ispirazione dal vostro profilo e abbiamo realizzato una bozza del vostro sito.

Preferite che ve la mandi qui su Instagram, o prima ne parliamo due minuti al telefono? In ogni caso zero costi e zero impegno: se vi piace, poi ne parliamo. Se volete vedere cosa facciamo: denkicode.com","Maschio Latino Barber Shop, corso XXV Aprile 12/B, Rivoli. 616 follower, 330 post. Barbers and hair stylists for gentlemen. In bio Facebook.",2026-09-25-instagram-siti-piemonte-barbieri,siti,,
@michaelcosta.mchair,MC Hair di Michael Costa,Nichelino (TO),Men's hairstylist,8364,5,"cercato «site:instagram.com barbiere nichelino» su Google → profilo aperto il 25/9: 8.364 follower, 85 post, link in bio treatwell.it/salone/mchair-di-michael-costa, via Cuneo 11 [verifica-sito] senza motori · domini: nessuno risponde · Google «""MC Hair"" Michael Costa Nichelino»: pagine Fresha e Pagine Gialle, nessun sito proprio",,,"Ciao Michael, sono Patrick di DenkiCode.

Undici anni di mestiere, un team tutto tuo in via Cuneo e più di ottomila persone che ti seguono: MC Hair è già un marchio.

Ho notato però una cosa: si prenota da Treatwell, su Google compare anche Fresha, ma un sito tuo non c'è.

Abbiamo preso ispirazione dal tuo profilo e abbiamo realizzato una bozza del tuo sito.

Preferisci che te la mandi qui su Instagram, o prima ne parliamo due minuti al telefono? In ogni caso zero costi e zero impegno: se ti piace, poi ne parliamo. Se vuoi vedere cosa facciamo: denkicode.com","MC Hair di Michael Costa, via Cuneo 11, Nichelino. 8.364 follower, 85 post. Men's hairstylist, team @jvcohaze e @christian_la_face. 11 anni di esperienza. Prenotazioni su Treatwell.",2026-09-25-instagram-siti-piemonte-barbieri,siti,,
@_adambarberiaroyal,Adam Barberia Royal,Settimo Torinese (TO),Barbiere,859,1,"cercato «site:instagram.com barbiere settimo torinese» su Google → profilo aperto il 25/9: 859 follower, 374 post, in bio solo TikTok, via Mazzini 11 [verifica-sito] senza motori · domini: nessuno risponde",,,"Ciao Adam, sono Patrick di DenkiCode.

Aperto tutti i giorni con orario continuato, uomo e bimbo, e un listino chiaro: in via Mazzini si entra senza pensarci.

Ho notato però una cosa: in bio c'è solo TikTok, e chi cerca un barbiere a Settimo su Google non trova un sito tuo.

Abbiamo preso ispirazione dal tuo profilo e abbiamo realizzato una bozza del tuo sito.

Preferisci che te la mandi qui su Instagram, o prima ne parliamo due minuti al telefono? In ogni caso zero costi e zero impegno: se ti piace, poi ne parliamo. Se vuoi vedere cosa facciamo: denkicode.com","Adam Barberia Royal, via Mazzini 11, Settimo Torinese. 859 follower, 374 post. Uomo e bimbo, aperto tutti i giorni, taglio a 10 euro. In bio TikTok.",2026-09-25-instagram-siti-piemonte-barbieri,siti,,
@zoobarber_,Zoo Barber,Settimo Torinese (TO),Barbiere,854,1,"cercato «site:instagram.com barbiere settimo torinese» su Google → profilo aperto il 25/9: 854 follower, 38 post, in bio TikTok e un secondo link, via Schiaparelli 1 [verifica-sito] senza motori · domini: nessuno risponde",,,"Ciao Stefano, sono Patrick di DenkiCode.

Zoo Barber è un nome che si ricorda, e il video «è qui che si vede la vera mano» dice bene come lavorate in via Schiaparelli.

Ho notato però una cosa: in bio c'è TikTok, ma un sito vostro non c'è, e su Google chi cerca un barbiere a Settimo trova gli altri.

Abbiamo preso ispirazione dal tuo profilo e abbiamo realizzato una bozza del tuo sito.

Preferisci che te la mandi qui su Instagram, o prima ne parliamo due minuti al telefono? In ogni caso zero costi e zero impegno: se ti piace, poi ne parliamo. Se vuoi vedere cosa facciamo: denkicode.com","Zoo Barber di Stefano Piastra, via Schiaparelli 1, Settimo Torinese. 854 follower, 38 post. Prenotazioni al telefono. In bio TikTok.",2026-09-25-instagram-siti-piemonte-barbieri,siti,,
@_dinaro_barber,Dinaro Barber,Settimo Torinese (TO),Barbiere,1989,1,"cercato «site:instagram.com barbiere settimo torinese» su Google → profilo aperto il 25/9: 1.989 follower, 14 post, in bio una ricerca Google col loro nome e un secondo link, via San Rocco 39 [verifica-sito] senza motori · domini: nessuno risponde",,,"Ciao, sono Patrick di DenkiCode.

Alessio e Daniele, due barbieri in via San Rocco e quasi duemila persone che vi seguono: il passaparola lavora per voi.

Ho notato però una cosa: il link in bio porta a una ricerca di Google col vostro nome, perché un sito vostro non c'è.

Abbiamo preso ispirazione dal vostro profilo e abbiamo realizzato una bozza del vostro sito.

Preferite che ve la mandi qui su Instagram, o prima ne parliamo due minuti al telefono? In ogni caso zero costi e zero impegno: se vi piace, poi ne parliamo. Se volete vedere cosa facciamo: denkicode.com","Dinaro Barber, Alessio e Daniele, via San Rocco 39, Settimo Torinese. 1.989 follower, 14 post. In bio un link a una ricerca Google.",2026-09-25-instagram-siti-piemonte-barbieri,siti,,
@__gentlemens_barbershop__,Gentlemen's Barbershop,Settimo Torinese (TO),Barbiere,4487,5,"cercato «site:instagram.com barbiere settimo torinese» su Google → profilo aperto il 25/9: 4.487 follower, 32 post, nessun link in bio, prenotazioni dall'app BarberApp o al telefono, via Asti 8 [verifica-sito] senza motori · domini: gentlemensbarbershop.it (vivo, indovinato); gentlemensbarbershop.com (vivo, indovinato: Gentlemen's Barbershop); gentlemensbarbershop.ch (vivo, indovinato: Barbershop & Coiffeur Frauenfeld | Gentlemenbarbershop); gentlemensbarbershop.eu (vivo, indovinato: Gentlemens Barbershop – Just another WordPress site); gentlemensbarbershop.net (vivo, indovinato: 💈 Gentlemen`s Barber Shop); gentlemens-barbershop.com (parcheggiato, indovinato); gentlemenbarbershop.it (vivo, indovinato: Gentlemen District|Parrucchiere Uomo e Barbiere a Padova); gentlemenbarbershop.com (vivo, indovinato: Gentlemen District|Parrucchiere Uomo e Barbiere a Padova); gentlemenbarbershop.ch (vivo, indovinato: Barbershop & Coiffeur Frauenfeld | Gentlemenbarbershop) · aperti a mano il 25/9: gentlemensbarbershop.it e .com sono di un'altra attivita' (sito estero, senza Settimo ne' il loro numero) · Google «""Gentlemen's Barbershop"" Settimo Torinese»: pagine Treatwell (4,9, 175 recensioni) e Fresha, pagina Facebook, nessun sito proprio",,,"Ciao, sono Patrick di DenkiCode.

Quasi quattromilacinquecento follower, le vostre opinioni e i prodotti in evidenza: il Gentlemen's di via Asti ha il suo pubblico.

Ho notato però una cosa: si prenota da BarberApp, su Google compaiono Treatwell e Fresha, ma un sito vostro non c'è.

Abbiamo preso ispirazione dal vostro profilo e abbiamo realizzato una bozza del vostro sito.

Preferite che ve la mandi qui su Instagram, o prima ne parliamo due minuti al telefono? In ogni caso zero costi e zero impegno: se vi piace, poi ne parliamo. Se volete vedere cosa facciamo: denkicode.com","Gentlemen's Barbershop, via Asti 8, Settimo Torinese. 4.487 follower, 32 post. Prenotazioni su BarberApp o al telefono. Highlight Book with us, Vostre opinioni, Prodotti.",2026-09-25-instagram-siti-piemonte-barbieri,siti,,
@lineauomobarberia,Linea Uomo Barberia,Settimo Torinese (TO),Barbiere,292,1,"cercato «site:instagram.com barbiere settimo torinese» su Google → profilo aperto il 25/9: 292 follower, 169 post, nessun link in bio, via Provana 19 [verifica-sito] senza motori · domini: nessuno risponde",,,"Ciao, sono Patrick di DenkiCode.

Barbiere italiano con un gusto vintage, in via Provana: quasi centosettanta post e uno stile riconoscibile.

Ho notato però una cosa: in bio ci sono solo i numeri, e chi cerca un barbiere a Settimo su Google non trova un sito vostro.

Abbiamo preso ispirazione dal vostro profilo e abbiamo realizzato una bozza del vostro sito.

Preferite che ve la mandi qui su Instagram, o prima ne parliamo due minuti al telefono? In ogni caso zero costi e zero impegno: se vi piace, poi ne parliamo. Se volete vedere cosa facciamo: denkicode.com","Linea Uomo Barberia, via Provana 19, Settimo Torinese. 292 follower, 169 post. Barbiere italiano, stile vintage. Solo telefono.",2026-09-25-instagram-siti-piemonte-barbieri,siti,,
@figaro_barberia_grugliasco,Figaro Barberia,Grugliasco (TO),Barbiere,1320,5,"cercato «site:instagram.com barbiere grugliasco» su Google → profilo aperto il 25/9: 1.320 follower, 320 post, link in bio all'app su App Store, viale Gramsci 48 [verifica-sito] senza motori · domini: nessuno risponde",,,"Ciao, sono Patrick di DenkiCode.

Aperti dal 2017, tagli classici e moderni e la barba col panno caldo: da Figaro si viene per il rito, non solo per il taglio.

Ho notato però una cosa: il link in bio porta all'app per prenotare, ma un sito vostro non c'è, e su Google chi cerca un barbiere a Grugliasco trova gli altri.

Abbiamo preso ispirazione dal vostro profilo e abbiamo realizzato una bozza del vostro sito.

Preferite che ve la mandi qui su Instagram, o prima ne parliamo due minuti al telefono? In ogni caso zero costi e zero impegno: se vi piace, poi ne parliamo. Se volete vedere cosa facciamo: denkicode.com","Figaro Barberia di Maurizio Buono, viale Gramsci 48, Grugliasco. 1.320 follower, 320 post. Dal 2017, tagli classici e moderni, barba con panno caldo. App di prenotazione su App Store.",2026-09-25-instagram-siti-piemonte-barbieri,siti,,
@barbiere_rosario_dal_1962,Barbiere Rosario dal 1962,Grugliasco (TO),Barbiere,456,1,"cercato «site:instagram.com barbiere grugliasco» su Google → profilo aperto il 25/9: 456 follower, 105 post, in bio solo la scheda Google (g.co) [verifica-sito] senza motori · domini: nessuno risponde",,,"Ciao Rosario, sono Patrick di DenkiCode.

Una barberia dal 1962, con i Blues Brothers negli highlight: più di sessant'anni di mestiere e ancora voglia di divertirsi.

Ho notato però una cosa: in bio c'è solo la scheda di Google, e un sito che racconti sessant'anni di barberia non c'è.

Abbiamo preso ispirazione dal tuo profilo e abbiamo realizzato una bozza del tuo sito.

Preferisci che te la mandi qui su Instagram, o prima ne parliamo due minuti al telefono? In ogni caso zero costi e zero impegno: se ti piace, poi ne parliamo. Se vuoi vedere cosa facciamo: denkicode.com","Barbiere Rosario, dal 1962, Grugliasco. 456 follower, 105 post. Highlight Blues Brothers, THE barbiere, Haircut. In bio scheda Google.",2026-09-25-instagram-siti-piemonte-barbieri,siti,,
@atlas_barbershop_grugliasco,Atlas Barbershop,Grugliasco (TO),Barbiere,202,5,"cercato «site:instagram.com barbiere grugliasco» su Google → profilo aperto il 25/9: 202 follower, 13 post, link in bio trea.tw (prenotazioni su Treatwell), via Carolina Spanna 1/26 [verifica-sito] senza motori · domini: atlasbarbershop.com (parcheggiato, indovinato); atlasbarbershop.net (vivo, indovinato: ATLAS Barber Shop | Book Your Star Experience Today) · aperti a mano il 25/9: atlasbarbershop.net e' di un'altra attivita' (sito estero, senza Grugliasco ne' il loro numero)",,,"Ciao, sono Patrick di DenkiCode.

Stile e precisione a Grugliasco, con l'Italia e il Marocco in bio: Atlas mette insieme due scuole di barberia.

Ho notato però una cosa: si prenota da Treatwell o al telefono, ma un sito vostro non c'è.

Abbiamo preso ispirazione dal vostro profilo e abbiamo realizzato una bozza del vostro sito.

Preferite che ve la mandi qui su Instagram, o prima ne parliamo due minuti al telefono? In ogni caso zero costi e zero impegno: se vi piace, poi ne parliamo. Se volete vedere cosa facciamo: denkicode.com","Atlas Barbershop, via Carolina Spanna 1/26, Grugliasco. 202 follower, 13 post. Italia e Marocco. Prenotazioni su Treatwell o al telefono.",2026-09-25-instagram-siti-piemonte-barbieri,siti,,
@marco_barb3r,Air Barber di Marco Zito,Grugliasco (TO),Barbiere,5872,5,"cercato «site:instagram.com barbiere grugliasco» su Google → profilo aperto il 25/9: 5.872 follower, 62 post, link in bio a ZetaBarber (prenotazioni), via Leon Tron 35 [verifica-sito] senza motori · domini: nessuno risponde · Google «""Air Barber"" Grugliasco»: pagine ZetaBarber e Fresha, nessun sito proprio",,,"Ciao Marco, sono Patrick di DenkiCode.

Air Barber in via Leon Tron e quasi seimila persone che ti seguono, con i corsi e il metodo in vista: il tuo lavoro ha un'impronta.

Ho notato però una cosa: si prenota da ZetaBarber, su Google compare anche Fresha, ma un sito tuo non c'è.

Abbiamo preso ispirazione dal tuo profilo e abbiamo realizzato una bozza del tuo sito.

Preferisci che te la mandi qui su Instagram, o prima ne parliamo due minuti al telefono? In ogni caso zero costi e zero impegno: se ti piace, poi ne parliamo. Se vuoi vedere cosa facciamo: denkicode.com","Air Barber di Marco Zito, via Leon Tron 35, Grugliasco. 5.872 follower, 62 post. Metodo-processo-esecuzione, corsi. Prenotazioni su ZetaBarber.",2026-09-25-instagram-siti-piemonte-barbieri,siti,,
@shaqbarber24,Shaqbarber24,Torino (TO),Barbiere,300,5,"cercato «barbieri Torino» su Pagine Gialle → scheda senza sito, Instagram dalla scheda → profilo aperto il 25/9: 300 follower, 28 post, link in bio a ZetaBarber (prenotazioni) e altri tre, via Nizza 181/c [verifica-sito] senza motori · domini: nessuno risponde",,,"Ciao, sono Patrick di DenkiCode.

Top 5 nel freestyle a Malta e alla Balkan Cup: in gara stai coi migliori, e nei tuoi highlight ci sono tutti i tagli, dal taper al burst fade.

Ho notato però una cosa: si prenota da ZetaBarber, ma un sito tuo non c'è, e su Google chi cerca un barbiere in via Nizza trova gli altri.

Abbiamo preso ispirazione dal tuo profilo e abbiamo realizzato una bozza del tuo sito.

Preferisci che te la mandi qui su Instagram, o prima ne parliamo due minuti al telefono? In ogni caso zero costi e zero impegno: se ti piace, poi ne parliamo. Se vuoi vedere cosa facciamo: denkicode.com","Shaqbarber24, via Nizza 181/c, Torino. 300 follower, 28 post. Top 5 freestyle CAT Malta 2025 e Balkan Cup 2026. Prenotazioni su ZetaBarber. Highlight con tutti i tagli.",2026-09-25-instagram-siti-piemonte-barbieri,siti,,
@intestabarbershop,InTesta Barbershop,Chivasso (TO),Barbiere,375,5,"cercato «site:instagram.com barbiere chivasso» su Google → profilo aperto il 25/9: 375 follower, 52 post, in bio un video Facebook, prenotazioni solo su BarberApp, via Torino 74A [verifica-sito] senza motori · domini: nessuno risponde",,,"Ciao, sono Patrick di DenkiCode.

InTesta è un nome che fa sorridere, e aprire alle sette e mezza per chi va a lavorare è un servizio vero.

Ho notato però una cosa: si prenota solo da BarberApp, e un sito vostro non c'è.

Abbiamo preso ispirazione dal vostro profilo e abbiamo realizzato una bozza del vostro sito.

Preferite che ve la mandi qui su Instagram, o prima ne parliamo due minuti al telefono? In ogni caso zero costi e zero impegno: se vi piace, poi ne parliamo. Se volete vedere cosa facciamo: denkicode.com","InTesta Barbershop, via Torino 74A, Chivasso. 375 follower, 52 post. Aperto dalle 7.30. Solo su appuntamento via BarberApp.",2026-09-25-instagram-siti-piemonte-barbieri,siti,,
@andrea_lamura_barber,Barber Garage di Andrea Lamura,Chivasso (TO),Barbiere,10900,5,"cercato «site:instagram.com barbiere chivasso» su Google → profilo aperto il 25/9: 10.900 follower, 5.943 post, nessun link in bio, prenotazioni su ZetaBarber, via Caduti per la Libertà 10b [verifica-sito] senza motori · domini: nessuno risponde · Google «""Barber Garage"" Chivasso»: pagine ZetaBarber e Fresha, nessun sito proprio",,,"Ciao Andrea, sono Patrick di DenkiCode.

Quasi seimila post: un taglio al giorno raccontato per anni, e il Barber Garage di Chivasso lo sanno tutti dov'è.

Ho notato però una cosa: si prenota da ZetaBarber, su Google compare anche Fresha, ma un sito tuo non c'è.

Abbiamo preso ispirazione dal tuo profilo e abbiamo realizzato una bozza del tuo sito.

Preferisci che te la mandi qui su Instagram, o prima ne parliamo due minuti al telefono? In ogni caso zero costi e zero impegno: se ti piace, poi ne parliamo. Se vuoi vedere cosa facciamo: denkicode.com","Barber Garage di Andrea Lamura, via Caduti per la Libertà 10b, Chivasso. 10.900 follower, 5.943 post. Prenotazioni su ZetaBarber o al telefono.",2026-09-25-instagram-siti-piemonte-barbieri,siti,,
@piero_e_erik_1969,Barber Shop Piero ed Erik,Carmagnola (TO),Barbiere,1722,1,"cercato «site:instagram.com barbiere carmagnola» su Google → profilo aperto il 25/9: 1.722 follower, 302 post, in bio solo il link alle recensioni Google, via del Porto 157 [verifica-sito] senza motori · domini: nessuno risponde",,,"Ciao Erik, sono Patrick di DenkiCode.

Da cinquant'anni in via del Porto, da Piero a te, con razor fade, mèches e barba negli highlight: tradizione e tagli di adesso nello stesso negozio.

Ho notato però una cosa: in bio c'è solo il link per le recensioni di Google, e un sito vostro non c'è.

Abbiamo preso ispirazione dal tuo profilo e abbiamo realizzato una bozza del tuo sito.

Preferisci che te la mandi qui su Instagram, o prima ne parliamo due minuti al telefono? In ogni caso zero costi e zero impegno: se ti piace, poi ne parliamo. Se vuoi vedere cosa facciamo: denkicode.com","Barber Shop Piero ed Erik (Erik Cagliero), via del Porto 157, Carmagnola. Da 50 anni, dal 1969. 1.722 follower, 302 post. Highlight Mèches, Razorfade, Cere, Beard. In bio link recensioni Google.",2026-09-25-instagram-siti-piemonte-barbieri,siti,,
@barneysbarberstudio,Barney's Barber Studio,Carmagnola (TO),Barbiere,5336,5,"cercato «site:instagram.com barbiere carmagnola» su Google → profilo aperto il 25/9: 5.336 follower, 347 post, link in bio widget.treatwell.it (prenotazioni su Treatwell) e un secondo link; sedi a Carmagnola (via Baldessano 27) e Savigliano (corso Roma 63) [verifica-sito] senza motori · domini: barneysbarberstudio.com (non risponde, indovinato)",,,"Ciao, sono Patrick di DenkiCode.

Due studi, Carmagnola e Savigliano, i burst fade con l'hair tattoo e perfino la caccia ai tagli omaggio: Barney's sa farsi notare.

Ho notato però una cosa: si prenota da Treatwell, e un sito vostro che tenga insieme le due sedi non c'è.

Abbiamo preso ispirazione dal vostro profilo e abbiamo realizzato una bozza del vostro sito.

Preferite che ve la mandi qui su Instagram, o prima ne parliamo due minuti al telefono? In ogni caso zero costi e zero impegno: se vi piace, poi ne parliamo. Se volete vedere cosa facciamo: denkicode.com","Barney's Barber Studio: via Baldessano 27 Carmagnola, corso Roma 63 Savigliano. 5.336 follower, 347 post. Taper fade, hair tattoo. Prenotazioni su Treatwell.",2026-09-25-instagram-siti-piemonte-barbieri,siti,,
@da_mimmobarber,Da Mimmo Barber Shop,Verbania (VB),Barbiere,90700,5,"cercato «site:instagram.com barbiere verbania» su Google → profilo aperto il 25/9: 90.700 follower, 587 post, nessun link in bio, prenotazioni solo al telefono, via Antonio Baiettini 12 a Intra [verifica-sito] senza motori · domini: nessuno risponde · Google «""Da Mimmo"" barber shop Verbania»: pagina Fresha e schede camerali, nessun sito proprio",,,"Ciao Mimmo, sono Patrick di DenkiCode.

Novantamila persone che ti seguono, un secondo negozio a Pallanza e aperti sette giorni su sette: Da Mimmo a Verbania lo conoscono tutti.

Ho notato però una cosa: con un seguito così in bio non c'è un sito, e su Google chi ti cerca trova la pagina di Fresha e le visure camerali, non Da Mimmo.

Abbiamo preso ispirazione dal tuo profilo e abbiamo realizzato una bozza del tuo sito.

Preferisci che te la mandi qui su Instagram, o prima ne parliamo due minuti al telefono? In ogni caso zero costi e zero impegno: se ti piace, poi ne parliamo. Se vuoi vedere cosa facciamo: denkicode.com","Da Mimmo Barber Shop, via Antonio Baiettini 12, Intra (Verbania). Secondo negozio @da.mimmo.barber.shop.pallanza. 90.700 follower, 587 post. Aperti 7 su 7, 9-20. Solo telefono, nessun link.",2026-09-25-instagram-siti-piemonte-barbieri,siti,,
@mentalitabarbershop,Mentalità Barber Shop,Verbania (VB),Barbiere,348,1,"cercato «site:instagram.com barbiere verbania» su Google → profilo aperto il 25/9: 348 follower, 26 post, nessun link in bio, corso Europa 64 B a Pallanza [verifica-sito] senza motori · domini: nessuno risponde",,,"Ciao, sono Patrick di DenkiCode.

«Mentalità» è un nome che dice come lavori, e il post sulla fame di chi non ha avuto fortuna ma non ha smesso mi è rimasto in testa.

Ho notato però una cosa: in bio c'è solo il numero, e chi cerca un barbiere a Pallanza su Google non trova un sito tuo.

Abbiamo preso ispirazione dal tuo profilo e abbiamo realizzato una bozza del tuo sito.

Preferisci che te la mandi qui su Instagram, o prima ne parliamo due minuti al telefono? In ogni caso zero costi e zero impegno: se ti piace, poi ne parliamo. Se vuoi vedere cosa facciamo: denkicode.com","Mentalità Barber Shop, corso Europa 64 B, Pallanza (Verbania). 348 follower, 26 post. Solo telefono.",2026-09-25-instagram-siti-piemonte-barbieri,siti,,
@pesta_barber,Pesta Barber,Novi Ligure (AL),Barbiere,520,5,"cercato «site:instagram.com barbiere novi ligure» su Google → profilo aperto il 25/9: 520 follower, 28 post, link in bio widget.treatwell.it (prenotazioni su Treatwell) [verifica-sito] senza motori · domini: nessuno risponde",,,"Ciao, sono Patrick di DenkiCode.

Un negozio inaugurato da poco a Novi, con gli orari chiari e la prenotazione online già pronta: sei partito col piede giusto.

Ho notato però una cosa: si prenota da Treatwell, ma un sito tuo non c'è, e su Google chi cerca un barbiere a Novi trova gli altri.

Abbiamo preso ispirazione dal tuo profilo e abbiamo realizzato una bozza del tuo sito.

Preferisci che te la mandi qui su Instagram, o prima ne parliamo due minuti al telefono? In ogni caso zero costi e zero impegno: se ti piace, poi ne parliamo. Se vuoi vedere cosa facciamo: denkicode.com","Pesta Barber, Novi Ligure. 520 follower, 28 post. Negozio inaugurato da poco. Prenotazioni su Treatwell o al telefono.",2026-09-25-instagram-siti-piemonte-barbieri,siti,,
@hooligans_barberia,Hooligan's Barberia,Novi Ligure (AL),Barbiere,685,5,"cercato «site:instagram.com barbiere novi ligure» su Google → profilo aperto il 25/9: 685 follower, 14 post, link in bio all'app BarberApp; sedi in via Nino Bixio 1 a Novi Ligure e in corso Matteotti 24 a Iglesias [verifica-sito] senza motori · domini: nessuno risponde",,,"Ciao Michael, sono Patrick di DenkiCode.

Una barberia a Novi Ligure e una a Iglesias, in Sardegna: Hooligan's è l'unico negozio che conosco con due sedi così lontane.

Ho notato però una cosa: si prenota dall'app BarberApp, ma un sito vostro che tenga insieme le due sedi non c'è.

Abbiamo preso ispirazione dal tuo profilo e abbiamo realizzato una bozza del tuo sito.

Preferisci che te la mandi qui su Instagram, o prima ne parliamo due minuti al telefono? In ogni caso zero costi e zero impegno: se ti piace, poi ne parliamo. Se vuoi vedere cosa facciamo: denkicode.com","Hooligan's Barberia di Michael Chittero: via Nino Bixio 1 Novi Ligure, corso Matteotti 24 Iglesias. 685 follower, 14 post. Prenotazioni dall'app BarberApp. Highlight Orari, Prezzi, Prenota.",2026-09-25-instagram-siti-piemonte-barbieri,siti,,
@bandido_youssef,Bandido Barber Shop,Acqui Terme (AL),Barbiere,592,5,"cercato «site:instagram.com barbiere acqui terme» su Google → profilo aperto il 25/9: 592 follower, 131 post, link in bio heylink.me/bandidoyoussef (pagina di link), via Cardinal Raimondi 10 [verifica-sito] senza motori · domini: bandidobarbershop.com (vivo, indovinato: Domein gereserveerd) · aperti a mano il 25/9: i domini indovinati vivi sono di un'altra attivita', stesso nome ma senza il loro comune",,,"Ciao Youssef, sono Patrick di DenkiCode.

Aperto sette giorni su sette in via Cardinal Raimondi: da Bandido ad Acqui un taglio si trova sempre.

Ho notato però una cosa: il link in bio porta a una pagina di link su Heylink, non a un sito tuo, e su Google Bandido non si trova.

Abbiamo preso ispirazione dal tuo profilo e abbiamo realizzato una bozza del tuo sito.

Preferisci che te la mandi qui su Instagram, o prima ne parliamo due minuti al telefono? In ogni caso zero costi e zero impegno: se ti piace, poi ne parliamo. Se vuoi vedere cosa facciamo: denkicode.com","Bandido Barber Shop di Youssef, via Cardinal Raimondi 10, Acqui Terme. 592 follower, 131 post. Aperto 7 su 7. In bio una pagina Heylink.",2026-09-25-instagram-siti-piemonte-barbieri,siti,,
@acconciature_renato,Acconciature Renato,Acqui Terme (AL),Barbiere e parrucchiere,276,1,"cercato «site:instagram.com barbiere acqui terme» su Google → profilo aperto il 25/9: 276 follower, 119 post, nessun link in bio, corso Bagni 90 [verifica-sito] senza motori · domini: nessuno risponde",,,"Ciao Renato, sono Patrick di DenkiCode.

Barbiere e parrucchiere dal 1982 in corso Bagni: più di quarant'anni di mestiere, e ricevi ancora solo su appuntamento.

Ho notato però una cosa: per prenotare bisogna scriverti qui, e chi cerca un barbiere ad Acqui su Google non trova un sito tuo.

Abbiamo preso ispirazione dal tuo profilo e abbiamo realizzato una bozza del tuo sito.

Preferisci che te la mandi qui su Instagram, o prima ne parliamo due minuti al telefono? In ogni caso zero costi e zero impegno: se ti piace, poi ne parliamo. Se vuoi vedere cosa facciamo: denkicode.com","Acconciature Renato (Renato Cosoleto), corso Bagni 90, Acqui Terme. Barbiere e parrucchiere dal 1982. 276 follower, 119 post. Solo su appuntamento via DM.",2026-09-25-instagram-siti-piemonte-barbieri,siti,,
@ilgeometradeicapelli,Il Geometra dei Capelli,Acqui Terme (AL),Barbiere e parrucchiere uomo donna,514,1,"cercato «site:instagram.com barbiere acqui terme» su Google → profilo aperto il 25/9: 514 follower, 368 post, nessun link in bio, piazza Maggiorino Ferraris 70 [verifica-sito] senza motori · domini: nessuno risponde",,,"Ciao, sono Patrick di DenkiCode.

«Il Geometra dei Capelli» è il nome più preciso che abbia mai visto per un barbiere, e il beard party negli highlight fa venire voglia di esserci.

Ho notato però una cosa: in bio ci sono solo telefono e Facebook, e chi cerca un barbiere ad Acqui su Google non trova un sito tuo.

Abbiamo preso ispirazione dal tuo profilo e abbiamo realizzato una bozza del tuo sito.

Preferisci che te la mandi qui su Instagram, o prima ne parliamo due minuti al telefono? In ogni caso zero costi e zero impegno: se ti piace, poi ne parliamo. Se vuoi vedere cosa facciamo: denkicode.com","Il Geometra dei Capelli, piazza Maggiorino Ferraris 70, Acqui Terme. 514 follower, 368 post. Barber e parrucchiere uomo donna. Highlight color, tattoo, beard party. Telefono, WhatsApp, Facebook.",2026-09-25-instagram-siti-piemonte-barbieri,siti,,
@the.barbers.simo,Simo Barber Fossano,Fossano (CN),Barbiere,599,1,"cercato «site:instagram.com barbiere savigliano OR fossano OR saluzzo» su Google → profilo aperto il 25/9: 599 follower, 162 post, nessun link in bio, via Orfanotrofio 3/c [verifica-sito] senza motori · domini: nessuno risponde",,,"Ciao Simo, sono Patrick di DenkiCode.

Uomo e bimbo, su prenotazione, in via Orfanotrofio: The Barbers a Fossano ha il suo giro fisso, e più di centosessanta post lo raccontano.

Ho notato però una cosa: si prenota solo al telefono, e chi cerca un barbiere a Fossano su Google non trova un sito tuo.

Abbiamo preso ispirazione dal tuo profilo e abbiamo realizzato una bozza del tuo sito.

Preferisci che te la mandi qui su Instagram, o prima ne parliamo due minuti al telefono? In ogni caso zero costi e zero impegno: se ti piace, poi ne parliamo. Se vuoi vedere cosa facciamo: denkicode.com","Simo Barber, The Barbers, via Orfanotrofio 3/c, Fossano. 599 follower, 162 post. Uomo e bimbo, su prenotazione. Solo telefono.",2026-09-25-instagram-siti-piemonte-barbieri,siti,,
@cognata_hair_style,Cognata Hair Style,Fossano (CN),Barbiere,1536,1,"cercato «site:instagram.com barbiere savigliano OR fossano OR saluzzo» su Google → profilo aperto il 25/9: 1.536 follower, 506 post, nessun link in bio, via Marconi 57/a [verifica-sito] senza motori · domini: nessuno risponde",,,"Ciao, sono Patrick di DenkiCode.

Più di cinquecento post di razor fade da via Marconi: a Fossano Cognata Hair Style si riconosce al primo taglio.

Ho notato però una cosa: in bio c'è solo il numero, e chi cerca un barbiere a Fossano su Google non trova un sito tuo.

Abbiamo preso ispirazione dal tuo profilo e abbiamo realizzato una bozza del tuo sito.

Preferisci che te la mandi qui su Instagram, o prima ne parliamo due minuti al telefono? In ogni caso zero costi e zero impegno: se ti piace, poi ne parliamo. Se vuoi vedere cosa facciamo: denkicode.com","Cognata Hair Style, via Marconi 57/a, Fossano. 1.536 follower, 506 post. Razor fade. Solo telefono.",2026-09-25-instagram-siti-piemonte-barbieri,siti,,
@i_barbarucchieri,I Barbarucchieri,Fossano (CN),Barbiere e parrucchiere,1033,1,"cercato «site:instagram.com barbiere savigliano OR fossano OR saluzzo» su Google → profilo aperto il 25/9: 1.033 follower, 423 post, nessun link in bio, via Marconi 18/20 [verifica-sito] senza motori · domini: nessuno risponde",,,"Ciao, sono Patrick di DenkiCode.

«Barbarucchieri» è la parola giusta per chi fa il barbiere e il parrucchiere insieme, e la mullet edition non passa inosservata.

Ho notato però una cosa: in bio c'è solo l'indirizzo, e chi cerca un barbiere a Fossano su Google non trova un sito vostro.

Abbiamo preso ispirazione dal vostro profilo e abbiamo realizzato una bozza del vostro sito.

Preferite che ve la mandi qui su Instagram, o prima ne parliamo due minuti al telefono? In ogni caso zero costi e zero impegno: se vi piace, poi ne parliamo. Se volete vedere cosa facciamo: denkicode.com","I Barbarucchieri, via Marconi 18/20, Fossano. 1.033 follower, 423 post. Barbiere e parrucchiere, mullet edition. Nessun link.",2026-09-25-instagram-siti-piemonte-barbieri,siti,,
@rosta_barber_shop,Rosta Barber Shop,Saluzzo (CN),Barbiere,474,1,"cercato «site:instagram.com barbiere savigliano OR fossano OR saluzzo» su Google → profilo aperto il 25/9: 474 follower, 31 post, nessun link in bio, via Torino 17/A [verifica-sito] senza motori · domini: nessuno risponde",,,"Ciao, sono Patrick di DenkiCode.

Dal 2017 in via Torino, orario continuato dal martedì al sabato: il Rosta a Saluzzo è una certezza.

Ho notato però una cosa: in bio non c'è un sito, e chi cerca un barbiere a Saluzzo su Google non vi trova.

Abbiamo preso ispirazione dal vostro profilo e abbiamo realizzato una bozza del vostro sito.

Preferite che ve la mandi qui su Instagram, o prima ne parliamo due minuti al telefono? In ogni caso zero costi e zero impegno: se vi piace, poi ne parliamo. Se volete vedere cosa facciamo: denkicode.com","Rosta Barber Shop, via Torino 17/A, Saluzzo. Dal 2017. 474 follower, 31 post. Barbieri @matte_rosta e @michele.cetera. Orario continuato. Nessun link.",2026-09-25-instagram-siti-piemonte-barbieri,siti,,
@the_lord_andrew_barber_shop,The Lord Andrew Barber Shop,Trecate (NO),Barbiere,536,1,"cercato «site:instagram.com barbiere borgomanero OR arona OR galliate OR trecate» su Google → profilo aperto il 25/9: 536 follower, 171 post, nessun dominio proprio in bio, prenotazione obbligatoria, alla Coop di Trecate [verifica-sito] senza motori · domini: nessuno risponde",,,"Ciao Andrew, sono Patrick di DenkiCode.

Un barber shop dentro la Coop di Trecate, con perfino una linea di bijoux tutta tua: The Lord ha stile.

Ho notato però una cosa: la prenotazione è obbligatoria, ma un sito tuo dove farla non c'è.

Abbiamo preso ispirazione dal tuo profilo e abbiamo realizzato una bozza del tuo sito.

Preferisci che te la mandi qui su Instagram, o prima ne parliamo due minuti al telefono? In ogni caso zero costi e zero impegno: se ti piace, poi ne parliamo. Se vuoi vedere cosa facciamo: denkicode.com","The Lord Andrew Barber Shop, Coop Trecate (NO). 536 follower, 171 post. Prenotazione obbligatoria. Highlight Bijoux by Lord, trattamento barba.",2026-09-25-instagram-siti-piemonte-barbieri,siti,,
@barberiacortese,Barberia Cortese,Borgomanero (NO),Barbiere,721,5,"cercato «site:instagram.com barbiere borgomanero OR arona OR galliate OR trecate» su Google → profilo aperto il 25/9: 721 follower, 81 post, link in bio tinyurl verso ZetaBarber (prenotazioni), via IV Novembre 1B [verifica-sito] senza motori · domini: nessuno risponde",,,"Ciao, sono Patrick di DenkiCode.

Barba e capelli per uomo e bambino in via IV Novembre, con un nome che è già una promessa: Barberia Cortese.

Ho notato però una cosa: si prenota da ZetaBarber, ma un sito vostro non c'è.

Abbiamo preso ispirazione dal vostro profilo e abbiamo realizzato una bozza del vostro sito.

Preferite che ve la mandi qui su Instagram, o prima ne parliamo due minuti al telefono? In ogni caso zero costi e zero impegno: se vi piace, poi ne parliamo. Se volete vedere cosa facciamo: denkicode.com","Barberia Cortese, via IV Novembre 1B, Borgomanero. 721 follower, 81 post. Uomo e bambino. Prenotazioni su ZetaBarber.",2026-09-25-instagram-siti-piemonte-barbieri,siti,,
@iltuotaglio_barbershop,Il Tuo Taglio Barbershop,Borgomanero (NO),Barbiere,287,1,"cercato «site:instagram.com barbiere borgomanero OR arona OR galliate OR trecate» su Google → profilo aperto il 25/9: 287 follower, 47 post, nessun link in bio, via Sempione 36 [verifica-sito] senza motori · domini: nessuno risponde",,,"Ciao, sono Patrick di DenkiCode.

«The best barber, we are us»: in via Sempione la sicurezza non vi manca, e i quasi cinquanta post la sostengono.

Ho notato però una cosa: per prenotare c'è solo il numero, e chi cerca un barbiere a Borgomanero su Google non trova un sito vostro.

Abbiamo preso ispirazione dal vostro profilo e abbiamo realizzato una bozza del vostro sito.

Preferite che ve la mandi qui su Instagram, o prima ne parliamo due minuti al telefono? In ogni caso zero costi e zero impegno: se vi piace, poi ne parliamo. Se volete vedere cosa facciamo: denkicode.com","Il Tuo Taglio Barbershop, via Sempione 36, Borgomanero. 287 follower, 47 post. Solo telefono o DM.",2026-09-25-instagram-siti-piemonte-barbieri,siti,,
@barber_shop_monim,Barber Fashion Monim,Trecate (NO),Barbiere,719,1,"cercato «site:instagram.com barbiere borgomanero OR arona OR galliate OR trecate» su Google → profilo aperto il 25/9: 719 follower, 491 post, nessun link in bio, piazza Cattaneo 35 [verifica-sito] senza motori · domini: nessuno risponde",,,"Ciao Monim, sono Patrick di DenkiCode.

Quasi cinquecento post dalla piazza di Trecate, aperto dalle nove alle nove: il tuo negozio non si ferma mai.

Ho notato però una cosa: in bio c'è solo il numero, e chi cerca un barbiere a Trecate su Google non trova un sito tuo.

Abbiamo preso ispirazione dal tuo profilo e abbiamo realizzato una bozza del tuo sito.

Preferisci che te la mandi qui su Instagram, o prima ne parliamo due minuti al telefono? In ogni caso zero costi e zero impegno: se ti piace, poi ne parliamo. Se vuoi vedere cosa facciamo: denkicode.com","Barber Fashion, piazza Riccardo Cattaneo 35, Trecate. 719 follower, 491 post. Orario 9-21. Solo telefono.",2026-09-25-instagram-siti-piemonte-barbieri,siti,,
@il_maestro_4_di_trecate,Il Maestro 4,Trecate (NO),Barbiere,443,1,"cercato «site:instagram.com barbiere borgomanero OR arona OR galliate OR trecate» su Google → profilo aperto il 25/9: 443 follower, 113 post, in bio solo il link a Google Maps [verifica-sito] senza motori · domini: nessuno risponde",,,"Ciao, sono Patrick di DenkiCode.

Romano e Alessio, aperti dalle nove alle nove: Il Maestro a Trecate c'è quando serve.

Ho notato però una cosa: in bio c'è solo la mappa di Google, e un sito vostro non c'è.

Abbiamo preso ispirazione dal vostro profilo e abbiamo realizzato una bozza del vostro sito.

Preferite che ve la mandi qui su Instagram, o prima ne parliamo due minuti al telefono? In ogni caso zero costi e zero impegno: se vi piace, poi ne parliamo. Se volete vedere cosa facciamo: denkicode.com","Il Maestro 4, Trecate. 443 follower, 113 post. Romano e Alessio, orario 9-21. In bio Google Maps.",2026-09-25-instagram-siti-piemonte-barbieri,siti,,
@barbershopdasalah,Barbershop da Salah,Cuneo (CN),Barbiere,5977,5,"cercato «site:instagram.com barbiere cuneo» su Google → profilo aperto il 25/9: 5.977 follower, 338 post, in bio solo la scheda Google (g.co), appuntamenti al telefono a Borgo San Dalmazzo e a Cuneo [verifica-sito] senza motori · domini: nessuno risponde · Google «""Barbershop da Salah"" Cuneo»: pagina Facebook, pagina Fresha (corso Giovanni XXIII 13), scheda su beautyandwellness.it, nessun sito proprio",,,"Ciao, sono Patrick di DenkiCode.

Una famiglia di barbieri con due negozi, Borgo e Cuneo, e quasi seimila persone che vi seguono: il passaparola qui ha fatto il suo lavoro.

Ho notato però una cosa: per prenotare ci sono solo i numeri di telefono, e su Google di vostro ci sono Facebook e Fresha, non un sito.

Abbiamo preso ispirazione dal vostro profilo e abbiamo realizzato una bozza del vostro sito.

Preferite che ve la mandi qui su Instagram, o prima ne parliamo due minuti al telefono? In ogni caso zero costi e zero impegno: se vi piace, poi ne parliamo. Se volete vedere cosa facciamo: denkicode.com","Barbershop da Salah, famiglia di barbieri. Due negozi: Borgo San Dalmazzo e Cuneo. 5.977 follower, 338 post. Appuntamenti al telefono. In bio solo la scheda Google.",2026-09-25-instagram-siti-piemonte-barbieri,siti,,
@cos.barber.shop,Il tuo barbiere di fiducia,Cuneo (CN),Barbiere,390,1,"cercato «site:instagram.com barbiere cuneo» su Google → profilo aperto il 25/9: 390 follower, 24 post, in bio solo TikTok, via Roma 16 a Cuneo [verifica-sito] senza motori · domini: nessuno risponde",,,"Ciao, sono Patrick di DenkiCode.

Taglio, barba e acconciature moderne in via Roma, con i risultati e i feedback dei clienti messi in fila negli highlight: si vede che ci tieni.

Ho notato però una cosa: in bio c'è solo TikTok, e chi cerca un barbiere a Cuneo su Google non trova un sito tuo.

Abbiamo preso ispirazione dal tuo profilo e abbiamo realizzato una bozza del tuo sito.

Preferisci che te la mandi qui su Instagram, o prima ne parliamo due minuti al telefono? In ogni caso zero costi e zero impegno: se ti piace, poi ne parliamo. Se vuoi vedere cosa facciamo: denkicode.com","Il tuo barbiere di fiducia, via Roma 16, Cuneo. 390 follower, 24 post. Taglio, barba, acconciature moderne. Highlight Risultati, Feedback, Servizi. In bio TikTok.",2026-09-25-instagram-siti-piemonte-barbieri,siti,,
@alfribarbershop,Alfri Barbershop,Cuneo (CN),Barbiere,254,5,"cercato «site:instagram.com barbiere cuneo» su Google → profilo aperto il 25/9: 254 follower, 49 post, link in bio alfri-barbershop.webnode.com (pagina su Webnode), via Ponza di San Martino 2 [verifica-sito] senza motori · domini: nessuno risponde",,,"Ciao, sono Patrick di DenkiCode.

Radici dominicane e un barbershop a Cuneo: è una combinazione che in città non ha nessun altro.

Ho notato però una cosa: quello che c'è in bio non è un sito tuo, è una pagina su Webnode, e su Google si vede la differenza.

Abbiamo preso ispirazione dal tuo profilo e abbiamo realizzato una bozza del tuo sito.

Preferisci che te la mandi qui su Instagram, o prima ne parliamo due minuti al telefono? In ogni caso zero costi e zero impegno: se ti piace, poi ne parliamo. Se vuoi vedere cosa facciamo: denkicode.com","Alfri Barbershop, via Ponza di San Martino 2, Cuneo. 254 follower, 49 post. Radici dominicane. In bio una pagina Webnode.",2026-09-25-instagram-siti-piemonte-barbieri,siti,,
@iconbarberhairstyle,Icon Barber Hairstyle,Cuneo (CN),Barbiere e parrucchiere,323,5,"cercato «site:instagram.com barbiere cuneo» su Google → profilo aperto il 25/9: 323 follower, 390 post, link in bio iconbarberhairstyl.wixsite.com (pagina su Wix), via Beppino Nasetta 6/A [verifica-sito] senza motori · domini: nessuno risponde",,,"Ciao, sono Patrick di DenkiCode.

Uomo e donna nello stesso salone, quasi quattrocento post di lavori e perfino un angolo profumi: il profilo racconta un negozio vero.

Ho notato però una cosa: il link in bio porta a una pagina su Wix, con l'indirizzo di Wix, e non a un sito vostro.

Abbiamo preso ispirazione dal vostro profilo e abbiamo realizzato una bozza del vostro sito.

Preferite che ve la mandi qui su Instagram, o prima ne parliamo due minuti al telefono? In ogni caso zero costi e zero impegno: se vi piace, poi ne parliamo. Se volete vedere cosa facciamo: denkicode.com","Icon Barber Hairstyle, via Beppino Nasetta 6/A, Cuneo. 323 follower, 390 post. Uomo e donna, profumi. In bio una pagina Wix (iconbarberhairstyl.wixsite.com).",2026-09-25-instagram-siti-piemonte-barbieri,siti,,
@_barber_shop_rayane,Barber Shop Rayane,Cuneo (CN),Barbiere,1004,1,"cercato «site:instagram.com barbiere cuneo» su Google → profilo aperto il 25/9: 1.004 follower, 27 post, nessun link in bio, numeri per Cuneo e per Bra [verifica-sito] senza motori · domini: nessuno risponde",,,"Ciao Tarik, sono Patrick di DenkiCode.

Un barbiere moderno con due numeri, uno per Cuneo e uno per Bra, e la soddisfazione del cliente scritta in bio come un dovere: mi è piaciuto.

Ho notato però una cosa: in bio non c'è un sito, e chi cerca un barbiere a Cuneo o a Bra su Google non ti trova.

Abbiamo preso ispirazione dal tuo profilo e abbiamo realizzato una bozza del tuo sito.

Preferisci che te la mandi qui su Instagram, o prima ne parliamo due minuti al telefono? In ogni caso zero costi e zero impegno: se ti piace, poi ne parliamo. Se vuoi vedere cosa facciamo: denkicode.com","Barber Shop Rayane di Tarik Dagdag, Cuneo e Bra. 1.004 follower, 27 post. Barbiere uomo moderno. Nessun link in bio.",2026-09-25-instagram-siti-piemonte-barbieri,siti,,
@sestabarbershop,Sesta Barber Shop,Asti (AT),Barbiere,1700,1,"cercato «site:instagram.com barbiere asti» su Google → profilo aperto il 25/9: 1.700 follower, 190 post, nessun link in bio, tre negozi: via Cesare Battisti 19 e via Morando 17 ad Asti, via Manzoni 5 ad Alba [verifica-sito] senza motori · domini: sestabarbershop.it (vivo, indovinato: Site is undergoing maintenance) · aperti a mano il 25/9: i domini indovinati vivi sono di un'altra attivita', stesso nome ma senza il loro comune",,,"Ciao, sono Patrick di DenkiCode.

Tre negozi, due ad Asti e uno ad Alba, ognuno col suo numero: siete cresciuti un taglio alla volta, e si vede.

Ho notato però una cosa: con tre sedi non c'è un sito dove trovarle tutte, e su Google chi vi cerca vede solo Instagram.

Abbiamo preso ispirazione dal vostro profilo e abbiamo realizzato una bozza del vostro sito.

Preferite che ve la mandi qui su Instagram, o prima ne parliamo due minuti al telefono? In ogni caso zero costi e zero impegno: se vi piace, poi ne parliamo. Se volete vedere cosa facciamo: denkicode.com","Sesta Barber Shop: via Cesare Battisti 19 e via Silvio Morando 17 ad Asti, via Manzoni 5 ad Alba. 1.700 follower, 190 post. Nessun link in bio.",2026-09-25-instagram-siti-piemonte-barbieri,siti,,
@lagrandebellezzabarbershop,La Grande Bellezza Barber Shop,Asti (AT),Barbiere,773,1,"cercato «site:instagram.com barbiere asti» su Google → profilo aperto il 25/9: 773 follower, 115 post, in bio solo la pagina Facebook, corso Volta 131 [verifica-sito] senza motori · domini: nessuno risponde",,,"Ciao, sono Patrick di DenkiCode.

«Non fermarsi mai, rinnovarsi sempre» in bio e i prima e dopo in evidenza: il nome La Grande Bellezza ve lo siete guadagnato.

Ho notato però una cosa: in bio c'è solo la pagina Facebook, e chi cerca un barbiere ad Asti su Google non trova un sito vostro.

Abbiamo preso ispirazione dal vostro profilo e abbiamo realizzato una bozza del vostro sito.

Preferite che ve la mandi qui su Instagram, o prima ne parliamo due minuti al telefono? In ogni caso zero costi e zero impegno: se vi piace, poi ne parliamo. Se volete vedere cosa facciamo: denkicode.com","La Grande Bellezza Barber Shop, corso Volta 131, Asti. 773 follower, 115 post. Highlight Prima & Dopo. In bio solo Facebook.",2026-09-25-instagram-siti-piemonte-barbieri,siti,,
@cesc.artigiani.barbieri,Cesc Artigiani Barbieri,Asti (AT),Barbiere,754,1,"cercato «site:instagram.com barbiere asti» su Google → profilo aperto il 25/9: 754 follower, 52 post, link in bio wa.me (WhatsApp) e un secondo link, corso Venezia 49 [verifica-sito] senza motori · domini: nessuno risponde",,,"Ciao, sono Patrick di DenkiCode.

«Artigiani barbieri» è un nome che promette mestiere, e in corso Venezia lo mantenete: orari chiari, prenotazioni veloci.

Ho notato però una cosa: si prenota solo da WhatsApp, e chi cerca un barbiere ad Asti su Google non trova un sito vostro.

Abbiamo preso ispirazione dal vostro profilo e abbiamo realizzato una bozza del vostro sito.

Preferite che ve la mandi qui su Instagram, o prima ne parliamo due minuti al telefono? In ogni caso zero costi e zero impegno: se vi piace, poi ne parliamo. Se volete vedere cosa facciamo: denkicode.com","Cesc Artigiani Barbieri, corso Venezia 49, Asti. Founder @therealcesc. 754 follower, 52 post. Prenotazioni su WhatsApp.",2026-09-25-instagram-siti-piemonte-barbieri,siti,,
@barber.crew111,Barber Crew 111,Asti (AT),Barbiere,1103,5,"cercato «site:instagram.com barbiere asti» su Google → profilo aperto il 25/9: 1.103 follower, 230 post, link in bio fresha.com (prenotazioni su Fresha), corso Volta 111 [verifica-sito] senza motori · domini: nessuno risponde",,,"Ciao, sono Patrick di DenkiCode.

«Scolpiti a rasoio» e i mid fade negli highlight, con una vena comica che non guasta: la vostra crew ha un'identità.

Ho notato però una cosa: si prenota solo da Fresha, e un sito vostro non c'è.

Abbiamo preso ispirazione dal vostro profilo e abbiamo realizzato una bozza del vostro sito.

Preferite che ve la mandi qui su Instagram, o prima ne parliamo due minuti al telefono? In ogni caso zero costi e zero impegno: se vi piace, poi ne parliamo. Se volete vedere cosa facciamo: denkicode.com","Barber Crew 111, corso Volta 111, Asti. 1.103 follower, 230 post. Highlight Scolpiti a rasoio, Mid fade, Esilarante. Prenotazioni su Fresha.",2026-09-25-instagram-siti-piemonte-barbieri,siti,,
@ilpelu_barbershop,Il Pelu Barbershop,Asti (AT),Barbiere,1267,5,"cercato «site:instagram.com barbiere asti» su Google → profilo aperto il 25/9: 1.267 follower, 82 post, link in bio linktr.ee/ilpelu_barbershop, prenotazioni dall'app Il Pelu, corso Alfieri 157 [verifica-sito] senza motori · domini: nessuno risponde",,,"Ciao, sono Patrick di DenkiCode.

Un'app per prenotare, un giornale e perfino i prodotti e i trattamenti in evidenza: in corso Alfieri avete pensato a tutto.

Ho notato però una cosa: tutto passa da un Linktree, e un sito vostro che su Google porti a Il Pelu non c'è.

Abbiamo preso ispirazione dal vostro profilo e abbiamo realizzato una bozza del vostro sito.

Preferite che ve la mandi qui su Instagram, o prima ne parliamo due minuti al telefono? In ogni caso zero costi e zero impegno: se vi piace, poi ne parliamo. Se volete vedere cosa facciamo: denkicode.com","Il Pelu Barbershop, corso Alfieri 157, Asti. 1.267 follower, 82 post. Prenotazioni dall'app Il Pelu. Highlight App, Giornale, Prodotti, Trattamenti, Barba. In bio Linktree.",2026-09-25-instagram-siti-piemonte-barbieri,siti,,
@barber.dave.c,Davide Caterisano,Asti (AT),Barbiere ed educator,62500,5,"cercato «site:instagram.com barbiere asti» su Google → profilo aperto il 25/9: 62.500 follower, 262 post, link in bio linktr.ee/barber.dave.c; lo studio nuovo è @barberdavestudio in via Serafino Grassi 26 [verifica-sito] senza motori · domini: nessuno risponde · Google «""Barber Dave Studio"" Asti»: pagina Fresha dello studio, nessun sito proprio",,,"Ciao Davide, sono Patrick di DenkiCode.

Educator, ambassador e adesso anche il Barber Dave Studio in via Grassi: «cut with me, cut like me» è una promessa che mantieni.

Ho notato però una cosa: corsi, studio, prenotazioni passano da un Linktree e da Fresha, ma un sito tuo che li tenga insieme non c'è.

Abbiamo preso ispirazione dal tuo profilo e abbiamo realizzato una bozza del tuo sito.

Preferisci che te la mandi qui su Instagram, o prima ne parliamo due minuti al telefono? In ogni caso zero costi e zero impegno: se ti piace, poi ne parliamo. Se vuoi vedere cosa facciamo: denkicode.com","Davide Caterisano, barbiere, Asti. 62.500 follower, 262 post. Educator Amighetti, ambassador Cocco Hair Pro. Studio nuovo @barberdavestudio, via Serafino Grassi 26. In bio Linktree.",2026-09-25-instagram-siti-piemonte-barbieri,siti,,
@gottabarbieri,Gotta Barbieri,Alessandria (AL),Barbiere,765,1,"cercato «site:instagram.com barbiere alessandria» su Google → profilo aperto il 25/9: 765 follower, 123 post, in bio solo la pagina Facebook, via Napoli 34 [verifica-sito] senza motori · domini: nessuno risponde",,,"Ciao, sono Patrick di DenkiCode.

Parrucchieri uomo e barbieri in via Napoli, con tagli e look che dalle foto si capisce quanto curate.

Ho notato però una cosa: in bio c'è solo la pagina Facebook, e chi cerca un barbiere ad Alessandria su Google non trova un sito vostro.

Abbiamo preso ispirazione dal vostro profilo e abbiamo realizzato una bozza del vostro sito.

Preferite che ve la mandi qui su Instagram, o prima ne parliamo due minuti al telefono? In ogni caso zero costi e zero impegno: se vi piace, poi ne parliamo. Se volete vedere cosa facciamo: denkicode.com","Gotta Barbieri, via Napoli 34, Alessandria. 765 follower, 123 post. Parrucchiere uomo e barbiere. In bio solo Facebook.",2026-09-25-instagram-siti-piemonte-barbieri,siti,,
@amimanera_barberia,Barberia A Mi Manera,Alessandria (AL),Barbiere,872,5,"cercato «site:instagram.com barbiere alessandria» su Google → profilo aperto il 25/9: 872 follower, 20 post, link in bio all'app su App Store, nessun sito [verifica-sito] senza motori · domini: nessuno risponde",,,"Ciao, sono Patrick di DenkiCode.

«A mi manera» è un nome che dice tutto, e avere già un'app per prenotare vuol dire che fate le cose sul serio.

Ho notato però una cosa: l'app c'è, un sito vostro no, e su Google chi cerca un barbiere ad Alessandria non vi trova.

Abbiamo preso ispirazione dal vostro profilo e abbiamo realizzato una bozza del vostro sito.

Preferite che ve la mandi qui su Instagram, o prima ne parliamo due minuti al telefono? In ogni caso zero costi e zero impegno: se vi piace, poi ne parliamo. Se volete vedere cosa facciamo: denkicode.com","Barberia A Mi Manera, Alessandria (15121). 872 follower, 20 post. Hanno un'app di prenotazione su App Store. Nessun sito.",2026-09-25-instagram-siti-piemonte-barbieri,siti,,
@miss.didi_barber,Miss Didì Barber Edition,Alessandria (AL),Lady barber,1779,1,"cercato «site:instagram.com barbiere alessandria» su Google → profilo aperto il 25/9: 1.779 follower, 366 post, in bio solo TikTok; il salone donna è @miss.didi.alessandria [verifica-sito] senza motori · domini: nessuno risponde",,,"Ciao Didì, sono Patrick di DenkiCode.

Una lady barber con un salone tutto in stile pinkrock: «il primo e unico», e dalle foto non si fatica a crederci.

Ho notato però una cosa: in bio c'è solo TikTok, e chi cerca un barbiere ad Alessandria su Google non trova un sito tuo.

Abbiamo preso ispirazione dal tuo profilo e abbiamo realizzato una bozza del tuo sito.

Preferisci che te la mandi qui su Instagram, o prima ne parliamo due minuti al telefono? In ogni caso zero costi e zero impegno: se ti piace, poi ne parliamo. Se vuoi vedere cosa facciamo: denkicode.com","Miss Didì Barber Edition, Alessandria. 1.779 follower, 366 post. Lady barber, salone in stile pinkrock. Salone donna: @miss.didi.alessandria. In bio TikTok.",2026-09-25-instagram-siti-piemonte-barbieri,siti,,
@barber_shop_di_samuele,Barbershop di Samuele,Alessandria (AL),Barbiere,419,1,"cercato «site:instagram.com barbiere alessandria» su Google → profilo aperto il 25/9: 419 follower, 11 post, in bio solo il link a Google Maps [verifica-sito] senza motori · domini: nessuno risponde",,,"Ciao Samuele, sono Patrick di DenkiCode.

Una barberia storica aperta nel 1984 che riparte con te, e già le collaborazioni con Mr. Chic e una lady barber: è un bel modo di rinnovare.

Ho notato però una cosa: in bio c'è solo la mappa di Google, e un sito che racconti quarant'anni di barberia non c'è.

Abbiamo preso ispirazione dal tuo profilo e abbiamo realizzato una bozza del tuo sito.

Preferisci che te la mandi qui su Instagram, o prima ne parliamo due minuti al telefono? In ogni caso zero costi e zero impegno: se ti piace, poi ne parliamo. Se vuoi vedere cosa facciamo: denkicode.com","Barbershop di Samuele, Alessandria. Barberia storica dal 1984, nuovo titolare Samuele Magnoli. 419 follower, 11 post. Collab con @mr.chicofficial e @dochi_ladybarber. In bio solo Google Maps.",2026-09-25-instagram-siti-piemonte-barbieri,siti,,
@zaak_barber_novara_1,Zaak Barber,Novara (NO),Barbiere,11000,5,"cercato «site:instagram.com barbiere novara» su Google → profilo aperto il 25/9: 11 mila follower, 237 post, nessun link in bio, corso Torino 49B [verifica-sito] senza motori · domini: nessuno risponde · Google «""Zaak Barber"" Novara»: pagina CutApp e post Facebook, nessun sito proprio",,,"Ciao, sono Patrick di DenkiCode.

Undicimila follower, cinque stelle in bio e perfino il listino prezzi negli highlight: in corso Torino avete messo tutto in chiaro.

Ho notato però una cosa: in bio non c'è un sito, e chi cerca un barbiere a Novara su Google trova la vostra pagina di CutApp, non il vostro listino.

Abbiamo preso ispirazione dal vostro profilo e abbiamo realizzato una bozza del vostro sito.

Preferite che ve la mandi qui su Instagram, o prima ne parliamo due minuti al telefono? In ogni caso zero costi e zero impegno: se vi piace, poi ne parliamo. Se volete vedere cosa facciamo: denkicode.com","Zaak Barber, corso Torino 49B, Novara. 11 mila follower, 237 post. Highlight Foto, Video, Taglio, Listino prezzi, Barba. Nessun link in bio.",2026-09-25-instagram-siti-piemonte-barbieri,siti,,
@barbershopnino,Nino Barber Shop,Novara (NO),Barbiere,854,1,"cercato «site:instagram.com barbiere novara» su Google → profilo aperto il 25/9: 854 follower, 261 post, nessun link in bio, corso Cavallotti 7 [verifica-sito] senza motori · domini: nessuno risponde",,,"Ciao Nino, sono Patrick di DenkiCode.

Più di duecentosessanta post dal negozio di corso Cavallotti: il lavoro lo fai vedere tutti i giorni.

Ho notato però una cosa: per prenotare c'è solo il telefono, e su Google chi cerca un barbiere a Novara non trova un sito tuo.

Abbiamo preso ispirazione dal tuo profilo e abbiamo realizzato una bozza del tuo sito.

Preferisci che te la mandi qui su Instagram, o prima ne parliamo due minuti al telefono? In ogni caso zero costi e zero impegno: se ti piace, poi ne parliamo. Se vuoi vedere cosa facciamo: denkicode.com","Nino Barber Shop, corso Felice Cavallotti 7, Novara. 854 follower, 261 post. Barbieri @ahmetnino e @w_ahmqt1. Solo telefono, nessun link.",2026-09-25-instagram-siti-piemonte-barbieri,siti,,
@ilbarbiere_disiviglia,Il Barbiere di Siviglia,Novara (NO),Barbiere,563,1,"cercato «site:instagram.com barbiere novara» su Google → profilo aperto il 25/9: 563 follower, 151 post, nessun link in bio, corso Cavallotti 21, prenotazioni al telefono e per email [verifica-sito] senza motori · domini: ilbarbieredisiviglia.it (vivo, indovinato: ilbarbieredisiviglia.it) · aperti a mano il 25/9: ilbarbieredisiviglia.it e' un dominio in vendita, non e' loro",,,"Ciao, sono Patrick di DenkiCode.

Il Barbiere di Siviglia in corso Cavallotti, aperto anche tutto agosto: un nome da opera e un negozio che non chiude mai.

Ho notato però una cosa: si prenota per telefono o per email, e un sito vostro non c'è.

Abbiamo preso ispirazione dal vostro profilo e abbiamo realizzato una bozza del vostro sito.

Preferite che ve la mandi qui su Instagram, o prima ne parliamo due minuti al telefono? In ogni caso zero costi e zero impegno: se vi piace, poi ne parliamo. Se volete vedere cosa facciamo: denkicode.com","Il Barbiere di Siviglia, corso Cavallotti 21, Novara. 563 follower, 151 post. Prenotazioni al telefono o via email. Aperto anche in agosto. Nessun link.",2026-09-25-instagram-siti-piemonte-barbieri,siti,,
@chawa_hairstyle,Chawa Hairstyle,Novara (NO),Barbiere,4262,1,"cercato «site:instagram.com barbiere novara» su Google → profilo aperto il 25/9: 4.262 follower, 57 post, nessun link in bio, corso XXIII Marzo 189/B [verifica-sito] senza motori · domini: nessuno risponde · Google «""Chawa"" hairstyle Novara»: scheda sulla Guida del Messere, nessun sito proprio",,,"Ciao, sono Patrick di DenkiCode.

«Taglio fresco sempre»: con più di quattromila persone che ti seguono a Novara, la promessa la mantieni.

Ho notato però una cosa: in bio ci sono solo gli orari, e chi cerca un barbiere a Novara su Google non trova un sito tuo.

Abbiamo preso ispirazione dal tuo profilo e abbiamo realizzato una bozza del tuo sito.

Preferisci che te la mandi qui su Instagram, o prima ne parliamo due minuti al telefono? In ogni caso zero costi e zero impegno: se ti piace, poi ne parliamo. Se vuoi vedere cosa facciamo: denkicode.com","Chawa Hairstyle, corso XXIII Marzo 189/B, Novara. 4.262 follower, 57 post. Lun-sab 9-19.30. Nessun link in bio.",2026-09-25-instagram-siti-piemonte-barbieri,siti,,
@antica_barberia_novara,Antica Barberia Novara,Novara (NO),Barbiere,532,1,"cercato «site:instagram.com barbiere novara» su Google → profilo aperto il 25/9: 532 follower, 92 post, nessun link in bio [verifica-sito] senza motori · domini: nessuno risponde",,,"Ciao Leonardo, sono Patrick di DenkiCode.

Un'antica barberia che negli highlight ha il total white e i ricci: tradizione nel nome, tagli di adesso nelle foto.

Ho notato però una cosa: in bio non c'è un sito, e chi cerca un barbiere a Novara su Google non ti trova.

Abbiamo preso ispirazione dal tuo profilo e abbiamo realizzato una bozza del tuo sito.

Preferisci che te la mandi qui su Instagram, o prima ne parliamo due minuti al telefono? In ogni caso zero costi e zero impegno: se ti piace, poi ne parliamo. Se vuoi vedere cosa facciamo: denkicode.com","Antica Barberia Novara di Leonardo. 532 follower, 92 post. Highlight Total white, Curl. Nessun link in bio.",2026-09-25-instagram-siti-piemonte-barbieri,siti,,
@lal3pi,Pilosophy Barber,Biella (BI),Barbiere,3432,1,"cercato «site:instagram.com barbiere biella» su Google → profilo aperto il 25/9: 3.432 follower, 365 post, nessun link in bio, via Delleani 37B [verifica-sito] senza motori · domini: nessuno risponde · Google «""Pilosophy"" Biella»: escono solo attività omonime di altre città, nessun sito di Pilosophy",,,"Ciao Pasquale, sono Patrick di DenkiCode.

Pilosophy, tagli di precisione, e negli highlight metodo, geometria, ispirazione: il tuo modo di tagliare ha un nome e una filosofia.

Ho notato però una cosa: per un appuntamento bisogna chiamare, e chi cerca un barbiere a Biella su Google non trova un sito tuo.

Abbiamo preso ispirazione dal tuo profilo e abbiamo realizzato una bozza del tuo sito.

Preferisci che te la mandi qui su Instagram, o prima ne parliamo due minuti al telefono? In ogni caso zero costi e zero impegno: se ti piace, poi ne parliamo. Se vuoi vedere cosa facciamo: denkicode.com","Pilosophy Barber di Pasquale Pizza, via Delleani 37B, Biella. 3.432 follower, 365 post. Tagli di precisione. Highlight Method, Geometry, Inspiration. Nessun link in bio.",2026-09-25-instagram-siti-piemonte-barbieri,siti,,
@minellibarberia,Minelli Barberia,Vercelli (VC),Barbiere,818,1,"cercato «site:instagram.com barbiere vercelli» su Google → profilo aperto il 25/9: 818 follower, 61 post, in bio solo il link alla pagina Minelli Barberia, prenotazioni da app o WhatsApp, via Mercadante 16 [verifica-sito] senza motori · domini: nessuno risponde",,,"Ciao, sono Patrick di DenkiCode.

Una barberia in via Mercadante con le prenotazioni già su app e WhatsApp: fate le cose in ordine.

Ho notato però una cosa: chi cerca un barbiere a Vercelli su Google non trova un sito vostro, perché non c'è.

Abbiamo preso ispirazione dal vostro profilo e abbiamo realizzato una bozza del vostro sito.

Preferite che ve la mandi qui su Instagram, o prima ne parliamo due minuti al telefono? In ogni caso zero costi e zero impegno: se vi piace, poi ne parliamo. Se volete vedere cosa facciamo: denkicode.com","Minelli Barberia, via Saverio Mercadante 16, Vercelli. 818 follower, 61 post. Prenotazioni da app o WhatsApp. Nessun sito.",2026-09-25-instagram-siti-piemonte-barbieri,siti,,
@andres_enobarberia_official,Andrea's Enobarberia,Vercelli (VC),"Barbiere, vino e massaggi",1166,1,"cercato «site:instagram.com barbiere vercelli» su Google → profilo aperto il 25/9: 1.166 follower, 525 post, nessun link in bio, via Emanuele Foà 41 [verifica-sito] senza motori · domini: nessuno risponde",,,"Ciao Andrea, sono Patrick di DenkiCode.

Barber shop, vino e massaggi nello stesso posto: un'enobarberia è un'idea che a Vercelli ce l'hai solo tu.

Ho notato però una cosa: si prenota solo al telefono, e chi cerca un barbiere a Vercelli su Google non trova un sito tuo.

Abbiamo preso ispirazione dal tuo profilo e abbiamo realizzato una bozza del tuo sito.

Preferisci che te la mandi qui su Instagram, o prima ne parliamo due minuti al telefono? In ogni caso zero costi e zero impegno: se ti piace, poi ne parliamo. Se vuoi vedere cosa facciamo: denkicode.com","Andrea's Enobarberia di Andrea Varini, via Emanuele Foà 41, Vercelli. 1.166 follower, 525 post. Barber shop, vino e massaggi. Solo telefono.",2026-09-25-instagram-siti-piemonte-barbieri,siti,,
@esibiskoatelier,Esibisko Atelier,Vercelli (VC),Hair salon e barber shop,1849,5,"cercato «site:instagram.com barbiere vercelli» su Google → profilo aperto il 25/9: 1.849 follower, 344 post, link in bio linktr.ee/esibisko, via XXVI Aprile 24 [verifica-sito] senza motori · domini: nessuno risponde",,,"Ciao, sono Patrick di DenkiCode.

Hair salon e barber shop insieme, e perfino la serata Risó a settembre: Esibisko è un atelier anche di nome.

Ho notato però una cosa: per prenotare c'è un Linktree, ma un sito vostro non c'è, e un Linktree su Google non si trova.

Abbiamo preso ispirazione dal vostro profilo e abbiamo realizzato una bozza del vostro sito.

Preferite che ve la mandi qui su Instagram, o prima ne parliamo due minuti al telefono? In ogni caso zero costi e zero impegno: se vi piace, poi ne parliamo. Se volete vedere cosa facciamo: denkicode.com","Esibisko Atelier, via XXVI Aprile 24, Vercelli. 1.849 follower, 344 post. Hair salon e barber shop, eventi (Risó night). In bio Linktree.",2026-09-25-instagram-siti-piemonte-barbieri,siti,,
@_teosbarbershop_,Teo's Barber Shop,Vercelli (VC),Barbiere,1485,1,"cercato «site:instagram.com barbiere vercelli» su Google → profilo aperto il 25/9: 1.485 follower, 276 post, nessun link in bio, via Thaon de Revel 25 [verifica-sito] senza motori · domini: nessuno risponde",,,"Ciao Teo, sono Patrick di DenkiCode.

Quasi trecento post e anche un corso negli highlight: il negozio di via Thaon de Revel lo racconti bene.

Ho notato però una cosa: in bio non c'è un sito, e chi cerca un barbiere a Vercelli su Google non arriva a te.

Abbiamo preso ispirazione dal tuo profilo e abbiamo realizzato una bozza del tuo sito.

Preferisci che te la mandi qui su Instagram, o prima ne parliamo due minuti al telefono? In ogni caso zero costi e zero impegno: se ti piace, poi ne parliamo. Se vuoi vedere cosa facciamo: denkicode.com","Teo's Barber Shop, via Thaon de Revel 25, Vercelli. 1.485 follower, 276 post. Highlight: corso by Wendi. Nessun link in bio.",2026-09-25-instagram-siti-piemonte-barbieri,siti,,
@lello.barber.shop,Lello Barber Shop,Casale Monferrato (AL),Barbiere,1741,1,"cercato «site:instagram.com barbiere casale monferrato» su Google → profilo aperto il 25/9: 1.741 follower, 214 post, in bio un solo link col nome del negozio e nessun dominio proprio, via Saletta 45/47 [verifica-sito] senza motori · domini: nessuno risponde",,,"Ciao Lello, sono Patrick di DenkiCode.

«Ogni dettaglio è una storia da raccontare», e i video coi clienti in via Saletta lo fanno davvero.

Ho notato però una cosa: chi cerca un barbiere a Casale su Google non trova un sito tuo, perché non c'è.

Abbiamo preso ispirazione dal tuo profilo e abbiamo realizzato una bozza del tuo sito.

Preferisci che te la mandi qui su Instagram, o prima ne parliamo due minuti al telefono? In ogni caso zero costi e zero impegno: se ti piace, poi ne parliamo. Se vuoi vedere cosa facciamo: denkicode.com","Lello Barber Shop, via Saletta 45/47, Casale Monferrato. 1.741 follower, 214 post. Man, barber. Video coi clienti. Nessun dominio proprio in bio.",2026-09-25-instagram-siti-piemonte-barbieri,siti,,
@ghoststudio_gs,Ghost Studio,Casale Monferrato (AL),Barbiere,825,5,"cercato «site:instagram.com barbiere casale monferrato» su Google → profilo aperto il 25/9: 825 follower, 38 post, link in bio sumupbookings.com (prenotazioni su SumUp), via Galeotto del Carretto 4 [verifica-sito] senza motori · domini: ghoststudio.it (vivo, indovinato: Ghost Studio); ghoststudio.com (parcheggiato, indovinato); ghoststudio.ch (vivo, indovinato: Ghost Studio); ghoststudio.eu (vivo, indovinato: Home | GHOST STUDIO); ghoststudio.net (vivo, indovinato: GHOST STUDIO | 고스트스튜디오); ghost-studio.com (vivo, indovinato: Ghost-Studio.com is for sale | HugeDomains) · aperti a mano il 25/9: ghoststudio.it e' di un'altra attivita' (agenzia di eventi e PR), non e' loro",,,"Ciao, sono Patrick di DenkiCode.

«Non un taglio qualunque»: fade, barba e design, con i prima e dopo in evidenza. Ghost Studio ha un'identità chiara.

Ho notato però una cosa: si prenota da SumUp, ma un sito vostro non c'è, e su Google Ghost Studio si trova solo su Instagram.

Abbiamo preso ispirazione dal vostro profilo e abbiamo realizzato una bozza del vostro sito.

Preferite che ve la mandi qui su Instagram, o prima ne parliamo due minuti al telefono? In ogni caso zero costi e zero impegno: se vi piace, poi ne parliamo. Se volete vedere cosa facciamo: denkicode.com","Ghost Studio, via Galeotto del Carretto 4, Casale Monferrato. 825 follower, 38 post. Taglio, fade, barba, design. Prenotazioni su SumUp Bookings.",2026-09-25-instagram-siti-piemonte-barbieri,siti,,
@clover_barber_club,Clover Barber Club,Casale Monferrato (AL),Barbiere,564,5,"cercato «site:instagram.com barbiere casale monferrato» su Google → profilo aperto il 25/9: 564 follower, 49 post, link in bio a beautycheck.it (prenotazioni su Beautycheck), piazza Statuto 9B [verifica-sito] senza motori · domini: nessuno risponde",,,"Ciao, sono Patrick di DenkiCode.

«Dove l'uomo si prende il suo tempo», con capelli, barba e trattamento viso: il nome Club ci sta tutto.

Ho notato però una cosa: si prenota da Beautycheck, ma un sito vostro non c'è.

Abbiamo preso ispirazione dal vostro profilo e abbiamo realizzato una bozza del vostro sito.

Preferite che ve la mandi qui su Instagram, o prima ne parliamo due minuti al telefono? In ogni caso zero costi e zero impegno: se vi piace, poi ne parliamo. Se volete vedere cosa facciamo: denkicode.com","Clover Barber Club, piazza Statuto 9B, Casale Monferrato. 564 follower, 49 post. Capelli, barba, trattamento viso. Prenotazioni su Beautycheck.",2026-09-25-instagram-siti-piemonte-barbieri,siti,,
@delo_hair_studio,Delo Hair Studio,Casale Monferrato (AL),Barbiere,1037,5,"cercato «site:instagram.com barbiere casale monferrato» su Google → profilo aperto il 25/9: 1.037 follower, 37 post, link in bio treatwell.it/salone/delo-hair-studio, via Massaia 64 [verifica-sito] senza motori · domini: nessuno risponde",,,"Ciao Marco, sono Patrick di DenkiCode.

Tagli personalizzati, cura della barba e la consulenza prima di tutto: si vede che a ogni cliente dedichi il tempo giusto.

Ho notato però una cosa: si prenota da Treatwell, e chi cerca un barbiere a Casale su Google trova la tua pagina di Treatwell, non un sito tuo.

Abbiamo preso ispirazione dal tuo profilo e abbiamo realizzato una bozza del tuo sito.

Preferisci che te la mandi qui su Instagram, o prima ne parliamo due minuti al telefono? In ogni caso zero costi e zero impegno: se ti piace, poi ne parliamo. Se vuoi vedere cosa facciamo: denkicode.com","Delo Hair Studio di Marco (@marco.delozzobarber), via Guglielmo Massaia 64, Casale Monferrato. 1.037 follower, 37 post. Prenotazioni su Treatwell.",2026-09-25-instagram-siti-piemonte-barbieri,siti,,
@ikibeautysalonnbarber,Iki Barber Shop,Casale Monferrato (AL),Barbiere,602,1,"cercato «site:instagram.com barbiere casale monferrato» su Google → profilo aperto il 25/9: 602 follower, 130 post, nessun link e nessuna bio, via Paleologi 48 [verifica-sito] senza motori · domini: nessuno risponde",,,"Ciao, sono Patrick di DenkiCode.

Centotrenta post e una raccolta intera dedicata ai vostri clienti con la barba: in via Paleologi lavorate e si vede.

Ho notato però una cosa: in bio non c'è niente oltre all'indirizzo, e chi cerca un barbiere a Casale su Google non trova un sito vostro.

Abbiamo preso ispirazione dal vostro profilo e abbiamo realizzato una bozza del vostro sito.

Preferite che ve la mandi qui su Instagram, o prima ne parliamo due minuti al telefono? In ogni caso zero costi e zero impegno: se vi piace, poi ne parliamo. Se volete vedere cosa facciamo: denkicode.com","Iki Barber Shop, via Paleologi 48, Casale Monferrato. 602 follower, 130 post. Highlight Our bearded men. Nessun link, nessuna bio.",2026-09-25-instagram-siti-piemonte-barbieri,siti,,
@karisma__barbershop_,Karisma Barbershop,Domodossola (VB),Barbiere,695,1,"cercato «site:instagram.com barbiere domodossola OR omegna OR cossato OR borgosesia» su Google → profilo aperto il 25/9: 695 follower, 79 post, in bio un solo link col nome del negozio e nessun dominio proprio, corso Colonnello Attilio Moneta 64 [verifica-sito] senza motori · domini: nessuno risponde",,,"Ciao, sono Patrick di DenkiCode.

Taglio, barba, contorno e perfino le sopracciglia a filo: al Karisma di corso Moneta fate tutto quello che serve a un uomo.

Ho notato però una cosa: chi cerca un barbiere a Domodossola su Google non trova un sito vostro, e il listino resta chiuso negli highlight.

Abbiamo preso ispirazione dal vostro profilo e abbiamo realizzato una bozza del vostro sito.

Preferite che ve la mandi qui su Instagram, o prima ne parliamo due minuti al telefono? In ogni caso zero costi e zero impegno: se vi piace, poi ne parliamo. Se volete vedere cosa facciamo: denkicode.com","Karisma Barbershop, corso Colonnello Attilio Moneta 64, Domodossola. 695 follower, 79 post. Taglio, barba, contorno, sopracciglia a filo, ceretta. Highlight prezzi. Nessun dominio proprio.",2026-09-25-instagram-siti-piemonte-barbieri,siti,,
@alex_cosimo_barber,619 Barber Shop di Alex Corasaniti,Omegna (VB),Barbiere,2605,1,"cercato «site:instagram.com barbiere domodossola OR omegna OR cossato OR borgosesia» su Google → profilo aperto il 25/9: 2.605 follower, 207 post, in bio un link a una ricerca Google della piazza, piazza Beltrami 16 a Omegna [verifica-sito] senza motori · domini: nessuno risponde",,,"Ciao Alex, sono Patrick di DenkiCode.

Il 619 Barber Shop in piazza Beltrami e più di duemilaseicento persone che ti seguono: a Omegna ti conoscono in tanti.

Ho notato però una cosa: il link in bio porta a una ricerca di Google sulla piazza, perché un sito tuo non c'è.

Abbiamo preso ispirazione dal tuo profilo e abbiamo realizzato una bozza del tuo sito.

Preferisci che te la mandi qui su Instagram, o prima ne parliamo due minuti al telefono? In ogni caso zero costi e zero impegno: se ti piace, poi ne parliamo. Se vuoi vedere cosa facciamo: denkicode.com","619 Barber Shop di Alex Corasaniti, piazza Beltrami 16, Omegna. 2.605 follower, 207 post. Appuntamenti al telefono. In bio link a una ricerca Google.",2026-09-25-instagram-siti-piemonte-barbieri,siti,,
@benny.barber.and.more,Benny Barber and More,Cossato (BI),Barbiere,209,1,"cercato «site:instagram.com barbiere domodossola OR omegna OR cossato OR borgosesia» su Google → profilo aperto il 25/9: 209 follower, 52 post, in bio TikTok e un secondo link, via XXV Aprile 58 [verifica-sito] senza motori · domini: nessuno risponde",,,"Ciao Benny, sono Patrick di DenkiCode.

Una barber girl a Cossato, con la rasatura calda e il momento di relax al centro di tutto: il tuo negozio si distingue.

Ho notato però una cosa: si prenota al telefono, in bio c'è TikTok, e chi cerca un barbiere a Cossato su Google non trova un sito tuo.

Abbiamo preso ispirazione dal tuo profilo e abbiamo realizzato una bozza del tuo sito.

Preferisci che te la mandi qui su Instagram, o prima ne parliamo due minuti al telefono? In ogni caso zero costi e zero impegno: se ti piace, poi ne parliamo. Se vuoi vedere cosa facciamo: denkicode.com","Benny Barber and More, via XXV Aprile 58, Cossato. 209 follower, 52 post. Barber girl, rasatura calda. Prenotazioni al telefono. In bio TikTok.",2026-09-25-instagram-siti-piemonte-barbieri,siti,,
