Account IG,Nome attivita,Comune (prov),Segmento,Follower,Gancio (1-6),Esito verifica sito,DM inviato (data),Esito DM,Messaggio,Scheda,Lista,Prodotto,Letto (data),Chat
@lash_torino,Extension ciglia Torino,Torino (TO),Extension e laminazione ciglia,1324,1,"cercato «lash torino» su ricerca Instagram → profilo aperto il 29/9: 1.324 follower, 72 post, nessun link in bio, prenotazioni solo in DM, nessun dominio proprio; poi Google «lash_torino» → solo profili e siti di altri studi (Lash Design Beauty Lab, Heylash), nessun dominio suo [verifica-sito] senza motori · domini: nessuno risponde",,,"Ciao, sono Patrick di DenkiCode.

Tecnica dell'Est Europa in bio e un set effetto eyeliner fatto solo con le ciglia, per chi ama gli occhi espressivi: il tuo feed ha un'idea precisa di sguardo.

Ho notato però una cosa: si prenota solo in DM, e chi cerca extension ciglia a Torino su Google non trova un sito tuo.

Abbiamo preso ispirazione dal tuo profilo e abbiamo realizzato una bozza del tuo sito.

Preferisci che te la mandi qui su Instagram, o prima ne parliamo due minuti al telefono? In ogni caso zero costi e zero impegno: se ti piace, poi ne parliamo. Se vuoi vedere cosa facciamo: denkicode.com","Extension ciglia Torino, 1.324 follower, 72 post. Bio: tecnica dell'Est Europa, precisione nei dettagli, prenota in DM.
Post recenti: set effetto eyeliner, effetti naturali. Highlight Extension, Laminazione, Prima/Dopo, Recensioni.",2026-09-29-instagram-siti-piemonte-ciglia-sopracciglia,siti,,
@nina_sciurba_microblading,Nina Sciurba Microblading,Torino (TO),Microblading e PMU,10700,1,"cercato «microblading torino» su ricerca Instagram → profilo aperto il 29/9: 10,7K follower, 453 post, link in bio g.co (scheda Google) e canale YouTube, via Cesana 17, nessun dominio proprio; poi Google «Nina Sciurba Microblading Torino» → solo Instagram e Facebook [verifica-sito] senza motori · domini: nessuno risponde",,,"Ciao Nina, sono Patrick di DenkiCode.

Più di 450 post tra microblading, labbra e tricopigmentazione. Quel prima e dopo sulle sopracciglia maschili va guardato fino alla fine.

Ho notato però una cosa: dal link in bio si arriva alla scheda Google e al canale YouTube, un sito tuo non c'è.

Abbiamo preso ispirazione dal tuo profilo e abbiamo realizzato una bozza del tuo sito.

Preferisci che te la mandi qui su Instagram, o prima ne parliamo due minuti al telefono? In ogni caso zero costi e zero impegno: se ti piace, poi ne parliamo. Se vuoi vedere cosa facciamo: denkicode.com","Nina, via Cesana 17, Torino. 10,7K follower, 453 post. Microblading, PMU sopracciglia/labbra/occhi, tricopigmentazione, laminazione, epilazione laser.
Post: prima e dopo microblading, labbra, sopracciglia maschili. Highlight Phibrows, Guariti, Trico.",2026-09-29-instagram-siti-piemonte-ciglia-sopracciglia,siti,,
@michelapalombo_artist,Michela Palombo,Torino (TO),"Ciglia, sopracciglia e unghie",4105,1,"cercato «sopracciglia torino» su ricerca Instagram → profilo aperto il 29/9: 4.105 follower, 2.419 post, nessun link in bio, nessun dominio proprio; poi Google «Michela Palombo Torino» → Facebook, Instagram, LinkedIn, una scheda Matrimonio.com, nessun dominio suo [verifica-sito] senza motori · domini: nessuno risponde",,,"Ciao Michela, sono Patrick di DenkiCode.

Tra gli highlight di laminazioni e hydra lips ci sono Vivian Maier e Steve McCurry: l'occhio da fotografa si ritrova anche negli scatti dei tuoi lavori.

Ho notato però una cosa: fai tantissimo tra unghie, ciglia, sopracciglia e corsi, ma in bio non c'è un link a un sito tuo.

Abbiamo preso ispirazione dal tuo profilo e abbiamo realizzato una bozza del tuo sito.

Preferisci che te la mandi qui su Instagram, o prima ne parliamo due minuti al telefono? In ogni caso zero costi e zero impegno: se ti piace, poi ne parliamo. Se vuoi vedere cosa facciamo: denkicode.com","Michela Palombo, Torino. 4.105 follower, 2.419 post. Nail artist, lash e brow artist, hydra lips, formazione individuale e di gruppo.
Highlight: HydraLips, Corsi Nails, Henné, Laminazione, e raccolte di fotografia (Vivian Maier, Steve McCurry).",2026-09-29-instagram-siti-piemonte-ciglia-sopracciglia,siti,,
@yoana.microblading,Yoana Ghinghes Microblading,Torino (TO),Microblading sopracciglia,4772,1,"cercato «microblading torino» su ricerca Instagram → profilo aperto il 29/9: 4.772 follower, 97 post, nessun link in bio, contatto solo DM, nessun dominio proprio; poi Google «Yoana Ghinghes Microblading Torino» → solo Facebook e Instagram [verifica-sito] senza motori · domini: nessuno risponde",,,"Ciao Yoana, sono Patrick di DenkiCode.

«Mandami una foto e ti mostro cosa farei»: la brow preview prima del microblading toglie alla cliente la paura più grande, quella delle sopracciglia troppo spesse.

Ho notato però una cosa: tutto passa dai DM, e chi cerca microblading a Torino su Google non arriva a un sito tuo.

Abbiamo preso ispirazione dal tuo profilo e abbiamo realizzato una bozza del tuo sito.

Preferisci che te la mandi qui su Instagram, o prima ne parliamo due minuti al telefono? In ogni caso zero costi e zero impegno: se ti piace, poi ne parliamo. Se vuoi vedere cosa facciamo: denkicode.com","Yoana Ghinghes, Torino e provincia. 4.772 follower, 97 post. Artista Phibrows certificata, «sopracciglia perfettamente imperfette», brow preview via DM.
Post: sopracciglia sottili che diventano piene, casi lunghi. Highlight Prima/Dopo, Consulenze, Formazione, Recensioni.",2026-09-29-instagram-siti-piemonte-ciglia-sopracciglia,siti,,
@dulcediaz136,Dulce Diaz Microblading,Torino (TO),Microblading e lip blush,5986,1,"cercato «microblading torino» su ricerca Instagram → profilo aperto il 29/9: 5.986 follower, 727 post, link in bio WhatsApp, sedi Torino, Racconigi, Saluzzo, Moretta, nessun dominio proprio; poi Google «Dulce Diaz Microblading Torino» → solo Instagram [verifica-sito] senza motori · domini: nessuno risponde",,,"Ciao Dulce, sono Patrick di DenkiCode.

Peli sottilissimi, direzione naturale, armonia col viso: lo scrivi sotto ogni microblading, e nei prima e dopo si vede davvero.

Ho notato però una cosa: lavori tra Torino, Racconigi, Saluzzo e Moretta, ma chi ti cerca su Google non trova un sito tuo con le sedi.

Abbiamo preso ispirazione dal tuo profilo e abbiamo realizzato una bozza del tuo sito.

Preferisci che te la mandi qui su Instagram, o prima ne parliamo due minuti al telefono? In ogni caso zero costi e zero impegno: se ti piace, poi ne parliamo. Se vuoi vedere cosa facciamo: denkicode.com","Dulce Diaz, Torino, Racconigi, Saluzzo, Moretta. 5.986 follower, 727 post. Microblading e lip blush, consulenza su WhatsApp.
Post: microblading pelo a pelo «che non sembra tatuato». Highlight microblading, recensioni, Lips, Laminazione.",2026-09-29-instagram-siti-piemonte-ciglia-sopracciglia,siti,,
@kate.laminazione.torino,Kate Laminazione Torino,Torino (TO),Laminazione ciglia e sopracciglia,977,1,"cercato «laminazione sopracciglia torino» su ricerca Instagram → profilo aperto il 29/9: 977 follower, 780 post, nessun link in bio, telefono WhatsApp in bio, nessun dominio proprio; poi Google «Kate Laminazione Torino» → il profilo e portali di altri saloni, nessun dominio suo [verifica-sito] senza motori · domini: nessuno risponde",,,"Ciao Kate, sono Patrick di DenkiCode.

Quasi 800 post dedicati alla laminazione, tra ciglia, sopracciglia e lash botox: una specializzazione così netta si nota.

Ho notato però una cosa: si prenota solo su WhatsApp o in DM, un sito tuo non c'è.

Abbiamo preso ispirazione dal tuo profilo e abbiamo realizzato una bozza del tuo sito.

Preferisci che te la mandi qui su Instagram, o prima ne parliamo due minuti al telefono? In ogni caso zero costi e zero impegno: se ti piace, poi ne parliamo. Se vuoi vedere cosa facciamo: denkicode.com","Kate, Torino, dall'Ucraina. 977 follower, 780 post. Lamimaker certificata: laminazione ciglia, sopracciglia, lash botox.
Post quasi tutti di laminazione sopracciglia. Highlight Browlift 2026, Ciglia 2025, Lashlami 2024.",2026-09-29-instagram-siti-piemonte-ciglia-sopracciglia,siti,,
@senfei_hu_beautylash,Senfei Hu Beauty Lash,Torino (TO),Extension ciglia,1214,1,"cercato «lash maker torino» su ricerca Instagram → profilo aperto il 29/9: 1.214 follower, 167 post, nessun link in bio, prenotazioni in DM, nessun dominio proprio; poi Google «Senfei Hu Beauty Lash Torino» → solo registri aziendali [verifica-sito] senza motori · domini: nessuno risponde",,,"Ciao Senfei, sono Patrick di DenkiCode.

Dalla moda dell'azienda di famiglia alle gare internazionali di extension: la storia che racconti nel post di presentazione resta in mente.

Ho notato però una cosa: i servizi li spieghi negli highlight, ma un sito tuo dove trovarli tutti insieme non c'è.

Abbiamo preso ispirazione dal tuo profilo e abbiamo realizzato una bozza del tuo sito.

Preferisci che te la mandi qui su Instagram, o prima ne parliamo due minuti al telefono? In ogni caso zero costi e zero impegno: se ti piace, poi ne parliamo. Se vuoi vedere cosa facciamo: denkicode.com","Senfei Hu, lash maker a Torino. 1.214 follower, 167 post. Gare internazionali, extension, laminazione, henné.
Post di presentazione: anni nell'azienda di moda di famiglia prima delle ciglia. Highlight Gare, Extension, Chi sono.",2026-09-29-instagram-siti-piemonte-ciglia-sopracciglia,siti,,
@cristina_lashess.ink,Cristina Lashes Ink,Torino (TO),PMU ed extension ciglia,3442,1,"cercato «ciglia torino» su ricerca Instagram → profilo aperto il 29/9: 3.442 follower, 293 post, nessun link in bio, nessun dominio proprio; poi Google «Cristina Lashes Ink Torino» → schede di altre attività, nessun dominio suo [verifica-sito] senza motori · domini: nessuno risponde",,,"Ciao Cristina, sono Patrick di DenkiCode.

Pixel brows, cat eyes, WowLips: ogni tecnica ha il suo nome e il suo highlight, e quel «coming soon» in bio fa venire voglia di sapere cosa arriva.

Ho notato però una cosa: tra PMU ed extension il lavoro è tanto, ma chi ti cerca su Google non trova un sito tuo dove vederlo.

Abbiamo preso ispirazione dal tuo profilo e abbiamo realizzato una bozza del tuo sito.

Preferisci che te la mandi qui su Instagram, o prima ne parliamo due minuti al telefono? In ogni caso zero costi e zero impegno: se ti piace, poi ne parliamo. Se vuoi vedere cosa facciamo: denkicode.com","Cristina, Torino. 3.442 follower, 293 post. PMU, extension ciglia e laminazione, «coming soon» in bio.
Post: Pixel Brows, WowLips, Cat Eyes 2/3D. Highlight Chic Brows, PMU, Natural, Glamour 4/5/6D, LamiLove.",2026-09-29-instagram-siti-piemonte-ciglia-sopracciglia,siti,,
@lazaralba_pmu,Lazar Alba PMU,Leinì (TO),Trucco permanente e laminazione,3426,1,"cercato «laminazione sopracciglia torino» su ricerca Instagram → profilo aperto il 29/9: 3.426 follower, 523 post, link in bio wa.link, Google Maps e Facebook, nessun dominio proprio; poi Google «Lazar Alba PMU Leinì» → solo registri camerali [verifica-sito] senza motori · domini: nessuno risponde",,,"Ciao, sono Patrick di DenkiCode.

Trucco permanente, laminazione e da poco anche il laser: la tecnica mista sulle sopracciglia del vostro ultimo post è il tipo di risultato che convince.

Ho notato però una cosa: dal link in bio si arriva a WhatsApp, Maps e Facebook, un sito vostro non c'è.

Abbiamo preso ispirazione dal vostro profilo e abbiamo realizzato una bozza del vostro sito.

Preferite che ve la mandi qui su Instagram, o prima ne parliamo due minuti al telefono? In ogni caso zero costi e zero impegno: se vi piace, poi ne parliamo. Se volete vedere cosa facciamo: denkicode.com","Centro PMU a Leinì. 3.426 follower, 523 post. Trucco semipermanente sopracciglia e labbra, laminazione, extension, laser.
Post: tecnica mista sopracciglia, arrivo del laser nel centro. Highlight Laminazione, Laser, Brows, Lips.",2026-09-29-instagram-siti-piemonte-ciglia-sopracciglia,siti,,
@iamgiuliaandrealashbar,Studio Visagistico Giulia Andrea,Torino (TO),"Ciglia, sopracciglia e viso",7046,1,"cercato «sopracciglia torino» su ricerca Instagram → profilo aperto il 29/9: 7.046 follower, 2.361 post, nessun link in bio, via Pietro Giannone 5b, nessun dominio proprio; poi Google «Studio Visagistico Giulia Andrea Torino» → solo schede Maptons [verifica-sito] senza motori · domini: nessuno risponde",,,"Ciao Giulia, sono Patrick di DenkiCode.

Più di 2.300 post, trattamenti che chiami sartoriali e un reel sui 47 step di skincare che fa ridere chiunque: lo studio di via Giannone ha una voce riconoscibile.

Ho notato però una cosa: nessun link in bio, e cercando lo studio su Google un sito tuo non esce.

Abbiamo preso ispirazione dal tuo profilo e abbiamo realizzato una bozza del tuo sito.

Preferisci che te la mandi qui su Instagram, o prima ne parliamo due minuti al telefono? In ogni caso zero costi e zero impegno: se ti piace, poi ne parliamo. Se vuoi vedere cosa facciamo: denkicode.com","Studio Visagistico, via Pietro Giannone 5b, Torino. 7.046 follower, 2.361 post. Lashlift, browdesign, rituali viso, solo su appuntamento.
Post: trattamento Full Face in 60 minuti, maschera al biocollagene, reel ironico sui 47 step.",2026-09-29-instagram-siti-piemonte-ciglia-sopracciglia,siti,,
@lashes_torino_iuliana,Iuliana Lashes Torino,Torino (TO),Extension ciglia e unghie,1024,1,"cercato «lashes torino» su ricerca Instagram → profilo aperto il 29/9: 1.024 follower, 826 post, link in bio TikTok, nessun dominio proprio; poi Google «Iuliana Lashes Torino» → siti di altre lashmaker, nessun dominio suo [verifica-sito] senza motori · domini: nessuno risponde",,,"Ciao Iuliana, sono Patrick di DenkiCode.

Fox, Bambolina, Naturale, Eye-liner: dividi i tuoi set per effetto negli highlight, e chi arriva sa già cosa chiedere.

Ho notato però una cosa: in bio c'è TikTok, un sito tuo con extension e unghie non c'è.

Abbiamo preso ispirazione dal tuo profilo e abbiamo realizzato una bozza del tuo sito.

Preferisci che te la mandi qui su Instagram, o prima ne parliamo due minuti al telefono? In ogni caso zero costi e zero impegno: se ti piace, poi ne parliamo. Se vuoi vedere cosa facciamo: denkicode.com","Iuliana, Torino. 1.024 follower, 826 post. Extension one to one, volume, mega volume, russian volume, onicotecnica.
Highlight per effetto: Fox, Bambolina, Naturale, Eye-liner, Recensioni. Post: offerta autunno mega volume.",2026-09-29-instagram-siti-piemonte-ciglia-sopracciglia,siti,,
@silvia.lashextension,Silvia Lash Extension,Torino (TO),"Ciglia, sopracciglia e sugaring",1031,1,"cercato «ciglia e sopracciglia torino» su ricerca Instagram → profilo aperto il 29/9: 1.031 follower, 474 post, link in bio bit.ly che apre WhatsApp, nessun dominio proprio [verifica-sito] senza motori · domini: nessuno risponde · Google 29/9 «""Silvia Lash Extension"" Torino» → nessun risultato organico, Maps dà solo altri centri (Lash Design, Sabina Gozzi)",,,"Ciao Silvia, sono Patrick di DenkiCode.

Pasta di zucchero, filo arabo, henné e laminazioni, più quel post su cosa aspettarsi da un trattamento: il relax viene prima del risultato.

Ho notato però una cosa: il link in bio apre direttamente WhatsApp, un sito tuo non c'è.

Abbiamo preso ispirazione dal tuo profilo e abbiamo realizzato una bozza del tuo sito.

Preferisci che te la mandi qui su Instagram, o prima ne parliamo due minuti al telefono? In ogni caso zero costi e zero impegno: se ti piace, poi ne parliamo. Se vuoi vedere cosa facciamo: denkicode.com","Silvia, Torino. 1.031 follower, 474 post. Sugaring, filo arabo, extension, laminazione ciglia e sopracciglia, henné.
Post: «relax e benessere» durante l'extension. Highlight Shiva, Sugaring, Lami Ciglia, viaggi.",2026-09-29-instagram-siti-piemonte-ciglia-sopracciglia,siti,,
@extensioncigliatorino,DB Beauty Lash Bar,Torino (TO),Extension ciglia e PMU,2789,1,"cercato «extension ciglia torino» su ricerca Instagram → profilo aperto il 29/9: 2.789 follower, 61 post, link in bio TikTok, nessun dominio proprio; poi Google «DB Beauty lash bar Torino» → solo Lash Design Beauty Lab, altra attività [verifica-sito] senza motori · domini: beautylash.com (vivo, indovinato: BEAUTY LASH); beautylash.ch (vivo, indovinato: BEAUTY LASH); beautylash.eu (non risponde, indovinato); beautylash.net (vivo, indovinato: Parking Page); beauty-lash.com (vivo, indovinato: Beauty-Lash.com is for sale | HugeDomains) · aperti a mano il 29/9: beautylash.com e beautylash.ch sono di un'altra attività (Beauty Lash, pagina in tedesco), beautylash.net e beauty-lash.com in vendita",,,"Ciao, sono Patrick di DenkiCode.

Master in extension, lamimaker e PMU certificata, e da poco un lash bar tutto tuo: il post di benvenuto nel nuovo studio si fa leggere.

Ho notato però una cosa: in bio c'è TikTok, ma un sito del lash bar non c'è ancora.

Abbiamo preso ispirazione dal tuo profilo e abbiamo realizzato una bozza del tuo sito.

Preferisci che te la mandi qui su Instagram, o prima ne parliamo due minuti al telefono? In ogni caso zero costi e zero impegno: se ti piace, poi ne parliamo. Se vuoi vedere cosa facciamo: denkicode.com","DB Beauty, lash bar a Torino. 2.789 follower, 61 post. Master in extension, lashmaker, lamimaker, PMU certificata.
Post: benvenuto nel nuovo studio, pre-trattamento. Highlight Laminazione, Lash extension, Info prezzi.",2026-09-29-instagram-siti-piemonte-ciglia-sopracciglia,siti,,
@anastasia_brows_up,Anastasia Brows Up,Torino (TO),Sopracciglia e laminazione ciglia,1839,1,"cercato «sopracciglia torino» su ricerca Instagram → profilo aperto il 29/9: 1.839 follower, 592 post, nessun link in bio, zona San Paolo, nessun dominio proprio; poi Google «anastasia_brows_up Torino» → solo omonimi di altre attività (Anastasia Acconciatori), nessun dominio suo [verifica-sito] senza motori · domini: anastasiabrows.com (non risponde, indovinato)",,,"Ciao Anastasia, sono Patrick di DenkiCode.

Filo arabo, henné, cera e laminazione ciglia, con un carosello che spiega ogni trattamento sulle sopracciglia punto per punto: chi è indecisa trova già le risposte.

Ho notato però una cosa: si prenota in DM, e chi cerca un'esperta di sopracciglia in zona San Paolo non trova un sito tuo.

Abbiamo preso ispirazione dal tuo profilo e abbiamo realizzato una bozza del tuo sito.

Preferisci che te la mandi qui su Instagram, o prima ne parliamo due minuti al telefono? In ogni caso zero costi e zero impegno: se ti piace, poi ne parliamo. Se vuoi vedere cosa facciamo: denkicode.com","Anastasia, zona San Paolo, Torino. 1.839 follower, 592 post. Henné, tinta, filo arabo, cera, laminazione ciglia; make-up e capelli su un secondo profilo.
Post: filo arabo, architettura sopracciglia spiegata. Highlight Prima/Dopo, Recensioni, Carta Regalo.",2026-09-29-instagram-siti-piemonte-ciglia-sopracciglia,siti,,
@ali.cigliatorino,Alicja Lashmaker,Torino (TO),Extension ciglia e corsi,3345,1,"cercato «ciglia torino» su ricerca Instagram → profilo aperto il 29/9: 3.345 follower, 1.274 post, nessun link in bio, Torino Nord, nessun dominio proprio [verifica-sito] senza motori · domini: nessuno risponde · Google 29/9 «""Alicja Lashmaker"" Torino» → solo post Instagram di @ali.cigliatorino",,,"Ciao Alicja, sono Patrick di DenkiCode.

«Ti rivoluziono lo sguardo in un'ora» e un metodo tuo, il FASTLASH, che insegni anche nei corsi: più di 1.200 post a sostegno della promessa.

Ho notato però una cosa: tra trattamenti e corsi non c'è un link in bio, e un sito tuo non c'è.

Abbiamo preso ispirazione dal tuo profilo e abbiamo realizzato una bozza del tuo sito.

Preferisci che te la mandi qui su Instagram, o prima ne parliamo due minuti al telefono? In ogni caso zero costi e zero impegno: se ti piace, poi ne parliamo. Se vuoi vedere cosa facciamo: denkicode.com","Alicja, Torino Nord. 3.345 follower, 1.274 post. Extension ciglia in un'ora, metodo FASTLASH, corsi base e volume.
Post: effetto gatto 3D/4D, corso Fastlash. Highlight Recensioni, Corso Fast Lash, Quanto durano?",2026-09-29-instagram-siti-piemonte-ciglia-sopracciglia,siti,,
@extension.ciglia.torino,Alena Extension Ciglia,Torino (TO),Extension ciglia,3676,1,"cercato «ciglia torino» su ricerca Instagram → profilo aperto il 29/9: 3.676 follower, 54 post, link in bio wa.me, zona San Paolo via Bionaz, nessun dominio proprio; poi Google «Alena extension ciglia Torino via Bionaz» → nessun risultato [verifica-sito] senza motori · domini: nessuno risponde",,,"Ciao Alena, sono Patrick di DenkiCode.

Qualsiasi volume in un'ora e mezza, e i nomi dei set nelle didascalie, dal Volpe MYY al wispy: chi ti scrive sa già quale vuole.

Ho notato però una cosa: si prenota solo su WhatsApp, e chi cerca extension in zona San Paolo non trova un sito tuo.

Abbiamo preso ispirazione dal tuo profilo e abbiamo realizzato una bozza del tuo sito.

Preferisci che te la mandi qui su Instagram, o prima ne parliamo due minuti al telefono? In ogni caso zero costi e zero impegno: se ti piace, poi ne parliamo. Se vuoi vedere cosa facciamo: denkicode.com","Alena, zona San Paolo (via Bionaz), Torino. 3.676 follower, 54 post. Qualsiasi volume in 1,30 ore.
Post: Volpe MYY, wispy, YYM. Highlight Durata, 2D, 3D, 4-5D, Laminazione, Giudizi.",2026-09-29-instagram-siti-piemonte-ciglia-sopracciglia,siti,,
@extension.cigliatorino,Lash by Lara,Torino (TO),Extension e laminazione ciglia,876,5,"cercato «ciglia torino» su ricerca Instagram → profilo aperto il 29/9: 876 follower, 28 post, link in bio lashbylara.setmore.com (prenotazioni su Setmore), Barriera di Milano, nessun dominio proprio [verifica-sito] senza motori · domini: nessuno risponde · Google 29/9 «""Lash by Lara"" Torino» → lashbylara.setmore.com e lashbylara.simplybook.it, nessun dominio suo",,,"Ciao Lara, sono Patrick di DenkiCode.

Il 5D wet effect in marrone per chi vuole intensità senza il nero: un dettaglio che poche lashmaker spiegano così.

Ho notato però una cosa: si prenota da Setmore, ma un sito tuo con lavori e prezzi non c'è.

Abbiamo preso ispirazione dal tuo profilo e abbiamo realizzato una bozza del tuo sito.

Preferisci che te la mandi qui su Instagram, o prima ne parliamo due minuti al telefono? In ogni caso zero costi e zero impegno: se ti piace, poi ne parliamo. Se vuoi vedere cosa facciamo: denkicode.com","Lara, Barriera di Milano, Torino. 876 follower, 28 post. Extension ciglia, laminazione ciglia e sopracciglia.
Post: 5D wet effect brown lashes, one to one naturale. Prenotazioni su Setmore.",2026-09-29-instagram-siti-piemonte-ciglia-sopracciglia,siti,,
@_noemilashstudio_,Noemi Lash Studio,Torino (TO),Extension e laminazione ciglia,604,1,"cercato «lash torino» su ricerca Instagram → profilo aperto il 29/9: 604 follower, 131 post, nessun link in bio, Madonna di Campagna, nessun dominio proprio [verifica-sito] senza motori · domini: nessuno risponde · Google 29/9 «""Noemi Lash Studio"" Torino» → nessun risultato organico, Maps dà Noemi Fieni e Myu Lash Academy, altre",,,"Ciao Noemi, sono Patrick di DenkiCode.

Il Kim effect che aspettavi da tempo di provare, e il lash corner appena riordinato con le scorte nuove: dal 2023 a Madonna di Campagna si vede la crescita.

Ho notato però una cosa: prenotazioni solo in DM, e un sito tuo non c'è.

Abbiamo preso ispirazione dal tuo profilo e abbiamo realizzato una bozza del tuo sito.

Preferisci che te la mandi qui su Instagram, o prima ne parliamo due minuti al telefono? In ogni caso zero costi e zero impegno: se ti piace, poi ne parliamo. Se vuoi vedere cosa facciamo: denkicode.com","Noemi, Madonna di Campagna, Torino. 604 follower, 131 post. Lash specialist dal 2023, extension e laminazione.
Post: Kim effect, lash corner riordinato. Highlight Lavori, Recensioni, Avviso, Regole.",2026-09-29-instagram-siti-piemonte-ciglia-sopracciglia,siti,,
@unique_lash_torino,Unique Lash,Torino (TO),Extension ciglia,2682,1,"cercato «lash torino» su ricerca Instagram → profilo aperto il 29/9: 2.682 follower, 351 post, link in bio Facebook e wa.me, via Mombarcaro 29/A, nessun dominio proprio; poi Google «""Unique Lash"" Torino Mombarcaro» → solo Instagram [verifica-sito] senza motori · domini: uniquelash.com (vivo, indovinato: UniqueLash.com is for sale | HugeDomains); unique-lash.com (vivo, indovinato: Erlangen - Wimpernverlängerung, Sugaring und Wimpernlifting) · aperti a mano il 29/9: uniquelash.com è in vendita, unique-lash.com è un'altra attività (Erlangen, Germania)",,,"Ciao, sono Patrick di DenkiCode.

Scrivi la mappatura completa sotto ogni set, 6/8D e lunghezze dai 7 ai 12 mm: poche lash artist spiegano il lavoro con questa precisione.

Ho notato però una cosa: dal link in bio si va a WhatsApp e Facebook, ma un sito tuo non c'è.

Abbiamo preso ispirazione dal tuo profilo e abbiamo realizzato una bozza del tuo sito.

Preferisci che te la mandi qui su Instagram, o prima ne parliamo due minuti al telefono? In ogni caso zero costi e zero impegno: se ti piace, poi ne parliamo. Se vuoi vedere cosa facciamo: denkicode.com","Unique Lash, via Mombarcaro 29/A, Torino. 2.682 follower, 351 post. Infoltimento e allungamento ciglia, «addio mascara».
Post: wispy + volume strong con mappatura, nuova lampada UV. Highlight Wet Effect, Feedback, Come prenotare.",2026-09-29-instagram-siti-piemonte-ciglia-sopracciglia,siti,,
@carola.lashes.torino,Carola Lashes,Torino (TO),Extension e laminazione ciglia,810,1,"cercato «lash torino» su ricerca Instagram → profilo aperto il 29/9: 810 follower, 122 post, nessun link in bio, Torino Nord zona Juventus Stadium, nessun dominio proprio; poi Google «Carola Politano lashes Torino» → nessun risultato [verifica-sito] senza motori · domini: nessuno risponde",,,"Ciao Carola, sono Patrick di DenkiCode.

Volume brasiliano soffice e definito nell'ultimo post, e un highlight «Idea regalo» per chi vuole regalare un trattamento: un pensiero in più che non tutte hanno.

Ho notato però una cosa: chi cerca extension ciglia a Torino Nord su Google non trova un sito tuo, perché non c'è.

Abbiamo preso ispirazione dal tuo profilo e abbiamo realizzato una bozza del tuo sito.

Preferisci che te la mandi qui su Instagram, o prima ne parliamo due minuti al telefono? In ogni caso zero costi e zero impegno: se ti piace, poi ne parliamo. Se vuoi vedere cosa facciamo: denkicode.com","Carola Politano, Torino Nord (Juventus Stadium). 810 follower, 122 post. Lashmaker certificata, tutti i volumi, laminazione.
Post: volume brasiliano. Highlight Works, Laminazione, Feedback, Durata, Tips, Idea regalo.",2026-09-29-instagram-siti-piemonte-ciglia-sopracciglia,siti,,
@lady_lashes_torino,Lady Lashes Torino,Torino (TO),Extension ciglia,371,1,"cercato «lashes torino» su ricerca Instagram → profilo aperto il 29/9: 371 follower, 248 post, link in bio TikTok, nessun dominio proprio [verifica-sito] senza motori · domini: nessuno risponde · Google 29/9 «""Lady Lashes Torino""» → solo tre video TikTok",,,"Ciao Mila, sono Patrick di DenkiCode.

Sotto ogni set scrivi volume, effetto e millimetri, tipo «2D, foxy bagnato, 8-15 mm»: per chi deve scegliere è una scheda tecnica già pronta.

Ho notato però una cosa: in bio c'è solo TikTok, un sito tuo non c'è.

Abbiamo preso ispirazione dal tuo profilo e abbiamo realizzato una bozza del tuo sito.

Preferisci che te la mandi qui su Instagram, o prima ne parliamo due minuti al telefono? In ogni caso zero costi e zero impegno: se ti piace, poi ne parliamo. Se vuoi vedere cosa facciamo: denkicode.com","Lady Lashes di Mila, Torino. 371 follower, 248 post. Extension ciglia.
Didascalie tecniche: «Volume 3D, effetto foxy, 7-14 mm, brown». Highlight Voi 1-4, Info, Feedback, Regole.",2026-09-29-instagram-siti-piemonte-ciglia-sopracciglia,siti,,
@touche.torino,Touchè Nails & Lashes,Torino (TO),"Ciglia, sopracciglia e unghie",5265,4,"cercato «lashes torino» su ricerca Instagram → profilo aperto il 29/9: 5.265 follower, 612 post, link in bio touchetorino.lpages.co risponde 404 (pagina Leadpages rotta), via Lagrange 13, nessun dominio proprio; poi Google «Touchè Nails & Lashes Torino Lagrange» → scheda Fresha, Beauty Passport, reteimprese, nessun dominio [verifica-sito] senza motori · domini: nessuno risponde",,,"Ciao, sono Patrick di DenkiCode.

Nail artist e lash designer nello stesso cortile di via Lagrange, con il soft volume e l'henné sopracciglia spiegati post per post: il vostro profilo è già un listino.

Ho notato però una cosa: il link in bio, la vostra pagina su Leadpages, oggi dà errore 404, e su Google si arriva solo alla scheda Fresha.

Abbiamo preso ispirazione dal vostro profilo e abbiamo realizzato una bozza del vostro sito.

Preferite che ve la mandi qui su Instagram, o prima ne parliamo due minuti al telefono? In ogni caso zero costi e zero impegno: se vi piace, poi ne parliamo. Se volete vedere cosa facciamo: denkicode.com","Touchè Nails & Lashes, via Lagrange 13 (interno cortile), Torino. 5.265 follower, 612 post. Nail artists e lash designers.
Post: extension soft volume, henné sopracciglia. Link in bio touchetorino.lpages.co: 404 al controllo del 29/9.",2026-09-29-instagram-siti-piemonte-ciglia-sopracciglia,siti,,
@keka_permanent_makeup,Keka Permanent,Torino (TO),PMU sopracciglia e lash lift,5862,5,"cercato «sopracciglia torino» su ricerca Instagram → profilo aperto il 29/9: 5.862 follower, 517 post, link in bio keka-permanent.sumupstore.com (negozio SumUp), via Monginevro 189/B, nessun dominio proprio; poi Google «Keka permanent Torino Monginevro» → pagina Treatwell, SumUp Bookings, registri, nessun dominio [verifica-sito] senza motori · domini: nessuno risponde",,,"Ciao Martina, sono Patrick di DenkiCode.

Freckles tattoo, tooth gem e un highlight dedicato alla pelle scura: da Keka pensi a volti che molti studi di PMU nemmeno considerano.

Ho notato però una cosa: il link in bio porta a SumUp e su Google esce la pagina Treatwell, ma un sito tuo con i trattamenti non c'è.

Abbiamo preso ispirazione dal tuo profilo e abbiamo realizzato una bozza del tuo sito.

Preferisci che te la mandi qui su Instagram, o prima ne parliamo due minuti al telefono? In ogni caso zero costi e zero impegno: se ti piace, poi ne parliamo. Se vuoi vedere cosa facciamo: denkicode.com","Martina, Keka Permanent, via Monginevro 189/B, Torino. 5.862 follower, 517 post. PMU, lash lift, filo arabo, extension, freckles.
Highlight Black Skin, Filo arabo, Freckles tattoo, Healed, Tooth gem. Secondo profilo @keka.permanentstudio.",2026-09-29-instagram-siti-piemonte-ciglia-sopracciglia,siti,,
@stefaniabeautyskin,SM Skin Suite,Torino (TO),Laminazione sopracciglia e viso,2338,5,"cercato «sopracciglia torino» su ricerca Instagram → profilo aperto il 29/9: 2.338 follower, 105 post, link in bio wa.me e trea.tw (pagina Treatwell), nessun dominio proprio; poi Google «""SM Skin Suite"" Torino» → la sua pagina Treatwell, nessun dominio [verifica-sito] senza motori · domini: skinsuite.it (vivo, indovinato: Plesk Obsidian 18.0.80); skinsuite.com (non risponde, indovinato) · aperti a mano il 29/9: skinsuite.it apre solo la pagina di default di Plesk senza contenuti, non e' sua come sito",,,"Ciao Stefania, sono Patrick di DenkiCode.

Il lifting viso senza botox e la laminazione sopracciglia nella stessa suite, più le serate evento che organizzi: SM Skin Suite ha un'identità precisa.

Ho notato però una cosa: si prenota da WhatsApp e da Treatwell, ma un sito tuo non c'è.

Abbiamo preso ispirazione dal tuo profilo e abbiamo realizzato una bozza del tuo sito.

Preferisci che te la mandi qui su Instagram, o prima ne parliamo due minuti al telefono? In ogni caso zero costi e zero impegno: se ti piace, poi ne parliamo. Se vuoi vedere cosa facciamo: denkicode.com","Stefania Misserianni, SM Skin Suite, Torino. 2.338 follower, 105 post. GlowLift, pulizia olistica, laminazione sopracciglia, filo arabo.
Post: rituali viso, eventi nella ritual suite. Prenotazioni WhatsApp e Treatwell.",2026-09-29-instagram-siti-piemonte-ciglia-sopracciglia,siti,,
@cristina_blaja_lashes,Cristina Blaja Lash & Brow,Nichelino (TO),Extension ciglia e formazione,14700,5,"cercato «brow torino» su ricerca Instagram → profilo aperto il 29/9: 14,7K follower, 217 post, link in bio widget.treatwell.it (pagina Treatwell) e Facebook, nessun dominio proprio; poi Google «Cristina Blaja OBSESSION lash Torino» → pagina Treatwell di OBSESSION a Nichelino, nessun dominio [verifica-sito] senza motori · domini: nessuno risponde",,,"Ciao Cristina, sono Patrick di DenkiCode.

Founder di OBSESSION, trainer per The Lashery e giudice nelle gare: il post con l'invito al tuo evento racconta un percorso che pochi a Torino hanno.

Ho notato però una cosa: in bio c'è la pagina Treatwell, ma chi ti cerca per i corsi non trova un sito tuo.

Abbiamo preso ispirazione dal tuo profilo e abbiamo realizzato una bozza del tuo sito.

Preferisci che te la mandi qui su Instagram, o prima ne parliamo due minuti al telefono? In ogni caso zero costi e zero impegno: se ti piace, poi ne parliamo. Se vuoi vedere cosa facciamo: denkicode.com","Cristina Blaja, Torino. 14,7K follower, 217 post. Founder OBSESSION, trainer per The Lashery, giudice internazionale.
Highlight Corsi, LED, Laminazione, Corsi Venezia, Volume. Prenotazioni su Treatwell.",2026-09-29-instagram-siti-piemonte-ciglia-sopracciglia,siti,,
@valery.lashtrainer,Valery Lash Trainer,Torino (TO),Laminazione coreana ed extension,2100,4,"cercato «laminazione ciglia torino» su ricerca Instagram → profilo aperto il 29/9: 2.100 follower, 185 post, primo link in bio miapremiumlashes.it apre una pagina chiusa da password, poi taplink e widget.treatwell.it (pagina Treatwell) [verifica-sito] senza motori · domini: nessuno risponde · Google 29/9 «""Valery"" lash trainer Torino» → Instagram e TikTok valery.lashtrainer, Treatwell di Milei Bernal Academy, altra",,,"Ciao Valery, sono Patrick di DenkiCode.

Laminazione coreana, gare, il ruolo da giudice nel 2024 e perfino un highlight di cucina, «in cucina con Val»: dietro il servizio si vede la persona.

Ho notato però una cosa: il primo link in bio, MIA Premium Lashes, apre una pagina chiusa da password, e si prenota da Treatwell.

Abbiamo preso ispirazione dal tuo profilo e abbiamo realizzato una bozza del tuo sito.

Preferisci che te la mandi qui su Instagram, o prima ne parliamo due minuti al telefono? In ogni caso zero costi e zero impegno: se ti piace, poi ne parliamo. Se vuoi vedere cosa facciamo: denkicode.com","Valery, Torino. 2.100 follower, 185 post. Laminazione coreana, extension, trainer e giudice.
Link in bio: miapremiumlashes.it (pagina /password al 29/9), taplink, Treatwell. Highlight Judge 2024, Corsi, Gare, incucinaconVAL.",2026-09-29-instagram-siti-piemonte-ciglia-sopracciglia,siti,,
@giulia_pmu_lashes_to,Giulia PMU Lashes,Piossasco (TO),"PMU, extension e laminazione",1181,1,"cercato «pmu torino» su ricerca Instagram → profilo aperto il 29/9: 1.181 follower, 56 post, nessun link in bio, Piossasco, nessun dominio proprio; poi Google «Giulia PMU extension ciglia Piossasco» → solo giulialashartist.it, altra attività (Giulia di Ivrea) [verifica-sito] senza motori · domini: nessuno risponde",,,"Ciao Giulia, sono Patrick di DenkiCode.

Il post in cui ringrazi la tua master per l'ultimo traguardo, poi PMU, extension e unghie tutto a Piossasco: studio e lavoro vanno avanti insieme.

Ho notato però una cosa: in bio non c'è nessun link, e chi ti cerca non trova un sito tuo da guardare.

Abbiamo preso ispirazione dal tuo profilo e abbiamo realizzato una bozza del tuo sito.

Preferisci che te la mandi qui su Instagram, o prima ne parliamo due minuti al telefono? In ogni caso zero costi e zero impegno: se ti piace, poi ne parliamo. Se vuoi vedere cosa facciamo: denkicode.com","Giulia, Piossasco. 1.181 follower, 56 post. PMU e microblading, extension e laminazione ciglia e sopracciglia, ricostruzione unghie.
Post: nuovo traguardo con la master Maryna Ilchenko. Highlight Consulenze PMU, Formazione, Promo.",2026-09-29-instagram-siti-piemonte-ciglia-sopracciglia,siti,,
@ariannaraimondipmu,Arianna Raimondi PMU,Torino (TO),Dermopigmentazione e laminazione,2336,1,"cercato «pmu torino» su ricerca Instagram → profilo aperto il 29/9: 2.336 follower, 65 post, nessun link in bio, info e consulenze in DM, nessun dominio proprio; poi Google «Arianna Raimondi PMU Torino» → nessun risultato [verifica-sito] senza motori · domini: nessuno risponde",,,"Ciao Arianna, sono Patrick di DenkiCode.

Il reel sulla paura più grande delle clienti, «non voglio che sembri finto», e il post sulla consulenza come strumento: parli alle persone prima che di tecnica.

Ho notato però una cosa: in bio citi più di cento clienti felici, ma chi ti cerca su Google non trova un sito tuo dove leggere le loro storie.

Abbiamo preso ispirazione dal tuo profilo e abbiamo realizzato una bozza del tuo sito.

Preferisci che te la mandi qui su Instagram, o prima ne parliamo due minuti al telefono? In ogni caso zero costi e zero impegno: se ti piace, poi ne parliamo. Se vuoi vedere cosa facciamo: denkicode.com","Arianna Raimondi, Torino. 2.336 follower, 65 post. Trucco permanente e laminazione, «+100 clienti felici».
Post: la consulenza come strumento, la paura dell'effetto finto. Highlight Consulenze, Trattamenti.",2026-09-29-instagram-siti-piemonte-ciglia-sopracciglia,siti,,
@chiarastefania.pmu,Chiara Stefania PMU,Torino (TO),Microblading sopracciglia,2146,1,"cercato «microblading torino» su ricerca Instagram → profilo aperto il 29/9: 2.146 follower, 30 post, nessun link in bio, consulenze in DM, nessun dominio proprio [verifica-sito] senza motori · domini: nessuno risponde · Google 29/9 «""Chiara Stefania"" PMU Torino» → Instagram @chiarastefania.pmu e pagine di categoria di un portale di prenotazioni, nessuna sua",,,"Ciao Chiara, sono Patrick di DenkiCode.

«Basta disegnarti ogni mattina!» in bio, 25 anni e un anno di pratica dopo la Phi Academy: le sopracciglia rade del tuo ultimo caso studio mostrano bene la strada fatta.

Ho notato però una cosa: tutto passa dai DM, un sito tuo con i casi studio non c'è.

Abbiamo preso ispirazione dal tuo profilo e abbiamo realizzato una bozza del tuo sito.

Preferisci che te la mandi qui su Instagram, o prima ne parliamo due minuti al telefono? In ogni caso zero costi e zero impegno: se ti piace, poi ne parliamo. Se vuoi vedere cosa facciamo: denkicode.com","Chiara Stefania, Torino, 25 anni. 2.146 follower, 30 post. Specializzata in microblading, formata alla Phi Academy.
Post: caso studio su sopracciglia sottili e rade. Highlight Casi studio, Feedback, Chi sono, Il mio metodo.",2026-09-29-instagram-siti-piemonte-ciglia-sopracciglia,siti,,
@lashmaker_mari_torino,Maria Borodina Lashmaker,Rivoli (TO),Extension e laminazione ciglia,664,5,"cercato «lash maker torino» su ricerca Instagram → profilo aperto il 29/9: 664 follower, 101 post, link in bio beautyplaces.it (scheda su Beauty Places), Rivoli, nessun dominio proprio [verifica-sito] senza motori · domini: nessuno risponde · Google 29/9 «""Maria Borodina"" lashmaker Rivoli» → solo beautyplaces.it, la scheda già in bio",,,"Ciao Maria, sono Patrick di DenkiCode.

Lashmaker certificata dal 2019, a Rivoli, con consulenze private prima di ogni set: il tuo «addio mascara, benvenuto effetto volume» è una promessa semplice da capire.

Ho notato però una cosa: il link in bio porta alla tua scheda su Beauty Places, un sito tuo non c'è.

Abbiamo preso ispirazione dal tuo profilo e abbiamo realizzato una bozza del tuo sito.

Preferisci che te la mandi qui su Instagram, o prima ne parliamo due minuti al telefono? In ogni caso zero costi e zero impegno: se ti piace, poi ne parliamo. Se vuoi vedere cosa facciamo: denkicode.com","Maria Borodina, Rivoli. 664 follower, 101 post. Lashmaker certificata dal 2019, extension e laminazione.
Post di presentazione e volume. Link in bio: scheda Beauty Places.",2026-09-29-instagram-siti-piemonte-ciglia-sopracciglia,siti,,
@extension_ciglia_rivoli,Noemi Extension Ciglia Rivoli,Rivoli (TO),Extension e laminazione ciglia,287,1,"cercato «ciglia rivoli» su ricerca Instagram → profilo aperto il 29/9: 287 follower, 39 post, nessun link in bio, Rivoli, nessun dominio proprio; poi Google «extension_ciglia_rivoli Noemi» → solo la scheda mappa [verifica-sito] senza motori · domini: nessuno risponde",,,"Ciao Noemi, sono Patrick di DenkiCode.

L'Effetto Trend studiato sulla forma dell'occhio e un highlight con il kit per la cura a casa: segui la cliente anche dopo la cabina.

Ho notato però una cosa: chi cerca extension ciglia a Rivoli su Google non trova un sito tuo, perché ancora non c'è.

Abbiamo preso ispirazione dal tuo profilo e abbiamo realizzato una bozza del tuo sito.

Preferisci che te la mandi qui su Instagram, o prima ne parliamo due minuti al telefono? In ogni caso zero costi e zero impegno: se ti piace, poi ne parliamo. Se vuoi vedere cosa facciamo: denkicode.com","Noemi, Rivoli. 287 follower, 39 post. Lash maker e lash lami.
Post: Effetto Trend, promo con laminazione. Highlight Recensioni, Cabina, Consigli, Kit per casa, Certificati.",2026-09-29-instagram-siti-piemonte-ciglia-sopracciglia,siti,,
@jessy_lashmaker,Jessy Lashmaker,Rivoli (TO),Ciglia e PMU,1970,1,"cercato «ciglia rivoli» su ricerca Instagram → profilo aperto il 29/9: 1.970 follower, 174 post, link in bio wa.link (WhatsApp), Rivoli, nessun dominio proprio [verifica-sito] senza motori · domini: nessuno risponde · Google 29/9 «jessy_lashmaker Rivoli» → Instagram e pagina Facebook Jessy Lashmaker; la scheda di prenotazione «Da Jessy» è a Leggiuno (VA), altra attività",,,"Ciao Jessica, sono Patrick di DenkiCode.

«Benvenuta nel mio angolo di bellezza e terapia non ufficiale»: tra ciglia, PMU e spose, il tuo modo di presentarti a Rivoli fa sorridere.

Ho notato però una cosa: il link in bio apre WhatsApp, un sito tuo non c'è.

Abbiamo preso ispirazione dal tuo profilo e abbiamo realizzato una bozza del tuo sito.

Preferisci che te la mandi qui su Instagram, o prima ne parliamo due minuti al telefono? In ogni caso zero costi e zero impegno: se ti piace, poi ne parliamo. Se vuoi vedere cosa facciamo: denkicode.com","Jessica, Rivoli. 1.970 follower, 174 post. Lashmaker e dermopigmentista, «architetto dello sguardo».
Post: presentazione, spose. Highlight Ciglia, Feedback, Laminazione, PMU.",2026-09-29-instagram-siti-piemonte-ciglia-sopracciglia,siti,,
@lashesstudio.lc,Lashes Studio,Rivalta di Torino (TO),Extension ciglia e formazione,1007,1,"cercato «ciglia rivoli» su ricerca Instagram → profilo aperto il 29/9: 1.007 follower, 189 post, nessun link in bio, Rivalta, Orbassano, Rivoli, nessun dominio proprio [verifica-sito] senza motori · domini: lashesstudio.com (non risponde, indovinato); lashesstudio.net (vivo, indovinato: Lashes Studio | Premium Lash Extensions in South San Jose); lashes-studio.com (non risponde, indovinato) · aperti a mano il 29/9: lashesstudio.net è un'altra attività (South San Jose, USA) · Google 29/9 «""Lashes Studio"" Rivalta di Torino extension» → niente di suo, Maps dà Easy Beauty Lab e Destinazione Benessere",,,"Ciao, sono Patrick di DenkiCode.

Un highlight dedicato al lash lift uomo e il ruolo da trainer Seven Lashes Torino: tra Rivalta, Orbassano e Rivoli il tuo profilo non somiglia agli altri.

Ho notato però una cosa: in bio non c'è nessun link, e un sito tuo con trattamenti e corsi non c'è.

Abbiamo preso ispirazione dal tuo profilo e abbiamo realizzato una bozza del tuo sito.

Preferisci che te la mandi qui su Instagram, o prima ne parliamo due minuti al telefono? In ogni caso zero costi e zero impegno: se ti piace, poi ne parliamo. Se vuoi vedere cosa facciamo: denkicode.com","Lashes Studio, Rivalta, Orbassano, Rivoli. 1.007 follower, 189 post. Trattamenti e formazione, volumi folti e leggeri.
Post: trainer Seven Lashes Torino. Highlight Volume, Lash lift uomo, Lash lift, Backstage, Inaugurazione.",2026-09-29-instagram-siti-piemonte-ciglia-sopracciglia,siti,,
@tania_rivoli_lashesandbrows,Tania Lashes and Brows,Rivoli (TO),Laminazione ciglia e sopracciglia,405,1,"cercato «lash rivoli» su ricerca Instagram → profilo aperto il 29/9: 405 follower, 114 post, nessun link in bio, nessun dominio proprio; poi Google «tania_rivoli_lashesandbrows» → solo tnbrowsandlashes.com, altra attività (negozio online USA) [verifica-sito] senza motori · domini: nessuno risponde",,,"Ciao Tania, sono Patrick di DenkiCode.

«La cura di sé non ha genere» sotto la laminazione fatta a un cliente uomo: un post così a Rivoli se lo ricordano.

Ho notato però una cosa: in bio non c'è un link, e chi cerca una laminazione a Rivoli non trova un sito tuo.

Abbiamo preso ispirazione dal tuo profilo e abbiamo realizzato una bozza del tuo sito.

Preferisci che te la mandi qui su Instagram, o prima ne parliamo due minuti al telefono? In ogni caso zero costi e zero impegno: se ti piace, poi ne parliamo. Se vuoi vedere cosa facciamo: denkicode.com","Tania, Rivoli. 405 follower, 114 post. Lashmaker, eyelash e eyebrow lamination.
Post: laminazione su cliente uomo, «La cura di sé non ha genere». Highlight Lami Passion, Grazie, I benefici.",2026-09-29-instagram-siti-piemonte-ciglia-sopracciglia,siti,,
@ladylash_manuela,Lady Lash Manuela,Grugliasco (TO),Extension e laminazione ciglia,340,1,"cercato «ciglia grugliasco» su ricerca Instagram → profilo aperto il 29/9: 340 follower, 176 post, nessun link in bio nonostante «prenota ora», Grugliasco, nessun dominio proprio [verifica-sito] senza motori · domini: nessuno risponde · Google 29/9 «""Lady Lash"" Manuela Grugliasco» → solo tre post Instagram",,,"Ciao Manuela, sono Patrick di DenkiCode.

Campionessa riconosciuta, un highlight intero sul campionato 2025 e il post con tutti gli attestati messi in fila: a Grugliasco il curriculum ce l'hai.

Ho notato però una cosa: in bio c'è scritto «prenota ora», ma sotto non c'è un link né un sito tuo dove farlo.

Abbiamo preso ispirazione dal tuo profilo e abbiamo realizzato una bozza del tuo sito.

Preferisci che te la mandi qui su Instagram, o prima ne parliamo due minuti al telefono? In ogni caso zero costi e zero impegno: se ti piace, poi ne parliamo. Se vuoi vedere cosa facciamo: denkicode.com","Manuela, Grugliasco. 340 follower, 176 post. Esperta in extension e laminazione, campionessa di settore.
Post: attestati, «non ho scelto questo lavoro». Highlight Laminazione, Volume, One to One, effetto wet, Campionato 2025.",2026-09-29-instagram-siti-piemonte-ciglia-sopracciglia,siti,,
@blossom_studio_2.0,Blossom Studio,Pinerolo (TO),Extension ciglia,371,1,"cercato «ciglia pinerolo» su ricerca Instagram → profilo aperto il 29/9: 371 follower, 60 post, link in bio wa.link (WhatsApp), Pinerolo, nessun dominio proprio; poi Google «Blossom Studio Simona extension ciglia Pinerolo» → solo schede di altre attività [verifica-sito] senza motori · domini: blossomstudio.it (parcheggiato, indovinato); blossomstudio.com (parcheggiato, indovinato); blossomstudio.net (non risponde, indovinato); blossom-studio.com (vivo, indovinato: BLOSSOM STUDIO) · aperti a mano il 29/9: blossom-studio.com è un'altra attività (interior design e ceramiche), blossomstudio.it e .com parcheggiati",,,"Ciao Simona, sono Patrick di DenkiCode.

«Svegliati ogni giorno già truccata» in bio, e sotto ogni set la curvatura e le lunghezze: D 7-12 mm, C 9-12 mm.

Ho notato però una cosa: si prenota in DM o su WhatsApp, e chi cerca extension a Pinerolo non trova un sito tuo.

Abbiamo preso ispirazione dal tuo profilo e abbiamo realizzato una bozza del tuo sito.

Preferisci che te la mandi qui su Instagram, o prima ne parliamo due minuti al telefono? In ogni caso zero costi e zero impegno: se ti piace, poi ne parliamo. Se vuoi vedere cosa facciamo: denkicode.com","Simona, Blossom Studio, Pinerolo. 371 follower, 60 post. Lash artist: one to one, ibrido, volume, wet.
Post: aftercare, Volume 4D curvatura D 7-12 mm, Wet curvatura C 9-12 mm.",2026-09-29-instagram-siti-piemonte-ciglia-sopracciglia,siti,,
@ciglia.di.luiza_,Luiza Lash Artist,Torino (TO),Extension ciglia,603,1,"cercato «lash artist torino» su ricerca Instagram → profilo aperto il 29/9: 603 follower, 428 post, nessun link in bio, zona To Dream, nessun dominio proprio [verifica-sito] senza motori · domini: nessuno risponde · Google 29/9 «""Luiza"" ciglia Torino ciglia.di.luiza» → solo post Instagram di @ciglia.di.luiza_",,,"Ciao Luiza, sono Patrick di DenkiCode.

Foxy, wet, wispy alla Kim K, mega volume: negli highlight ogni effetto ha la sua raccolta, con più di 400 post a mostrarli.

Ho notato però una cosa: tutto passa dai DM, un sito tuo non c'è.

Abbiamo preso ispirazione dal tuo profilo e abbiamo realizzato una bozza del tuo sito.

Preferisci che te la mandi qui su Instagram, o prima ne parliamo due minuti al telefono? In ogni caso zero costi e zero impegno: se ti piace, poi ne parliamo. Se vuoi vedere cosa facciamo: denkicode.com","Luiza, zona To Dream, Torino. 603 follower, 428 post. Lash artist certificata, da one to one a mega volume.
Highlight per effetto: foxy, wet/mascara, wispy/Kim K., volume 2D-5D, attestati.",2026-09-29-instagram-siti-piemonte-ciglia-sopracciglia,siti,,
@reghina.stetco_lashes,Reghina Stetco Lash & Brow,Torino (TO),"Extension, laminazione e formazione",1720,1,"cercato «lash artist torino» su ricerca Instagram → profilo aperto il 29/9: 1.720 follower, 164 post, nessun link in bio, Torino e Santena, nessun dominio proprio; poi Google «Reghina Stetco lash Torino» → solo la scheda mappa [verifica-sito] senza motori · domini: nessuno risponde",,,"Ciao Reghina, sono Patrick di DenkiCode.

Dal Metalash in Russia al ruolo di giudice e trainer, e quel post sui tuoi genitori che non capivano il mestiere: la tua storia si legge volentieri.

Ho notato però una cosa: tra Torino e Santena si prenota solo in DM, un sito tuo non c'è.

Abbiamo preso ispirazione dal tuo profilo e abbiamo realizzato una bozza del tuo sito.

Preferisci che te la mandi qui su Instagram, o prima ne parliamo due minuti al telefono? In ogni caso zero costi e zero impegno: se ti piace, poi ne parliamo. Se vuoi vedere cosa facciamo: denkicode.com","Reghina Stetco, Torino e Santena. 1.720 follower, 164 post. Extension e laminazione, giudice e trainer.
Post: campionato Metalash in Russia, wet effect marrone. Highlight Corsi, Life Championship, KoreanLashLift, Timisoara, Dubai.",2026-09-29-instagram-siti-piemonte-ciglia-sopracciglia,siti,,
@annamarialashstudio,Annamaria Lash Studio,Poirino (TO),Extension e laminazione ciglia,988,5,"cercato «lash studio torino» su ricerca Instagram → profilo aperto il 29/9: 988 follower, 31 post, link in bio Facebook e prenota.b-vanity.com (prenotazioni su B-Vanity), Poirino, nessun dominio proprio; poi Google «""Annamaria Lash Studio"" Poirino» → pagina Treatwell, SumUp e registri, nessun dominio [verifica-sito] senza motori · domini: nessuno risponde",,,"Ciao Annamaria, sono Patrick di DenkiCode.

Il negozio pieno il giorno dell'apertura e un menu che va dalla laminazione coreana alle tooth gems: a Poirino lo studio è partito forte.

Ho notato però una cosa: si prenota da B-Vanity e su Google esce la pagina Treatwell, ma un sito tuo con i trattamenti non c'è.

Abbiamo preso ispirazione dal tuo profilo e abbiamo realizzato una bozza del tuo sito.

Preferisci che te la mandi qui su Instagram, o prima ne parliamo due minuti al telefono? In ogni caso zero costi e zero impegno: se ti piace, poi ne parliamo. Se vuoi vedere cosa facciamo: denkicode.com","Annamaria Lash Studio, Poirino. 988 follower, 31 post. Extension, laminazione tradizionale e coreana, laminazione sopracciglia, tooth gems.
Post: inaugurazione con il negozio pieno. Prenotazioni su B-Vanity.",2026-09-29-instagram-siti-piemonte-ciglia-sopracciglia,siti,,
@glbstudio.pmu,GLB Studio Giulia Larizza,Torino (TO),PMU e laminazione,393,1,"cercato «lash studio torino» su ricerca Instagram → profilo aperto il 29/9: 393 follower, 50 post, nessun link in bio, via Sansovino 73/E, nessun dominio proprio; poi Google «Giulia Larizza PMU Torino Sansovino» → solo reportaziende [verifica-sito] senza motori · domini: nessuno risponde",,,"Ciao Giulia, sono Patrick di DenkiCode.

PMU e laminazione nello stesso studio di via Sansovino, con la consulenza gratuita come primo passo: chi ha paura del trucco permanente parte più tranquilla.

Ho notato però una cosa: nel profilo manca un link, e un sito tuo non c'è.

Abbiamo preso ispirazione dal tuo profilo e abbiamo realizzato una bozza del tuo sito.

Preferisci che te la mandi qui su Instagram, o prima ne parliamo due minuti al telefono? In ogni caso zero costi e zero impegno: se ti piace, poi ne parliamo. Se vuoi vedere cosa facciamo: denkicode.com","Giulia Larizza, via Sansovino 73/E, Torino. 393 follower, 50 post. PMU e lami specialist.
Bio: consulenza gratuita in privato.",2026-09-29-instagram-siti-piemonte-ciglia-sopracciglia,siti,,
@niky.lashmaker,Niky Lashmaker,Torino (TO),Extension ciglia e brow lamination,1004,1,"cercato «ciglia e sopracciglia torino» su ricerca Instagram → profilo aperto il 29/9: 1.004 follower, 51 post, nessun link in bio, corso Belgio, nessun dominio proprio; poi Google «Niky lashmaker Torino corso Belgio» → nessun risultato utile [verifica-sito] senza motori · domini: nessuno risponde",,,"Ciao Niky, sono Patrick di DenkiCode.

Extension con protocollo UV, un set con i glitter e orari fissi dal lunedì al venerdì in corso Belgio: dal 2021 hai costruito un lavoro ordinato.

Ho notato però una cosa: chi ti cerca su Google non trova un sito tuo, solo il profilo Instagram.

Abbiamo preso ispirazione dal tuo profilo e abbiamo realizzato una bozza del tuo sito.

Preferisci che te la mandi qui su Instagram, o prima ne parliamo due minuti al telefono? In ogni caso zero costi e zero impegno: se ti piace, poi ne parliamo. Se vuoi vedere cosa facciamo: denkicode.com","Niky, corso Belgio, Torino, dal Brasile. 1.004 follower, 51 post. Lash expert dal 2021, protocollo UV, brow lamination, corsi.
Post: extension con glitter, 5D con laminazione sopracciglia. Orari lun-ven 9-18:30.",2026-09-29-instagram-siti-piemonte-ciglia-sopracciglia,siti,,
@giorgiatalarico_pmu_beautylab,GT Beauty Lab,Torino (TO),PMU e microblading,3390,5,"cercato «trucco permanente torino» su ricerca Instagram → profilo aperto il 29/9: 3.390 follower, 190 post, nessun link in bio, corso Sebastopoli 44, nessun dominio proprio; poi Google «""GT Beauty Lab"" Torino Sebastopoli» → pagina Treatwell, Facebook, AromaVero, nessun dominio [verifica-sito] senza motori · domini: beautylab.it (vivo, indovinato: Checking your browser...); beautylab.com (vivo, indovinato: Beauty Lab); beautylab.ch (vivo, indovinato); beautylab.eu (vivo, indovinato: BeautyLab International (BeautyLab Official Site) - BeautyLab Europe); beautylab.net (parcheggiato, indovinato); beauty-lab.it (vivo, indovinato); beauty-lab.com (vivo, indovinato: Beauty-Lab.com is for sale | HugeDomains); beauty-lab.ch (parcheggiato, indovinato) · aperti a mano il 29/9: ogni dominio beautylab.* è di un'altra attività o in vendita (BeautyLab International, pagine generiche), nessuno porta il nome GT o Talarico",,,"Ciao Giorgia, sono Patrick di DenkiCode.

Eye-liner sfumato, sopracciglia in sfumatura, minimal tattoo e tooth gems: in corso Sebastopoli GT Beauty Lab ha un menu che non si trova ovunque.

Ho notato però una cosa: cercando GT Beauty Lab su Google esce la pagina Treatwell, ma un sito tuo con trattamenti e prezzi non c'è.

Abbiamo preso ispirazione dal tuo profilo e abbiamo realizzato una bozza del tuo sito.

Preferisci che te la mandi qui su Instagram, o prima ne parliamo due minuti al telefono? In ogni caso zero costi e zero impegno: se ti piace, poi ne parliamo. Se vuoi vedere cosa facciamo: denkicode.com","Giorgia Talarico, GT Beauty Lab, corso Sebastopoli 44, Torino. 3.390 follower, 190 post. PMU artist, microblading, labbra, eyeliner, minimal tattoo, tooth gems.
Post: eye-liner sfumato, sfumatura sopracciglia.",2026-09-29-instagram-siti-piemonte-ciglia-sopracciglia,siti,,
@gaya_fernandes_pmu,Gaya Fernandes PMU,Torino e provincia (TO),Trucco permanente,2606,1,"cercato «trucco permanente cuneo» su ricerca Instagram → profilo aperto il 29/9: 2.606 follower, 186 post, nessun link in bio, lavora tra provincia di Torino, Cuneo e Courmayeur, nessun dominio proprio; poi Google «Gaya Fernandes trucco permanente» → Instagram, Facebook, Pinterest e omonimi «Gaia» di Milano, nessun dominio suo [verifica-sito] senza motori · domini: nessuno risponde",,,"Ciao Gaya, sono Patrick di DenkiCode.

Il post sulla paura dell'effetto finto, la prima cosa che le clienti ti raccontano in consulenza, e un highlight intero di reaction: mostri il momento che conta.

Ho notato però una cosa: ti muovi tra Torino, Cuneo e Courmayeur, ma chi ti cerca su Google trova solo Instagram e Facebook.

Abbiamo preso ispirazione dal tuo profilo e abbiamo realizzato una bozza del tuo sito.

Preferisci che te la mandi qui su Instagram, o prima ne parliamo due minuti al telefono? In ogni caso zero costi e zero impegno: se ti piace, poi ne parliamo. Se vuoi vedere cosa facciamo: denkicode.com","Gaya Fernandes, trucco permanente tra provincia di Torino, Cuneo e Courmayeur. 2.606 follower, 186 post.
Post: la paura dell'effetto finto, trattamenti «oltre l'estetica». Highlight Esperienze, Reaction, Il metodo, La mia storia.",2026-09-29-instagram-siti-piemonte-ciglia-sopracciglia,siti,,
@extensions_ciglia_roe,Extensions Ciglia Savigliano,Savigliano (CN),Extension ciglia,328,1,"cercato «extension ciglia savigliano» su ricerca Instagram → profilo aperto il 29/9: 328 follower, 10 post, nessun link in bio, info in DM, nessun dominio proprio [verifica-sito] senza motori · domini: nessuno risponde · Google 29/9 «extensions_ciglia_roe Savigliano» → reel di @roelda_ujka, poi esteticarosso.it e schede di prenotazione di altri centri",,,"Ciao, sono Patrick di DenkiCode.

Una lashmaker certificata a Savigliano con un highlight tutto dedicato alla cura delle extension a casa: il set lo segui anche dopo l'appuntamento.

Ho notato però una cosa: per info si passa solo dai DM, e un sito tuo non c'è.

Abbiamo preso ispirazione dal tuo profilo e abbiamo realizzato una bozza del tuo sito.

Preferisci che te la mandi qui su Instagram, o prima ne parliamo due minuti al telefono? In ogni caso zero costi e zero impegno: se ti piace, poi ne parliamo. Se vuoi vedere cosa facciamo: denkicode.com","Extensions ciglia Savigliano. 328 follower, 10 post. Certified lashmaker, info in DM.
Highlight Cura extension.",2026-09-29-instagram-siti-piemonte-ciglia-sopracciglia,siti,,
@studio19_fossano,Studio 19 di Allison,Fossano (CN),Sopracciglia e unghie,778,1,"cercato «ciglia cuneo» su ricerca Instagram → profilo aperto il 29/9: 778 follower, 71 post, nessun link in bio, Fossano, nessun dominio proprio; poi Google «""Studio 19"" Fossano unghie» → nessun risultato suo [verifica-sito] senza motori · domini: studioallison.com (vivo, indovinato: Studio Allison) · aperti a mano il 29/9: studioallison.com è un'altra attività (pagine su Allison Transmission)",,,"Ciao Allison, sono Patrick di DenkiCode.

Unghie, piedi e sopracciglia trattati come percorsi, più un highlight sull'armocromia: da quando hai aperto a Fossano il centro ha un metodo tuo.

Ho notato però una cosa: in bio non c'è un link, e chi cerca a Fossano non trova un sito tuo.

Abbiamo preso ispirazione dal tuo profilo e abbiamo realizzato una bozza del tuo sito.

Preferisci che te la mandi qui su Instagram, o prima ne parliamo due minuti al telefono? In ogni caso zero costi e zero impegno: se ti piace, poi ne parliamo. Se vuoi vedere cosa facciamo: denkicode.com","Allison, Studio 19, Fossano. 778 follower, 71 post. Trattamenti unghie, ciglia, sopracciglia, percorsi «dalla causa».
Highlight Armocromia, Recensioni, Sopracciglia, Inaugurazione, Regalo.",2026-09-29-instagram-siti-piemonte-ciglia-sopracciglia,siti,,
@raima_permanent_makeup,Raimonda PMU & Removal,Cuneo (CN),Trucco permanente e rimozioni,852,5,"cercato «trucco permanente cuneo» su ricerca Instagram → profilo aperto il 29/9: 852 follower, 359 post, nessun link in bio, riceve da Nordik Beauty in via Luigi Gallo 7, nessun dominio proprio; poi Google «Nordik Beauty Cuneo Raimonda» → Treatwell, Fresha e smartsalon del salone Nordik Beauty, nessun dominio suo [verifica-sito] senza motori · domini: nessuno risponde",,,"Ciao Raimonda, sono Patrick di DenkiCode.

Più di cinque anni di trucco permanente, rimozioni comprese, e un nome preciso per ogni lavoro, dallo Stardust Eyeliner alle Aquarelle lips.

Ho notato però una cosa: su Google esce la pagina Treatwell di Nordik Beauty, il salone dove ricevi, ma un sito tuo con i lavori e le rimozioni non c'è.

Abbiamo preso ispirazione dal tuo profilo e abbiamo realizzato una bozza del tuo sito.

Preferisci che te la mandi qui su Instagram, o prima ne parliamo due minuti al telefono? In ogni caso zero costi e zero impegno: se ti piace, poi ne parliamo. Se vuoi vedere cosa facciamo: denkicode.com","Raimonda, Cuneo e Mondovì (Nordik Beauty, via Luigi Gallo 7). 852 follower, 359 post. Sopracciglia naturali, correzioni e rimozioni PMU.
Post: Stardust Eyeliner, Aquarelle lips. Highlight Removal, Hairstrokes, Basic Course, Masterclass.",2026-09-29-instagram-siti-piemonte-ciglia-sopracciglia,siti,,
@extensionciglia_byolga,Extension Ciglia byOlga,Villanova Mondovì (CN),Extension ciglia,437,1,"cercato «site:instagram.com ""extension ciglia"" Mondovì OR Fossano OR Savigliano» su Google → profilo aperto il 29/9: 437 follower, 188 post, nessun link in bio, Villanova Mondovì, Fossano, Millesimo, Ceva, Cuneo, nessun dominio proprio [verifica-sito] senza motori · domini: nessuno risponde",,,"Ciao Olga, sono Patrick di DenkiCode.

Villanova Mondovì, Fossano, Millesimo, Ceva e Cuneo, con le ciglia fatte in due ore: ti muovi su mezza provincia.

Ho notato però una cosa: con tante sedi manca un sito tuo che dica dove sei e quando.

Abbiamo preso ispirazione dal tuo profilo e abbiamo realizzato una bozza del tuo sito.

Preferisci che te la mandi qui su Instagram, o prima ne parliamo due minuti al telefono? In ogni caso zero costi e zero impegno: se ti piace, poi ne parliamo. Se vuoi vedere cosa facciamo: denkicode.com","Olga, Villanova Mondovì, Fossano, Millesimo, Ceva, Cuneo. 437 follower, 188 post. Extension ciglia in 2 ore.
Post: personalizzazione degli effetti, eye-liner. Highlight Proposte look, Consigli.",2026-09-29-instagram-siti-piemonte-ciglia-sopracciglia,siti,,
@andreea_extensionciglia,Andreea Extension Ciglia,Saluzzo (CN),Extension ciglia e PMU,1338,1,"cercato «site:instagram.com ""extension ciglia"" Alba OR Bra OR Saluzzo» su Google → profilo aperto il 29/9: 1.338 follower, 170 post, nessun link in bio, Cuneo, Saluzzo, Manta, Verzuolo, Moretta, nessun dominio proprio; poi Google «Andreea extension ciglia Saluzzo» → scheda mappa Beauty by Gherman Andreea e reteimprese; lecigliadiandreea.it è un'altra attività (Brusaporto, BG) [verifica-sito] senza motori · domini: nessuno risponde",,,"Ciao Andreea, sono Patrick di DenkiCode.

«Aiuto donne attive che vogliono sentirsi ancora più belle»: da Saluzzo a Verzuolo, extension, laminazione e cheratina per chi ha poco tempo.

Ho notato però una cosa: lavori in cinque paesi tra Cuneo e Saluzzo, ma chi ti cerca su Google non trova un sito tuo.

Abbiamo preso ispirazione dal tuo profilo e abbiamo realizzato una bozza del tuo sito.

Preferisci che te la mandi qui su Instagram, o prima ne parliamo due minuti al telefono? In ogni caso zero costi e zero impegno: se ti piace, poi ne parliamo. Se vuoi vedere cosa facciamo: denkicode.com","Andreea, Saluzzo, Cuneo, Manta, Verzuolo, Moretta. 1.338 follower, 170 post. Extension ciglia, laminazione, PMU, cheratina.
Post: come lavare le extension, refill. Highlight Wet effect, Recensioni, My evolution, Formazione.",2026-09-29-instagram-siti-piemonte-ciglia-sopracciglia,siti,,
@kg_estetica.dermopigmentazione,KG Estetica e Dermopigmentazione,Cuneo (CN),"Dermopigmentazione, extension e laminazione",850,5,"cercato «site:instagram.com ""laminazione ciglia"" Cuneo» su Google → profilo aperto il 29/9: 850 follower, 217 post, link in bio widget.treatwell.it (pagina Treatwell), via Amedeo Rossi 23, nessun dominio proprio [verifica-sito] senza motori · domini: nessuno risponde",,,"Ciao, sono Patrick di DenkiCode.

«La cura di un tocco gentile, l'ascolto empatico, un consiglio sincero»: la bio del vostro centro di via Amedeo Rossi dice già come lavorate.

Ho notato però una cosa: si prenota da Treatwell, ma un sito vostro con extension, laminazione e dermopigmentazione non c'è.

Abbiamo preso ispirazione dal vostro profilo e abbiamo realizzato una bozza del vostro sito.

Preferite che ve la mandi qui su Instagram, o prima ne parliamo due minuti al telefono? In ogni caso zero costi e zero impegno: se vi piace, poi ne parliamo. Se volete vedere cosa facciamo: denkicode.com","KG Estetica e Dermopigmentazione di Keti, via Amedeo Rossi 23, Cuneo. 850 follower, 217 post. Estetica, extension, laminazione, brows, nails.
Post: presentazione della titolare, combo laminazione. Prenotazioni su Treatwell.",2026-09-29-instagram-siti-piemonte-ciglia-sopracciglia,siti,,
@daria_lash_permanent_makeup,Daria Barberis PMU,Cuneo (CN),Trucco permanente ed extension,1664,1,"cercato «site:instagram.com ""extension ciglia"" Cuneo» su Google → profilo aperto il 29/9: 1.664 follower, 117 post, nessun link in bio, telefono in bio, Cuneo, nessun dominio proprio; poi Google «Daria Barberis Cuneo» → nessun risultato suo [verifica-sito] senza motori · domini: nessuno risponde",,,"Ciao Daria, sono Patrick di DenkiCode.

Quasi dieci anni nell'estetica, un angolo tutto tuo pensato per il comfort, e un microblading che promette definizione e ordine: a Cuneo si capisce subito cosa trovi da te.

Ho notato però una cosa: in bio c'è il telefono, ma un sito tuo non c'è.

Abbiamo preso ispirazione dal tuo profilo e abbiamo realizzato una bozza del tuo sito.

Preferisci che te la mandi qui su Instagram, o prima ne parliamo due minuti al telefono? In ogni caso zero costi e zero impegno: se ti piace, poi ne parliamo. Se vuoi vedere cosa facciamo: denkicode.com","Daria Barberis, Cuneo. 1.664 follower, 117 post. Permanent make-up specialist, extension ciglia, laminazione.
Post: presentazione (quasi 10 anni), il suo angolo di lavoro, microblading. Highlight Recensioni, I miei lavori, Consigli.",2026-09-29-instagram-siti-piemonte-ciglia-sopracciglia,siti,,
@ladoblembeautyspecialist,La Doble M,Bra (CN),Ciglia e unghie,453,1,"cercato «site:instagram.com ""extension ciglia"" Alba OR Bra OR Saluzzo» su Google → profilo aperto il 29/9: 453 follower, 34 post, nessun link in bio, via Umberto I 106, telefono in bio, nessun dominio proprio; poi Google «""La Doble M"" Bra ciglia» → paginegialle, infobel, hotfrog, nessun dominio [verifica-sito] senza motori · domini: ladoblem.com (non risponde, indovinato)",,,"Ciao, sono Patrick di DenkiCode.

Ciglia, mani e piedi in via Umberto I, poi l'invito al campionato con congresso a Roma il 13 dicembre: La Doble M guarda già oltre Bra.

Ho notato però una cosa: si prenota al telefono, e chi cerca un salone di ciglia a Bra non trova un sito tuo.

Abbiamo preso ispirazione dal tuo profilo e abbiamo realizzato una bozza del tuo sito.

Preferisci che te la mandi qui su Instagram, o prima ne parliamo due minuti al telefono? In ogni caso zero costi e zero impegno: se ti piace, poi ne parliamo. Se vuoi vedere cosa facciamo: denkicode.com","La Doble M, via Umberto I 106, Bra. 453 follower, 34 post. Salone specializzato in ciglia, mani e piedi.
Post: nuova policy appuntamenti, campionato online e congresso a Roma. Extension curvatura M.",2026-09-29-instagram-siti-piemonte-ciglia-sopracciglia,siti,,
@martina.eyelashes,Martina Adelchi Eyelashes,Saluzzo (CN),Laminazione ed extension ciglia,247,1,"cercato «site:instagram.com ""extension ciglia"" Alba OR Bra OR Saluzzo» su Google → profilo aperto il 29/9: 247 follower, 8 post, nessun link in bio, Estetica Adelchi a Saluzzo e Rifreddo, nessun dominio proprio; poi Google «""Estetica Adelchi"" Saluzzo» → solo elenchi generici di centri [verifica-sito] senza motori · domini: nessuno risponde",,,"Ciao Martina, sono Patrick di DenkiCode.

Laminazione ciglia e sopracciglia tra Estetica Adelchi a Saluzzo e Rifreddo, con le promozioni del mese in evidenza: sai come far tornare le clienti.

Ho notato però una cosa: per info si scrive in direct, un sito tuo non c'è.

Abbiamo preso ispirazione dal tuo profilo e abbiamo realizzato una bozza del tuo sito.

Preferisci che te la mandi qui su Instagram, o prima ne parliamo due minuti al telefono? In ogni caso zero costi e zero impegno: se ti piace, poi ne parliamo. Se vuoi vedere cosa facciamo: denkicode.com","Martina Adelchi, Saluzzo (Estetica Adelchi) e Rifreddo. 247 follower, 8 post. Laminazione ciglia e sopracciglia, extension.
Highlight Extension, Laminazione, Promozioni.",2026-09-29-instagram-siti-piemonte-ciglia-sopracciglia,siti,,
@bianca_vlad_lashmaker,Bianca Vlad Lashmaker,Saluzzo (CN),Extension e laminazione ciglia,312,1,"cercato «site:instagram.com ""extension ciglia"" Alba OR Bra OR Saluzzo» su Google → profilo aperto il 29/9: 312 follower, 151 post, nessun link in bio, corso Piemonte 5, nessun dominio proprio; poi Google «Bianca Vlad lashmaker Saluzzo» → solo la scheda mappa [verifica-sito] senza motori · domini: nessuno risponde",,,"Ciao Bianca, sono Patrick di DenkiCode.

Brand ambassador di Concept Lashes, lashmaker dal 2020, e un wet effect in curva C+M nell'ultimo post: a Saluzzo lavori con materiali che sai spiegare.

Ho notato però una cosa: tra Saluzzo, Busca e Cuneo si prenota al telefono, e un sito tuo non c'è.

Abbiamo preso ispirazione dal tuo profilo e abbiamo realizzato una bozza del tuo sito.

Preferisci che te la mandi qui su Instagram, o prima ne parliamo due minuti al telefono? In ogni caso zero costi e zero impegno: se ti piace, poi ne parliamo. Se vuoi vedere cosa facciamo: denkicode.com","Bianca Vlad, corso Piemonte 5, Saluzzo, anche Busca e Cuneo. 312 follower, 151 post. Lashmaker dal 2020, ambassador Concept Lashes.
Post: wet effect curva C+M. Highlight Extension ciglia, Laminazione.",2026-09-29-instagram-siti-piemonte-ciglia-sopracciglia,siti,,
@olia.lashartist,Olia Lash Artist,Savigliano (CN),Extension ciglia,377,1,"cercato «site:instagram.com ""extension ciglia"" Mondovì OR Fossano OR Savigliano» su Google → profilo aperto il 29/9: 377 follower, 63 post, nessun link in bio, info in DM, nessun dominio proprio [verifica-sito] senza motori · domini: nessuno risponde",,,"Ciao Olia, sono Patrick di DenkiCode.

One by one fino al 5D, e un post intitolato «Colora la tua vita» con le ciglia colorate: a Savigliano porti un po' di colore.

Ho notato però una cosa: per info si passa dai DM, un sito tuo non c'è.

Abbiamo preso ispirazione dal tuo profilo e abbiamo realizzato una bozza del tuo sito.

Preferisci che te la mandi qui su Instagram, o prima ne parliamo due minuti al telefono? In ogni caso zero costi e zero impegno: se ti piace, poi ne parliamo. Se vuoi vedere cosa facciamo: denkicode.com","Olia, Savigliano. 377 follower, 63 post. Extension one by one, 2D-5D, lamination.
Post: effetto naturale, ciglia colorate, lash day.",2026-09-29-instagram-siti-piemonte-ciglia-sopracciglia,siti,,
@lashes_ciglia_alessandria,Extension Ciglia Alessandria,Alessandria (AL),Extension e laminazione,414,1,"cercato «extension ciglia alessandria» su ricerca Instagram → profilo aperto il 29/9: 414 follower, 105 post, nessun link in bio, zona centro, orari lun-sab in bio, nessun dominio proprio; poi Google «lashes_ciglia_alessandria» → solo portali e studi di altre attività, nessun dominio suo [verifica-sito] senza motori · domini: nessuno risponde",,,"Ciao, sono Patrick di DenkiCode.

Zona centro, dal lunedì al sabato dalle 9 alle 18, e un highlight fisso per le promozioni: in bio c'è già quello che serve per prenotare.

Ho notato però una cosa: manca un sito tuo dove queste informazioni si trovano anche da Google.

Abbiamo preso ispirazione dal tuo profilo e abbiamo realizzato una bozza del tuo sito.

Preferisci che te la mandi qui su Instagram, o prima ne parliamo due minuti al telefono? In ogni caso zero costi e zero impegno: se ti piace, poi ne parliamo. Se vuoi vedere cosa facciamo: denkicode.com","Extension ciglia Alessandria, zona centro. 414 follower, 105 post. Extension, laminazione ciglia e sopracciglia.
Orari lun-sab 9-18 in bio. Highlight extension ciglia, Promozione.",2026-09-29-instagram-siti-piemonte-ciglia-sopracciglia,siti,,
@extensionciglia_by_anastasia,Anastasia PMU ed Extension,Alessandria (AL),Trucco permanente ed extension,610,1,"cercato «extension ciglia alessandria» su ricerca Instagram → profilo aperto il 29/9: 610 follower, 155 post, nessun link in bio, nessun dominio proprio [verifica-sito] senza motori · domini: nessuno risponde · Google 29/9 «""Anastasia"" extension ciglia trucco permanente Alessandria» → post Instagram e centri di altri (Beauty Suite Graci)",,,"Ciao Anastasia, sono Patrick di DenkiCode.

Trucco permanente, rimozione tatuaggi, extension di ogni volume, e appuntamenti anche sabato e domenica su richiesta: ad Alessandria copri tutta la settimana.

Ho notato però una cosa: in bio non c'è un link, e un sito tuo non c'è.

Abbiamo preso ispirazione dal tuo profilo e abbiamo realizzato una bozza del tuo sito.

Preferisci che te la mandi qui su Instagram, o prima ne parliamo due minuti al telefono? In ogni caso zero costi e zero impegno: se ti piace, poi ne parliamo. Se vuoi vedere cosa facciamo: denkicode.com","Anastasia, Alessandria, estetista certificata dall'Ucraina. 610 follower, 155 post. PMU sopracciglia, labbra, occhi, rimozione tatuaggio, extension.
Post: disponibilità nel weekend, video ironico. Highlight Gift card, Cos'è il PMU, Cerco modelle.",2026-09-29-instagram-siti-piemonte-ciglia-sopracciglia,siti,,
@pmu.lashes_alessandria,PMU Alessandria Shchokotova,Alessandria (AL),PMU ed extension,495,1,"cercato «lash alessandria» su ricerca Instagram → profilo aperto il 29/9: 495 follower, 140 post, nessun link in bio, prenotazioni direct o WhatsApp, nessun dominio proprio [verifica-sito] senza motori · domini: nessuno risponde · Google 29/9 «Shchokotova PMU Alessandria» → post Instagram @pmu.lashes_alessandria, scheda di prenotazione di Space of Beauty, altro salone",,,"Ciao, sono Patrick di DenkiCode.

Un highlight tutto per i lavori guariti, oltre ai prima e dopo: mostrare il PMU settimane dopo è la prova che le clienti cercano.

Ho notato però una cosa: si prenota in direct o su WhatsApp, un sito tuo non c'è.

Abbiamo preso ispirazione dal tuo profilo e abbiamo realizzato una bozza del tuo sito.

Preferisci che te la mandi qui su Instagram, o prima ne parliamo due minuti al telefono? In ogni caso zero costi e zero impegno: se ti piace, poi ne parliamo. Se vuoi vedere cosa facciamo: denkicode.com","Shchokotova, Alessandria. 495 follower, 140 post. PMU artist, lash e brow: sopracciglia, labbra, eyeliner, extension e laminazione.
Post: PMU labbra e sopracciglia. Highlight Recensioni, Lavori guariti, Extension ciglia.",2026-09-29-instagram-siti-piemonte-ciglia-sopracciglia,siti,,
@lashbrowexpert_alessandria,Nadia Arbuz Lash & Brow,Alessandria (AL),Extension e microblading,893,1,"cercato «lash alessandria» su ricerca Instagram → profilo aperto il 29/9: 893 follower, 372 post, link in bio wa.me, nessun dominio proprio; poi Google «Nadia Arbuz Alessandria» → nessun risultato [verifica-sito] senza motori · domini: nessuno risponde",,,"Ciao Nadia, sono Patrick di DenkiCode.

Dieci anni nel settore e un mega volume che nel reel si guarda due volte: ad Alessandria il set pieno è la tua firma.

Ho notato però una cosa: il link in bio apre WhatsApp, un sito tuo non c'è.

Abbiamo preso ispirazione dal tuo profilo e abbiamo realizzato una bozza del tuo sito.

Preferisci che te la mandi qui su Instagram, o prima ne parliamo due minuti al telefono? In ogni caso zero costi e zero impegno: se ti piace, poi ne parliamo. Se vuoi vedere cosa facciamo: denkicode.com","Nadia Arbuz, Alessandria. 893 follower, 372 post. Lash & brow expert, 10 anni nel settore.
Post: megavolume, volume personalizzato. Highlight Microblading, Extension ciglia, Laminazione.",2026-09-29-instagram-siti-piemonte-ciglia-sopracciglia,siti,,
@tanya_savina_lashmaker_acqui,Tanya Savina Lashmaker,Acqui Terme (AL),Ciglia e sopracciglia,880,1,"cercato «lash acqui terme» su ricerca Instagram → profilo aperto il 29/9: 880 follower, 79 post, link in bio QR WhatsApp, nessun dominio proprio; poi Google «Tanya Savina ciglia Acqui Terme» → nessun risultato [verifica-sito] senza motori · domini: nessuno risponde",,,"Ciao Tanya, sono Patrick di DenkiCode.

Filo arabo, laminazioni ed extension classiche e moderne, con i lavori migliori raccolti nell'highlight «Il mio meglio»: ad Acqui chi arriva sa già cosa aspettarsi.

Ho notato però una cosa: in bio c'è il QR di WhatsApp, ma un sito tuo non c'è.

Abbiamo preso ispirazione dal tuo profilo e abbiamo realizzato una bozza del tuo sito.

Preferisci che te la mandi qui su Instagram, o prima ne parliamo due minuti al telefono? In ogni caso zero costi e zero impegno: se ti piace, poi ne parliamo. Se vuoi vedere cosa facciamo: denkicode.com","Tanya Savina, Acqui Terme. 880 follower, 79 post. Laminazione ciglia e sopracciglia, filo arabo, extension moderne e classiche.
Post personali (Davide dal 2012). Highlight Il mio meglio, Chi sono.",2026-09-29-instagram-siti-piemonte-ciglia-sopracciglia,siti,,
@ciglia_alessandria,Ciglia Alessandria,Alessandria (AL),Extension e laminazione,2301,1,"cercato «ciglia alessandria» su ricerca Instagram → profilo aperto il 29/9: 2.301 follower, 249 post, nessun link in bio, nessun dominio proprio [verifica-sito] senza motori · domini: nessuno risponde · Google 29/9 «ciglia_alessandria laminazione» → Lash Studio di Violeta Bosneag, spaltra.it, federicagraci.com: tutti di altri",,,"Ciao, sono Patrick di DenkiCode.

Quasi 250 post di laminazioni, con la curvatura scritta in didascalia, come la M dell'ultimo lavoro: ad Alessandria sei una specialista vera.

Ho notato però una cosa: nel profilo non c'è nessun link, e un sito tuo non c'è.

Abbiamo preso ispirazione dal tuo profilo e abbiamo realizzato una bozza del tuo sito.

Preferisci che te la mandi qui su Instagram, o prima ne parliamo due minuti al telefono? In ogni caso zero costi e zero impegno: se ti piace, poi ne parliamo. Se vuoi vedere cosa facciamo: denkicode.com","Estetista, Alessandria. 2.301 follower, 249 post. Extension ciglia, laminazione ciglia e sopracciglia.
Post: laminazione curvatura M, combo ciglia e sopracciglia. Highlight Lam. Ciglia, Cliente, Informazione.",2026-09-29-instagram-siti-piemonte-ciglia-sopracciglia,siti,,
@nati_laminazione,Nati Laminazione,Novi Ligure (AL),Laminazione e architettura sopracciglia,219,1,"cercato «ciglia novi ligure» su ricerca Instagram → profilo aperto il 29/9: 219 follower, 40 post, nessun link in bio, nessun dominio proprio [verifica-sito] senza motori · domini: nessuno risponde · Google 29/9 «""Nati"" laminazione sopracciglia Novi Ligure» → un solo post Instagram, poi risultati estranei",,,"Ciao Nati, sono Patrick di DenkiCode.

Architettura sopracciglia e tinta grafica a Novi Ligure, con la correzione della forma spiegata nei post: la parte tecnica non la nascondi.

Ho notato però una cosa: si prenota solo in direct, un sito tuo non c'è.

Abbiamo preso ispirazione dal tuo profilo e abbiamo realizzato una bozza del tuo sito.

Preferisci che te la mandi qui su Instagram, o prima ne parliamo due minuti al telefono? In ogni caso zero costi e zero impegno: se ti piace, poi ne parliamo. Se vuoi vedere cosa facciamo: denkicode.com","Nati, Novi Ligure, italo-ucraina. 219 follower, 40 post. Laminazione ciglia e sopracciglia, architettura sopracciglia, tinta grafica.
Post: correzione e colorazione sopracciglia.",2026-09-29-instagram-siti-piemonte-ciglia-sopracciglia,siti,,
@lashstudioalessandria,Lash Studio Violeta Bosneag,Alessandria (AL),"Lash lift, PMU e viso",4793,1,"cercato «site:instagram.com ""extension ciglia"" Alessandria OR Casale OR Tortona OR Acqui» su Google → profilo aperto il 29/9: 4.793 follower, 522 post, link in bio wa.me, nessun dominio proprio; poi Google «Violeta Bosneag Lash Studio Alessandria» → paginebianche, paginegialle, infobel, nessun dominio [verifica-sito] senza motori · domini: nessuno risponde",,,"Ciao Violeta, sono Patrick di DenkiCode.

Dermaplaning, needling, gua sha e lash lift nello stesso studio dedicato al viso: ad Alessandria hai costruito un posto specializzato, con quasi 5.000 follower.

Ho notato però una cosa: il link in bio porta a WhatsApp, un sito tuo con i trattamenti non c'è.

Abbiamo preso ispirazione dal tuo profilo e abbiamo realizzato una bozza del tuo sito.

Preferisci che te la mandi qui su Instagram, o prima ne parliamo due minuti al telefono? In ogni caso zero costi e zero impegno: se ti piace, poi ne parliamo. Se vuoi vedere cosa facciamo: denkicode.com","Violeta Bosneag, Lash Studio, Alessandria. 4.793 follower, 522 post. Luxury facial, dermaplaning, needling, PMU, lash lift.
Highlight Dermaplaning, Sopracciglia, Extension, Laminazione, Corsi, Master Class, Gua Sha.",2026-09-29-instagram-siti-piemonte-ciglia-sopracciglia,siti,,
@verdi_lash_and_brows,Verdiana Lash & Brows,Acqui Terme (AL),"Ciglia, sopracciglia e PMU",506,1,"cercato «site:instagram.com ""extension ciglia"" Alessandria OR Casale OR Tortona OR Acqui» su Google → profilo aperto il 29/9: 506 follower, 57 post, nessun link in bio, telefono in bio, nessun dominio proprio [verifica-sito] senza motori · domini: nessuno risponde",,,"Ciao Verdiana, sono Patrick di DenkiCode.

Extension, make-up, microblading, bio henné, e la laminazione nel prima e dopo che fa dire addio al mascara: ad Acqui curi tutto lo sguardo.

Ho notato però una cosa: si prenota al numero in bio, un sito tuo non c'è.

Abbiamo preso ispirazione dal tuo profilo e abbiamo realizzato una bozza del tuo sito.

Preferisci che te la mandi qui su Instagram, o prima ne parliamo due minuti al telefono? In ogni caso zero costi e zero impegno: se ti piace, poi ne parliamo. Se vuoi vedere cosa facciamo: denkicode.com","Verdiana, Acqui Terme. 506 follower, 57 post. Lashmaker, make-up artist, trucco permanente.
Post: prima e dopo laminazione. Highlight Recensioni, Extension, Lash lift, Microblading, Bio Henné.",2026-09-29-instagram-siti-piemonte-ciglia-sopracciglia,siti,,
@beautylab.anny,Beauty Lab Anny Rodrigues,Casale Monferrato (AL),"Ciglia, PMU e hydralips",2115,1,"cercato «site:instagram.com ""extension ciglia"" Alessandria OR Casale OR Tortona OR Acqui» su Google → profilo aperto il 29/9: 2.115 follower, 234 post, nessun link in bio, nessun dominio proprio; poi Google «Anny Rodrigues beauty lab Casale Monferrato» → nessun risultato suo [verifica-sito] senza motori · domini: nessuno risponde",,,"Ciao Anny, sono Patrick di DenkiCode.

Hydralips, henné, filo arabo e un trucco labbra in cui hai lavorato sulla simmetria: a Casale Monferrato curi il viso a tutto tondo.

Ho notato però una cosa: con più di 2.000 follower, in bio non c'è un link a un sito tuo.

Abbiamo preso ispirazione dal tuo profilo e abbiamo realizzato una bozza del tuo sito.

Preferisci che te la mandi qui su Instagram, o prima ne parliamo due minuti al telefono? In ogni caso zero costi e zero impegno: se ti piace, poi ne parliamo. Se vuoi vedere cosa facciamo: denkicode.com","Anny Rodrigues, Casale Monferrato. 2.115 follower, 234 post. Lashmaker, lamimaker, microblading, trucco permanente, hydralips, henné e filo arabo.
Post: laminazione con tinta, PMU labbra. Highlight PMU & Micro, Hydra Lips, Lami e tinta.",2026-09-29-instagram-siti-piemonte-ciglia-sopracciglia,siti,,
@fanari.felicia,Beauty Studio Felicia Fanari,Casale Monferrato (AL),"Ciglia, sopracciglia e formazione",1636,5,"cercato «site:instagram.com ""extension ciglia"" Alessandria OR Casale OR Tortona OR Acqui» su Google → profilo aperto il 29/9: 1.636 follower, 119 post, nessun link in bio, nessun dominio proprio; poi Google «Felicia Fanari Casale Monferrato» → pagina Treatwell del Beauty Studio, nessun dominio [verifica-sito] senza motori · domini: nessuno risponde",,,"Ciao Felicia, sono Patrick di DenkiCode.

Extension ciglia da concorso, un highlight sul campionato e i corsi da master trainer: a Casale Monferrato insegni oltre a lavorare.

Ho notato però una cosa: cercando il tuo nome su Google esce la pagina Treatwell del Beauty Studio, un sito tuo con ciglia, unghie e corsi non c'è.

Abbiamo preso ispirazione dal tuo profilo e abbiamo realizzato una bozza del tuo sito.

Preferisci che te la mandi qui su Instagram, o prima ne parliamo due minuti al telefono? In ogni caso zero costi e zero impegno: se ti piace, poi ne parliamo. Se vuoi vedere cosa facciamo: denkicode.com","Felicia Fanari, Beauty Studio, Casale Monferrato. 1.636 follower, 119 post. Lash, eyebrow, nails, master/trainer.
Highlight Lash, Nails, Master, Campionato, Brows.",2026-09-29-instagram-siti-piemonte-ciglia-sopracciglia,siti,,
@iltruccodiroby,Roberta Fasano Dermopigmentista,Valenza (AL),Dermopigmentazione e laminazione,5957,1,"cercato «site:instagram.com ""laminazione ciglia"" Alessandria OR ""Novi Ligure"" OR Valenza OR Ovada» su Google → profilo aperto il 29/9: 5.957 follower, 382 post, link in bio wa.me e Facebook, nessun dominio proprio; poi Google «Roberta Fasano dermopigmentista Valenza» → solo reportaziende [verifica-sito] senza motori · domini: nessuno risponde",,,"Ciao Roberta, sono Patrick di DenkiCode.

«Creativa, perfezionista e decisamente poco standard»: la dermopigmentista in rosa di Valenza lo dimostra anche col tattoo sketch negli highlight.

Ho notato però una cosa: dal link in bio si arriva a WhatsApp e Facebook, un sito tuo non c'è.

Abbiamo preso ispirazione dal tuo profilo e abbiamo realizzato una bozza del tuo sito.

Preferisci che te la mandi qui su Instagram, o prima ne parliamo due minuti al telefono? In ogni caso zero costi e zero impegno: se ti piace, poi ne parliamo. Se vuoi vedere cosa facciamo: denkicode.com","Roberta Fasano, Valenza. 5.957 follower, 382 post. Dermopigmentista: sopracciglia, labbra, eyeliner, laminazione, minimal tattoo.
Post: consulenza, recensioni. Highlight Sopracciglia, Tattoo sketch, Regolamento, Recensioni.",2026-09-29-instagram-siti-piemonte-ciglia-sopracciglia,siti,,
@alida.permanent_makeup,Alida Barbin Permanent Makeup,Valenza (AL),Trucco permanente ed extension,1058,1,"cercato «site:instagram.com ""laminazione ciglia"" Alessandria OR ""Novi Ligure"" OR Valenza OR Ovada» su Google → profilo aperto il 29/9: 1.058 follower, 612 post, nessun link in bio, telefono in bio, nessun dominio proprio; poi Google «Alida Barbin Valenza» → solo una scheda Yelp di un'altra attività (gioielleria) [verifica-sito] senza motori · domini: nessuno risponde",,,"Ciao Alida, sono Patrick di DenkiCode.

Trucco permanente, tricopigmentazione e microneedling, e il consiglio di non aspettare troppo a ravvivare il tatuaggio sbiadito: a Valenza segui chi torna.

Ho notato però una cosa: in bio c'è il telefono, ma un sito tuo non c'è.

Abbiamo preso ispirazione dal tuo profilo e abbiamo realizzato una bozza del tuo sito.

Preferisci che te la mandi qui su Instagram, o prima ne parliamo due minuti al telefono? In ogni caso zero costi e zero impegno: se ti piace, poi ne parliamo. Se vuoi vedere cosa facciamo: denkicode.com","Alida Barbin, Valenza. 1.058 follower, 612 post. Trucco permanente, tricopigmentazione, extension e laminazione, microneedling.
Highlight Powder brows, Eyeliner sfumato, Lips tattoo, Extension ciglia.",2026-09-29-instagram-siti-piemonte-ciglia-sopracciglia,siti,,
@lashesbyerika_trecate,Lashes By Erika,Trecate (NO),Laminazione ed extension ciglia,1077,1,"cercato «lash trecate» su ricerca Instagram → profilo aperto il 29/9: 1.077 follower, 173 post, nessun link in bio, nessun dominio proprio; poi Google «""Lashes by Erika"" Trecate» → solo la scheda mappa [verifica-sito] senza motori · domini: nessuno risponde",,,"Ciao Erika, sono Patrick di DenkiCode.

Laminazioni, extension e brazilian waxing a Trecate, con il tutorial su come pettinare le extension: le clienti le segui anche a casa.

Ho notato però una cosa: in bio non c'è un link, e chi cerca a Trecate non trova un sito tuo.

Abbiamo preso ispirazione dal tuo profilo e abbiamo realizzato una bozza del tuo sito.

Preferisci che te la mandi qui su Instagram, o prima ne parliamo due minuti al telefono? In ogni caso zero costi e zero impegno: se ti piace, poi ne parliamo. Se vuoi vedere cosa facciamo: denkicode.com","Erika, Trecate. 1.077 follower, 173 post. Laminazione ciglia e sopracciglia, extension, brazilian waxing.
Post: come pettinare le extension. Highlight Sopracciglia, VolumeLashes, laminazionCiglia.",2026-09-29-instagram-siti-piemonte-ciglia-sopracciglia,siti,,
@extensioncigliatrecate,Extension Ciglia Trecate,Trecate (NO),Extension ciglia,625,1,"cercato «extension ciglia trecate» su ricerca Instagram → profilo aperto il 29/9: 625 follower, 83 post, nessun link in bio, nessun dominio proprio [verifica-sito] senza motori · domini: nessuno risponde · Google 29/9 «extensioncigliatrecate» → il profilo, poi L'Oasi della Bellezza, esteticanovara.it, jessicalab.it: altri centri di Trecate",,,"Ciao, sono Patrick di DenkiCode.

Il 3D in curva C «effetto ali d'angelo» dell'ultimo post: dare un nome a ogni effetto aiuta chi deve scegliere.

Ho notato però una cosa: nel profilo non c'è un link, un sito tuo non c'è.

Abbiamo preso ispirazione dal tuo profilo e abbiamo realizzato una bozza del tuo sito.

Preferisci che te la mandi qui su Instagram, o prima ne parliamo due minuti al telefono? In ogni caso zero costi e zero impegno: se ti piace, poi ne parliamo. Se vuoi vedere cosa facciamo: denkicode.com","Extension ciglia, Trecate. 625 follower, 83 post.
Post: 3D curva C effetto ali d'angelo, 3D curva WC.",2026-09-29-instagram-siti-piemonte-ciglia-sopracciglia,siti,,
@ks_lash_room,KS Lash Room,Oleggio (NO),Extension ciglia,290,1,"cercato «extension ciglia oleggio» su ricerca Instagram → profilo aperto il 29/9: 290 follower, 29 post, nessun link in bio, nessun dominio proprio [verifica-sito] senza motori · domini: lashroom.com (non risponde, indovinato); lashroom.ch (vivo, indovinato); lashroom.eu (non risponde, indovinato); lashroom.net (vivo, indovinato); lash-room.com (vivo, indovinato: Infinity Lashes Wimpernstudio Dortmund) · aperti a mano il 29/9: lash-room.com è un'altra attività (Infinity Lashes, Dortmund), lashroom.ch è The Lash Room di Winterthur, lashroom.net una medspa in Kentucky · Google 29/9 «""KS Lash Room"" Oleggio» → solo il profilo Instagram",,,"Ciao Katia, sono Patrick di DenkiCode.

LamiLove, il buono regalo e «trasformo le tue ciglia in un capolavoro»: la KS Lash Room di Oleggio ha già un suo tono.

Ho notato però una cosa: si prenota in DM, un sito tuo non c'è.

Abbiamo preso ispirazione dal tuo profilo e abbiamo realizzato una bozza del tuo sito.

Preferisci che te la mandi qui su Instagram, o prima ne parliamo due minuti al telefono? In ogni caso zero costi e zero impegno: se ti piace, poi ne parliamo. Se vuoi vedere cosa facciamo: denkicode.com","Katia Salia, KS Lash Room, Oleggio. 290 follower, 29 post. Lash artist specializzata in extension.
Post: LamiLove, buono regalo.",2026-09-29-instagram-siti-piemonte-ciglia-sopracciglia,siti,,
@esteticamente_ana,Esteticamente Ana,Galliate (NO),Ciglia ed estetica,287,1,"cercato «ciglia galliate» su ricerca Instagram → profilo aperto il 29/9: 287 follower, 27 post, link in bio wa.me, nessun dominio proprio [verifica-sito] senza motori · domini: nessuno risponde · Google 29/9 «""Esteticamente Ana"" Galliate» → nessun risultato organico; «Esteticamente Anna» è un altro centro, a Novara, e il sito non ce l'ha",,,"Ciao Ana, sono Patrick di DenkiCode.

«Piccola io, grandissima passione per la bellezza»: il post di presentazione a Galliate mette al centro le tue mani, ed è quello che una cliente vuole sapere.

Ho notato però una cosa: il link in bio porta a WhatsApp, un sito tuo non c'è.

Abbiamo preso ispirazione dal tuo profilo e abbiamo realizzato una bozza del tuo sito.

Preferisci che te la mandi qui su Instagram, o prima ne parliamo due minuti al telefono? In ogni caso zero costi e zero impegno: se ti piace, poi ne parliamo. Se vuoi vedere cosa facciamo: denkicode.com","Ana, Galliate. 287 follower, 27 post. Ciglia ed estetica, posti su appuntamento.
Post di presentazione: «dietro ogni trattamento ci sono le mie mani».",2026-09-29-instagram-siti-piemonte-ciglia-sopracciglia,siti,,
@cocoulashesarona,Cocou Lashes,Arona (NO),Extension ciglia e unghie,427,1,"cercato «ciglia arona» su ricerca Instagram → profilo aperto il 29/9: 427 follower, 201 post, nessun link in bio, nessun dominio proprio; poi Google «Cocou Lashes Arona» → nessun risultato suo [verifica-sito] senza motori · domini: nessuno risponde",,,"Ciao Teresa, sono Patrick di DenkiCode.

Specialista del volume, con gli highlight «Musas» e «Megavolumen» tra ciglia e unghie: sul Lago Maggiore porti un po' di Perù.

Ho notato però una cosa: tutto passa dai DM, e chi cerca extension ad Arona non trova un sito tuo.

Abbiamo preso ispirazione dal tuo profilo e abbiamo realizzato una bozza del tuo sito.

Preferisci che te la mandi qui su Instagram, o prima ne parliamo due minuti al telefono? In ogni caso zero costi e zero impegno: se ti piace, poi ne parliamo. Se vuoi vedere cosa facciamo: denkicode.com","Teresa, Arona (Lago Maggiore), dal Perù. 427 follower, 201 post. Specialista volume, extension ciglia e unghie.
Highlight Megavolumen, Volumen, Musas, Nails, Prezzi, Colors Lash Studio.",2026-09-29-instagram-siti-piemonte-ciglia-sopracciglia,siti,,
@gislaine.avancini,Gislaine Avancini,Novara (NO),Microblading e laminazione,937,1,"cercato «sopracciglia novara» su ricerca Instagram → profilo aperto il 29/9: 937 follower, 122 post, nessun link in bio, Novara e Milano, nessun dominio proprio; poi Google «Gislaine Avancini Novara» → nessun risultato suo [verifica-sito] senza motori · domini: nessuno risponde",,,"Ciao Gislaine, sono Patrick di DenkiCode.

Più di dodici anni di esperienza tra microblading, laminazioni e trucco, divisi tra Novara e Milano: un'estetista brasiliana che ha portato qui il suo metodo.

Ho notato però una cosa: in bio non c'è un link, e cercando il tuo nome su Google un sito tuo non esce.

Abbiamo preso ispirazione dal tuo profilo e abbiamo realizzato una bozza del tuo sito.

Preferisci che te la mandi qui su Instagram, o prima ne parliamo due minuti al telefono? In ogni caso zero costi e zero impegno: se ti piace, poi ne parliamo. Se vuoi vedere cosa facciamo: denkicode.com","Gislaine Avancini, Novara e Milano. 937 follower, 122 post. Estetista brasiliana, 12 anni di esperienza: microblading, laminazione, trucco.
Highlight Laminazione, Extension ciglia, Feedback, Trucco, Sopracciglia.",2026-09-29-instagram-siti-piemonte-ciglia-sopracciglia,siti,,
@ek_splendidaseitu,Splendida Sei Tu,Cameri (NO),"PMU, laminazione e skincare",1585,5,"cercato «sopracciglia novara» su ricerca Instagram → profilo aperto il 29/9: 1.585 follower, 255 post, link in bio taplink.cc e widget.treatwell.it (pagina Treatwell), telefono in bio, nessun dominio proprio [verifica-sito] senza motori · domini: nessuno risponde · Google 29/9 «""Splendida Sei Tu"" Cameri» → Treatwell, PagineBianche, PagineGialle, nessun dominio suo",,,"Ciao, sono Patrick di DenkiCode.

«I miei clienti rimangono per sempre dopo la prima sessione» è una promessa forte, e il post sulle vostre mani al lavoro la rende credibile.

Ho notato però una cosa: si prenota da Treatwell e da un Taplink, ma un sito vostro non c'è.

Abbiamo preso ispirazione dal vostro profilo e abbiamo realizzato una bozza del vostro sito.

Preferite che ve la mandi qui su Instagram, o prima ne parliamo due minuti al telefono? In ogni caso zero costi e zero impegno: se vi piace, poi ne parliamo. Se volete vedere cosa facciamo: denkicode.com","Splendida Sei Tu di Evgenia, Cameri. 1.585 follower, 255 post. PMU, laminazione sopracciglia, skincare.
Post: «il nostro lavoro è nelle nostre mani». Link: Taplink e Treatwell.",2026-09-29-instagram-siti-piemonte-ciglia-sopracciglia,siti,,
@anitaviero_phi,Anita Viero,Gozzano (NO),Laminazione e microblading,858,1,"cercato «site:instagram.com ""laminazione ciglia"" Novara OR Borgomanero OR Arona OR Galliate» su Google → profilo aperto il 29/9: 858 follower, 240 post, nessun link in bio, telefono in bio, presso Silvia Bertona a Gozzano, nessun dominio proprio; poi Google «Anita Viero Gozzano» → i suoi post e puroincanto.it, altra attività dove il suo nome non compare [verifica-sito] senza motori · domini: nessuno risponde",,,"Ciao Anita, sono Patrick di DenkiCode.

K Lash Lift coreano, microblading e un highlight sui lavori guariti, da Silvia Bertona a Gozzano: fai vedere anche come si assesta il lavoro.

Ho notato però una cosa: si prenota al telefono o in DM, un sito tuo non c'è.

Abbiamo preso ispirazione dal tuo profilo e abbiamo realizzato una bozza del tuo sito.

Preferisci che te la mandi qui su Instagram, o prima ne parliamo due minuti al telefono? In ogni caso zero costi e zero impegno: se ti piace, poi ne parliamo. Se vuoi vedere cosa facciamo: denkicode.com","Anita Viero, Gozzano (presso Silvia Bertona Nails). 858 follower, 240 post. Laminazione ciglia e sopracciglia, microblading, labbra, estetica avanzata.
Highlight K Lash Lift, Microblading, Guariti, Cera brasiliana.",2026-09-29-instagram-siti-piemonte-ciglia-sopracciglia,siti,,
@jusymaniscalco_lash,Jusy Maniscalco Lash,Novara (NO),Laminazione ed extension ciglia,3331,1,"cercato «site:instagram.com ""laminazione ciglia"" Novara OR Borgomanero OR Arona OR Galliate» su Google → profilo aperto il 29/9: 3.331 follower, 535 post, nessun link in bio, nessun dominio proprio; poi Google «Jusy Maniscalco Novara» → nessun risultato suo [verifica-sito] senza motori · domini: nessuno risponde",,,"Ciao Jusy, sono Patrick di DenkiCode.

Laminazioni, extension e un trattamento rigenerante per le ciglia, raccontati tra un viaggio e la pole dance: su più di 500 post il profilo parla come te.

Ho notato però una cosa: con più di 3.000 follower a Novara, in bio non c'è un link a un sito tuo.

Abbiamo preso ispirazione dal tuo profilo e abbiamo realizzato una bozza del tuo sito.

Preferisci che te la mandi qui su Instagram, o prima ne parliamo due minuti al telefono? In ogni caso zero costi e zero impegno: se ti piace, poi ne parliamo. Se vuoi vedere cosa facciamo: denkicode.com","Jusy Maniscalco, Novara. 3.331 follower, 535 post. Lashmaker: laminazione ciglia e sopracciglia, trattamento rigenerante, extension.
Profilo misto lavoro e vita. Highlight Feedback, Cercasi modelle, After care, Pole dance.",2026-09-29-instagram-siti-piemonte-ciglia-sopracciglia,siti,,
@dorianacoli_pmu,Doriana Coli PMU,Arona (NO),Trucco permanente e laminazione,4030,1,"cercato «site:instagram.com ""laminazione ciglia"" Novara OR Borgomanero OR Arona OR Galliate» su Google → profilo aperto il 29/9: 4.030 follower, 545 post, link in bio wa.me, riceve da Mon-Âme beauty ink, nessun dominio proprio; poi Google «""Mon-Âme"" beauty ink Arona» → solo i suoi post Instagram [verifica-sito] senza motori · domini: nessuno risponde",,,"Ciao Doriana, sono Patrick di DenkiCode.

«Effortless, Tailored, Authentic» e un highlight separato per powder brows e combo brows: da Mon-Âme ad Arona le tecniche hanno nomi precisi.

Ho notato però una cosa: si prenota da WhatsApp, e un sito tuo non c'è.

Abbiamo preso ispirazione dal tuo profilo e abbiamo realizzato una bozza del tuo sito.

Preferisci che te la mandi qui su Instagram, o prima ne parliamo due minuti al telefono? In ogni caso zero costi e zero impegno: se ti piace, poi ne parliamo. Se vuoi vedere cosa facciamo: denkicode.com","Doriana Coli, Mon-Âme beauty ink, Arona. 4.030 follower, 545 post. Trucco permanente e laminazione.
Highlight Laminazione, Microblading, Powderbrows, Combobrows, Guariti.",2026-09-29-instagram-siti-piemonte-ciglia-sopracciglia,siti,,
@giulietta.lashmaker,Giulietta Lashmaker,Novara (NO),Extension ciglia,1493,1,"cercato «site:instagram.com ""ciglia"" Verbania OR Domodossola OR Omegna OR Vercelli OR Borgosesia» su Google → profilo aperto il 29/9: 1.493 follower, 114 post, link in bio wa.me, Milano, Novara, Borgosesia, nessun dominio proprio [verifica-sito] senza motori · domini: nessuno risponde",,,"Ciao Giulietta, sono Patrick di DenkiCode.

Lashmaker dal 2017 tra Milano, Novara e Borgosesia, con gli occhi da gatto in wet look dell'ultimo set: la nuova collaborazione con La Differenza ti porta in centro a Novara.

Ho notato però una cosa: con tre città diverse, manca un sito tuo che dica dove trovarti e quando.

Abbiamo preso ispirazione dal tuo profilo e abbiamo realizzato una bozza del tuo sito.

Preferisci che te la mandi qui su Instagram, o prima ne parliamo due minuti al telefono? In ogni caso zero costi e zero impegno: se ti piace, poi ne parliamo. Se vuoi vedere cosa facciamo: denkicode.com","Giulietta, Milano, Novara, Borgosesia. 1.493 follower, 114 post. Lashmaker dal 2017.
Post: collaborazione con il centro La Differenza di Novara, extension wet look effetto gatto. Highlight Dove trovarmi, Clienti.",2026-09-29-instagram-siti-piemonte-ciglia-sopracciglia,siti,,
@ioana_beauty,Ioana Beauty,Oleggio (NO),"Extension, laminazione e microblading",2689,5,"cercato «site:instagram.com ""extension ciglia"" Novara OR Borgomanero OR Oleggio» su Google → profilo aperto il 29/9: 2.689 follower, 532 post, link in bio Facebook e widget.treatwell.it (pagina Treatwell), via Dante 13, nessun dominio proprio; poi Google «Ioana Beauty Oleggio via Dante» → pagine Treatwell e Fresha, reteimprese, infobel, nessun dominio [verifica-sito] senza motori · domini: nessuno risponde",,,"Ciao Ioana, sono Patrick di DenkiCode.

Henné, extension, nail art e microblading raccolti negli highlight, e la laminazione sopracciglia «definite ma sempre naturali»: in via Dante a Oleggio curi tutto il viso.

Ho notato però una cosa: si prenota da Treatwell e su Google esce anche la scheda Fresha, ma un sito tuo non c'è.

Abbiamo preso ispirazione dal tuo profilo e abbiamo realizzato una bozza del tuo sito.

Preferisci che te la mandi qui su Instagram, o prima ne parliamo due minuti al telefono? In ogni caso zero costi e zero impegno: se ti piace, poi ne parliamo. Se vuoi vedere cosa facciamo: denkicode.com","Ioana Beauty, via Dante 13, Oleggio. 2.689 follower, 532 post. Extension e laminazione ciglia, trattamenti viso e corpo, tatuaggio sopracciglia, unghie.
Highlight Hennè, Extension, Nails art, Microblading, Laminazioni, Promozione. Prenotazioni su Treatwell.",2026-09-29-instagram-siti-piemonte-ciglia-sopracciglia,siti,,
@maria_lash_maker_,Maria Lash Maker,Biella (BI),Extension e laminazione coreana,968,1,"cercato «site:instagram.com ""laminazione"" ciglia Biella OR Vercelli OR Asti» su Google → profilo aperto il 29/9: 968 follower, 138 post, nessun link in bio, nessun dominio proprio; poi Google «maria_lash_maker_ Biella extension ciglia» → nessun risultato [verifica-sito] senza motori · domini: nessuno risponde",,,"Ciao Maria, sono Patrick di DenkiCode.

Laminazione combo coreana, e un post che smonta l'idea delle extension volume pesanti o finte: a Biella rispondi ai dubbi prima che te li scrivano.

Ho notato però una cosa: in bio non c'è un link, e chi cerca una lash maker a Biella non trova un sito tuo.

Abbiamo preso ispirazione dal tuo profilo e abbiamo realizzato una bozza del tuo sito.

Preferisci che te la mandi qui su Instagram, o prima ne parliamo due minuti al telefono? In ogni caso zero costi e zero impegno: se ti piace, poi ne parliamo. Se vuoi vedere cosa facciamo: denkicode.com","Maria, Biella. 968 follower, 138 post. Lash maker certificata: extension, laminazione ciglia e sopracciglia, studentessa MyBeauty Academy.
Post: laminazione combo coreana, extension effetto volume.",2026-09-29-instagram-siti-piemonte-ciglia-sopracciglia,siti,,
@lashextension4passionasti,Lash Extension 4 Passion,Asti (AT),Extension e laminazione ciglia,789,1,"cercato «extension ciglia asti» su ricerca Instagram → profilo aperto il 29/9: 789 follower, 411 post, nessun link in bio, nessun dominio proprio; poi Google «lashextension4passionasti Lara Maria Asti» → nessun risultato suo [verifica-sito] senza motori · domini: nessuno risponde",,,"Ciao Lara, sono Patrick di DenkiCode.

Il post su come si diventa lashmaker, dove scrivi che non bastano pinzetta e colla, e un highlight sulle allergie: ad Asti parli di sicurezza prima che di effetti.

Ho notato però una cosa: si prenota in DM, e chi cerca extension ad Asti non trova un sito tuo.

Abbiamo preso ispirazione dal tuo profilo e abbiamo realizzato una bozza del tuo sito.

Preferisci che te la mandi qui su Instagram, o prima ne parliamo due minuti al telefono? In ogni caso zero costi e zero impegno: se ti piace, poi ne parliamo. Se vuoi vedere cosa facciamo: denkicode.com","Lara Maria, Asti. 789 follower, 411 post. Lashmaker e lamimaker certificata, volume russo, megavolume, one to one.
Post: come si diventa lashmaker, pettinino. Highlight Formazione, Allergie, Recensioni, Clean Lash.",2026-09-29-instagram-siti-piemonte-ciglia-sopracciglia,siti,,
@lashmaker_asti,Lashmaker Asti,Asti (AT),Extension ciglia e PMU,784,1,"cercato «extension ciglia asti» su ricerca Instagram → profilo aperto il 29/9: 784 follower, 99 post, nessun link in bio, contatto in direct, nessun dominio proprio [verifica-sito] senza motori · domini: nessuno risponde · Google 29/9 «lashmaker_asti» → il profilo, poi PagineGialle, ProntoPro, pagine di categoria di un portale di prenotazioni e heygoldie di Anastasiya, altra",,,"Ciao, sono Patrick di DenkiCode.

Extension, laminazioni e trucco permanente sopracciglia, divisi negli highlight per volume e laminazione: ad Asti hai quasi cento lavori da mostrare.

Ho notato però una cosa: per prenotare si scrive in direct, un sito tuo non c'è.

Abbiamo preso ispirazione dal tuo profilo e abbiamo realizzato una bozza del tuo sito.

Preferisci che te la mandi qui su Instagram, o prima ne parliamo due minuti al telefono? In ogni caso zero costi e zero impegno: se ti piace, poi ne parliamo. Se vuoi vedere cosa facciamo: denkicode.com","Lashmaker Asti, italo-ucraina. 784 follower, 99 post. Extension, laminazione ciglia, trucco permanente.
Highlight Laminazione, Volume, Laminazione 2, Volume 2.",2026-09-29-instagram-siti-piemonte-ciglia-sopracciglia,siti,,
@lashed.by.led1,Lashed by Ledina,Asti (AT),Extension ciglia,1338,1,"cercato «extension ciglia asti» su ricerca Instagram → profilo aperto il 29/9: 1.338 follower, 40 post, nessun link in bio, nessun dominio proprio [verifica-sito] senza motori · domini: nessuno risponde · Google 29/9 «""Ledina"" extension ciglia Asti» → solo post Instagram di @lashed.by.led1",,,"Ciao Ledina, sono Patrick di DenkiCode.

«Creando ali per i tuoi occhi» e un set chiamato Mini Manga: ad Asti le tue extension hanno un immaginario tutto loro.

Ho notato però una cosa: con più di 1.300 follower, in bio non c'è un link a un sito tuo.

Abbiamo preso ispirazione dal tuo profilo e abbiamo realizzato una bozza del tuo sito.

Preferisci che te la mandi qui su Instagram, o prima ne parliamo due minuti al telefono? In ogni caso zero costi e zero impegno: se ti piace, poi ne parliamo. Se vuoi vedere cosa facciamo: denkicode.com","Ledina, Asti. 1.338 follower, 40 post. Extension ciglia.
Post: Mini Manga, volume dell'estate. Highlight Effetti, Buono regalo.",2026-09-29-instagram-siti-piemonte-ciglia-sopracciglia,siti,,
@vale_lamiroom,Vale Lami Room,Asti (AT),Laminazione ed extension,962,1,"cercato «site:instagram.com ""extension ciglia"" Asti OR Canelli OR Nizza» su Google → profilo aperto il 29/9: 962 follower, 151 post, link in bio TikTok, nessun dominio proprio [verifica-sito] senza motori · domini: nessuno risponde",,,"Ciao Valentina, sono Patrick di DenkiCode.

La cura del dettaglio in bio e il one to one «effetto allungato» dell'ultimo post: la Lami Room di Asti ha le idee chiare.

Ho notato però una cosa: in bio c'è TikTok, un sito tuo non c'è.

Abbiamo preso ispirazione dal tuo profilo e abbiamo realizzato una bozza del tuo sito.

Preferisci che te la mandi qui su Instagram, o prima ne parliamo due minuti al telefono? In ogni caso zero costi e zero impegno: se ti piace, poi ne parliamo. Se vuoi vedere cosa facciamo: denkicode.com","Valentina Carullo, Lami Room, Asti. 962 follower, 151 post. Lash e brow stylist: laminazione, cera, extension one to one.
Post: one to one effetto allungato, laminazione ciglia.",2026-09-29-instagram-siti-piemonte-ciglia-sopracciglia,siti,,
@sharon_ciglia_asti,Sharon Lashmaker PMU,Asti (AT),Extension ciglia e PMU,1847,1,"cercato «ciglia asti» su ricerca Instagram → profilo aperto il 29/9: 1.847 follower, 2.358 post, link in bio Facebook, nessun dominio proprio; poi Google «Sharon Pupello Lash Beauty Asti» → empresite, cylex, infobel, nessun dominio [verifica-sito] senza motori · domini: nessuno risponde",,,"Ciao Sharon, sono Patrick di DenkiCode.

Più di 2.300 post tra extension, PMU labbra e campionato, e adesso il centro in corso Torino: ad Asti sei cresciuta un set alla volta.

Ho notato però una cosa: il link in bio porta a Facebook, un sito tuo non c'è.

Abbiamo preso ispirazione dal tuo profilo e abbiamo realizzato una bozza del tuo sito.

Preferisci che te la mandi qui su Instagram, o prima ne parliamo due minuti al telefono? In ogni caso zero costi e zero impegno: se ti piace, poi ne parliamo. Se vuoi vedere cosa facciamo: denkicode.com","Sharon, Asti. 1.847 follower, 2.358 post. Lashmaker, lamimaker, trucco semipermanente, epilazione viso.
Nuovo centro in corso Torino 221 sul profilo @sp_sharon_pupello_ (non messo in lista per non scrivere due volte). Highlight Campionato, Corsi, PMU labbra.",2026-09-29-instagram-siti-piemonte-ciglia-sopracciglia,siti,,
@valentina_rifici,Valentina Rifici Lashmaker,Verbania (VB),Extension e laminazione coreana,199,1,"cercato «lash verbania» su ricerca Instagram → profilo aperto il 29/9: 199 follower, 37 post, nessun link in bio, nessun dominio proprio [verifica-sito] senza motori · domini: nessuno risponde · Google 29/9 «""Valentina Rifici""» → il profilo Instagram, un'omonima avvocata a Lecco, LinkedIn: nessun sito",,,"Ciao Valentina, sono Patrick di DenkiCode.

Dieci anni da lashmaker, Korean Lash Lift e perfino sopracciglia valorizzate dopo un trapianto: a Verbania fai lavori che chiedono esperienza.

Ho notato però una cosa: nel profilo non c'è un link, e un sito tuo non c'è.

Abbiamo preso ispirazione dal tuo profilo e abbiamo realizzato una bozza del tuo sito.

Preferisci che te la mandi qui su Instagram, o prima ne parliamo due minuti al telefono? In ogni caso zero costi e zero impegno: se ti piace, poi ne parliamo. Se vuoi vedere cosa facciamo: denkicode.com","Valentina Rifici, Verbania. 199 follower, 37 post. Extension one to one e volume, laminazione coreana, 10 anni di specializzazione.
Post: Korean Lash Lift, sopracciglia dopo un trapianto.",2026-09-29-instagram-siti-piemonte-ciglia-sopracciglia,siti,,
@anna_lash_brows_artist,Anna Fiorile Lash & Brows,Stresa (VB),Laminazione ciglia e sopracciglia,355,1,"cercato «lash stresa» su ricerca Instagram → profilo aperto il 29/9: 355 follower, 15 post, nessun link in bio, nessun dominio proprio; poi Google «Anna Fiorile beauty Stresa» → solo la scheda di un'altra attività [verifica-sito] senza motori · domini: nessuno risponde",,,"Ciao Anna, sono Patrick di DenkiCode.

Laminazione, tinta e styling delle sopracciglia a Stresa, con il «perfect lift» mostrato anche durante il trattamento: il processo lo fai vedere.

Ho notato però una cosa: in bio non c'è un link, e chi cerca una lash artist a Stresa non trova un sito tuo.

Abbiamo preso ispirazione dal tuo profilo e abbiamo realizzato una bozza del tuo sito.

Preferisci che te la mandi qui su Instagram, o prima ne parliamo due minuti al telefono? In ogni caso zero costi e zero impegno: se ti piace, poi ne parliamo. Se vuoi vedere cosa facciamo: denkicode.com","Anna Fiorile, Stresa. 355 follower, 15 post. Lash & brows artist: laminazione, tinta, styling.
Post: perfect lift, durante il trattamento. Secondo profilo @annafiorilebeauty.",2026-09-29-instagram-siti-piemonte-ciglia-sopracciglia,siti,,
@extensionscigliaverbania,Extensions Ciglia Verbania,Verbania (VB),Extension ciglia,874,1,"cercato «extension ciglia verbania» su ricerca Instagram → profilo aperto il 29/9: 874 follower, 10 post, nessun link in bio, info in privato, nessun dominio proprio [verifica-sito] senza motori · domini: nessuno risponde · Google 29/9 «extensionscigliaverbania» → il profilo, poi giadastudio.it, dvskintherapist.it, esteticastudiogiovanna.it: altri centri di Verbania",,,"Ciao, sono Patrick di DenkiCode.

Il 6D in forma scoiattolo e il giveaway con trattamento e kit lash lift: a Verbania dai un motivo in più per seguirti.

Ho notato però una cosa: si passa sempre dai messaggi privati, un sito tuo non c'è.

Abbiamo preso ispirazione dal tuo profilo e abbiamo realizzato una bozza del tuo sito.

Preferisci che te la mandi qui su Instagram, o prima ne parliamo due minuti al telefono? In ogni caso zero costi e zero impegno: se ti piace, poi ne parliamo. Se vuoi vedere cosa facciamo: denkicode.com","Extensions Ciglia Verbania. 874 follower, 10 post. Più di 3 anni di esperienza.
Post: 6D forma scoiattolo, giveaway extension + kit lash lift. Highlight Listino, Promo, Lavori, Regole, Cura, Forme.",2026-09-29-instagram-siti-piemonte-ciglia-sopracciglia,siti,,
@bebebeauty_pmu,Bebe Beauty Rebecca Gambale,Omegna (VB),Microblading e PMU,811,1,"cercato «site:instagram.com ""ciglia"" Verbania OR Domodossola OR Omegna OR Vercelli OR Borgosesia» su Google → profilo aperto il 29/9: 811 follower, 232 post, link in bio Facebook, via Mazzini 31, nessun dominio proprio; poi Google «Bebe Beauty Omegna Rebecca Gambale» → registri e infobel, nessun dominio [verifica-sito] senza motori · domini: nessuno risponde",,,"Ciao Rebecca, sono Patrick di DenkiCode.

Oro al Microblading Europe 2025, giudice e speaker, e una parete di certificati che racconti in un post: Bebe Beauty a Omegna ha un curriculum raro.

Ho notato però una cosa: il link in bio porta alla pagina Facebook, un sito tuo non c'è.

Abbiamo preso ispirazione dal tuo profilo e abbiamo realizzato una bozza del tuo sito.

Preferisci che te la mandi qui su Instagram, o prima ne parliamo due minuti al telefono? In ogni caso zero costi e zero impegno: se ti piace, poi ne parliamo. Se vuoi vedere cosa facciamo: denkicode.com","Rebecca Gambale, Bebe Beauty, via Mazzini 31, Omegna. 811 follower, 232 post. Judge e speaker, Microblading Europe 2025.
Highlight Microblading, Guariti, Labbra, Extension, Fineline tattoo, gare all'estero.",2026-09-29-instagram-siti-piemonte-ciglia-sopracciglia,siti,,
@unique_by_alina,Unique by Alina,Domodossola (VB),Estetica avanzata e PMU,2190,4,"cercato «site:instagram.com ""ciglia"" Verbania OR Domodossola OR Omegna OR Vercelli OR Borgosesia» su Google → profilo aperto il 29/9: 2.190 follower, 527 post, link in bio uniquebyalinadomodossola.appypro.it risponde errore 500, poi Google Maps e Facebook, via Castellazzo 29, nessun dominio proprio; poi Google «Unique by Alina Domodossola» → pagine Treatwell e Fresha, Beauty Passport, paginegialle, nessun dominio [verifica-sito] senza motori · domini: nessuno risponde",,,"Ciao Alina, sono Patrick di DenkiCode.

Hairstroke sulle sopracciglia, laser e il workshop di armocromia con Bebaboutique: a Domodossola il tuo studio fa molto più di un trattamento.

Ho notato però una cosa: il link in bio all'app AppyPro oggi apre una pagina di errore, e su Google escono solo le pagine Treatwell e Fresha.

Abbiamo preso ispirazione dal tuo profilo e abbiamo realizzato una bozza del tuo sito.

Preferisci che te la mandi qui su Instagram, o prima ne parliamo due minuti al telefono? In ogni caso zero costi e zero impegno: se ti piace, poi ne parliamo. Se vuoi vedere cosa facciamo: denkicode.com","Alina, Unique, via Castellazzo 29, Domodossola. 2.190 follower, 527 post. Estetica avanzata viso e corpo, PMU, hairstroke, laminazione.
Link AppyPro in bio: errore 500 al controllo del 29/9. Highlight Ciglia, Laser, Guariti, Hairstroke, Brows.",2026-09-29-instagram-siti-piemonte-ciglia-sopracciglia,siti,,
@jackelin.pmu_lashes,Jackelin PMU Lashes,Vercelli (VC),PMU ed extension ciglia,268,1,"cercato «lash vercelli» su ricerca Instagram → profilo aperto il 29/9: 268 follower, 154 post, nessun link in bio, nessun dominio proprio [verifica-sito] senza motori · domini: nessuno risponde · Google 29/9 «""Jackelin"" PMU Vercelli» → post Instagram e il vecchio @gackelin.kicima, che oggi non esiste più",,,"Ciao Jackelin, sono Patrick di DenkiCode.

La proclamazione con MyBeauty Academy e il percorso da master di extension a dermopigmentista: a Vercelli si vede quanto hai studiato.

Ho notato però una cosa: nel profilo non c'è un link, e un sito tuo non c'è.

Abbiamo preso ispirazione dal tuo profilo e abbiamo realizzato una bozza del tuo sito.

Preferisci che te la mandi qui su Instagram, o prima ne parliamo due minuti al telefono? In ogni caso zero costi e zero impegno: se ti piace, poi ne parliamo. Se vuoi vedere cosa facciamo: denkicode.com","Jackelin, Vercelli, italo-peruviana. 268 follower, 154 post. Extension ciglia master, dermopigmentista, laminazione coreana, henné.
Post: proclamazione MyBeauty Academy, promo PMU labbra. Highlight Percorso PMU, Certificati, Powder Brows.",2026-09-29-instagram-siti-piemonte-ciglia-sopracciglia,siti,,
@rachy.lashes,Rachele Sabarino,Vercelli (VC),"Ciglia, sopracciglia e unghie",420,5,"cercato «lash vercelli» su ricerca Instagram → profilo aperto il 29/9: 420 follower, 31 post, link in bio bio.site/rachelesabarino (pagina Bio Sites), nessun dominio proprio; poi Google «Rachele Sabarino Vercelli» → nessun risultato suo [verifica-sito] senza motori · domini: nessuno risponde",,,"Ciao Rachele, sono Patrick di DenkiCode.

Lash, brow e unghie, il LashexAward 2024 negli highlight e una consulenza gratuita con «glow up assicurato»: a Vercelli ti fai notare.

Ho notato però una cosa: il link in bio porta a una pagina Bio Sites, ma un sito tuo non c'è.

Abbiamo preso ispirazione dal tuo profilo e abbiamo realizzato una bozza del tuo sito.

Preferisci che te la mandi qui su Instagram, o prima ne parliamo due minuti al telefono? In ogni caso zero costi e zero impegno: se ti piace, poi ne parliamo. Se vuoi vedere cosa facciamo: denkicode.com","Rachele Sabarino, Vercelli. 420 follower, 31 post. Lashmaker, brow artist, onicotecnica.
Post: filo arabo, sposa. Highlight Lami avanzata, Sopracciglia, Nails, LashexAward24. Link bio.site.",2026-09-29-instagram-siti-piemonte-ciglia-sopracciglia,siti,,
@eda_estetica_avanzata,Eda Estetica Avanzata,Borgosesia (VC),Microblading ed extension,855,1,"cercato «ciglia borgosesia» su ricerca Instagram → profilo aperto il 29/9: 855 follower, 198 post, link in bio wa.me, nessun dominio proprio; poi Google «Eda estetica avanzata Borgosesia» → solo registri camerali [verifica-sito] senza motori · domini: nessuno risponde",,,"Ciao Eda, sono Patrick di DenkiCode.

Microblading PhiBrows, microneedling, laminazioni, e l'idea che la bellezza sia equilibrio di proporzioni: a Borgosesia lo scrivi in ogni post.

Ho notato però una cosa: si prenota da WhatsApp, un sito tuo non c'è.

Abbiamo preso ispirazione dal tuo profilo e abbiamo realizzato una bozza del tuo sito.

Preferisci che te la mandi qui su Instagram, o prima ne parliamo due minuti al telefono? In ogni caso zero costi e zero impegno: se ti piace, poi ne parliamo. Se vuoi vedere cosa facciamo: denkicode.com","Eda, Borgosesia. 855 follower, 198 post. PMU ed estetica avanzata: microblading PhiBrows, extension e laminazione, microneedling.
Post di presentazione, «la bellezza è equilibrio». Highlight Microblading, Labbra, Laminazione, Extension.",2026-09-29-instagram-siti-piemonte-ciglia-sopracciglia,siti,,
@roberta__lashmaker,Roberta Extension Ciglia,Vercelli (VC),Extension e laminazione,1512,1,"cercato «extension ciglia vercelli» su ricerca Instagram → profilo aperto il 29/9: 1.512 follower, 91 post, nessun link in bio, nessun dominio proprio [verifica-sito] senza motori · domini: nessuno risponde · Google 29/9 «roberta__lashmaker Vercelli» → post Instagram; la scheda di prenotazione che esce è di Roberta Hair Style, altra attività",,,"Ciao Roberta, sono Patrick di DenkiCode.

La prima gara di extension raccontata come un traguardo, e un highlight pieno di coppe: a Vercelli lo sguardo in megavolume è la tua specialità.

Ho notato però una cosa: in bio non c'è un link, e un sito tuo con lavori e corsi non c'è.

Abbiamo preso ispirazione dal tuo profilo e abbiamo realizzato una bozza del tuo sito.

Preferisci che te la mandi qui su Instagram, o prima ne parliamo due minuti al telefono? In ogni caso zero costi e zero impegno: se ti piace, poi ne parliamo. Se vuoi vedere cosa facciamo: denkicode.com","Roberta, Vercelli. 1.512 follower, 91 post. One to one, volume russo, mega volume, laminazione ciglia e sopracciglia.
Post: prima competizione, megavolume, Beauty Business Congress. Highlight coppe, Prodotti, Corsi.",2026-09-29-instagram-siti-piemonte-ciglia-sopracciglia,siti,,
@occhiolino.browandlashes,Occhiolino di Roberta Dorzi,Cossato (BI),"Nanoblading, lash e brow",3132,5,"cercato «lash cossato» su ricerca Instagram → profilo aperto il 29/9: 3.132 follower, 73 post, link in bio dorziroberta989.wixsite.com/occhiolino (sito gratuito Wix), nessun dominio proprio; poi Google «Occhiolino Cossato sopracciglia» → solo la scheda di un'altra attività di Cossato [verifica-sito] senza motori · domini: nessuno risponde",,,"Ciao Roberta, sono Patrick di DenkiCode.

«Per valorizzare le donne, devi prima amare sinceramente le donne»: nanoblading, tooth gems e perfino un highlight per le sopracciglia da uomo, a Cossato.

Ho notato però una cosa: il link in bio porta a una pagina Wix gratuita, e chi ti cerca su Google non trova un sito col nome Occhiolino.

Abbiamo preso ispirazione dal tuo profilo e abbiamo realizzato una bozza del tuo sito.

Preferisci che te la mandi qui su Instagram, o prima ne parliamo due minuti al telefono? In ogni caso zero costi e zero impegno: se ti piace, poi ne parliamo. Se vuoi vedere cosa facciamo: denkicode.com","Occhiolino di Roberta Dorzi, Cossato. 3.132 follower, 73 post. Nanoblading, laminazione, extension, brow design, tooth gemz.
Highlight Tooth Gemz, Recensioni, Nanoblading, Brow uomo, Modeling. Link a sito gratuito wixsite.",2026-09-29-instagram-siti-piemonte-ciglia-sopracciglia,siti,,
@luxury_lashes_by_irina,Luxury Lashes by Irina,Biella (BI),Extension ciglia,966,1,"cercato «extension ciglia biella» su ricerca Instagram → profilo aperto il 29/9: 966 follower, 267 post, nessun link in bio, prenotazioni direct o WhatsApp, nessun dominio proprio [verifica-sito] senza motori · domini: nessuno risponde · Google 29/9 «""Irina"" luxury lashes Biella» → Instagram e scheda toponavi, nessun dominio",,,"Ciao Irina, sono Patrick di DenkiCode.

Durata di 4-6 settimane, velocità, comfort e garanzia scritti in bio: prometti cose precise, e 267 post le mostrano.

Ho notato però una cosa: si prenota in direct o su WhatsApp, e un sito tuo non c'è.

Abbiamo preso ispirazione dal tuo profilo e abbiamo realizzato una bozza del tuo sito.

Preferisci che te la mandi qui su Instagram, o prima ne parliamo due minuti al telefono? In ogni caso zero costi e zero impegno: se ti piace, poi ne parliamo. Se vuoi vedere cosa facciamo: denkicode.com","Irina, Biella. 966 follower, 267 post. Extension ciglia premium, durata 4-6 settimane.
Highlight Lifestyle, Lavori, Studio, Prezzi, Info, Recensioni.",2026-09-29-instagram-siti-piemonte-ciglia-sopracciglia,siti,,
@elena_ciglia_biella,Elena Extension Ciglia,Biella (BI),"Extension, laminazione e henné",540,1,"cercato «extension ciglia biella» su ricerca Instagram → profilo aperto il 29/9: 540 follower, 24 post, nessun link in bio, nessun dominio proprio [verifica-sito] senza motori · domini: nessuno risponde · Google 29/9 «elena_ciglia_biella» → il profilo, poi leciglia.it: è di Linda Massocco, altra lashmaker",,,"Ciao Elena, sono Patrick di DenkiCode.

Scrivi che il bello del tuo lavoro è vedere la sorpresa negli occhi delle clienti dopo il trattamento: ciglia liftate e nere con la tinta, senza mascara.

Ho notato però una cosa: per prenotare si scrive in DM, e un sito tuo non c'è.

Abbiamo preso ispirazione dal tuo profilo e abbiamo realizzato una bozza del tuo sito.

Preferisci che te la mandi qui su Instagram, o prima ne parliamo due minuti al telefono? In ogni caso zero costi e zero impegno: se ti piace, poi ne parliamo. Se vuoi vedere cosa facciamo: denkicode.com","Elena, Biella. 540 follower, 24 post. Extension one to one e volume, laminazione ciglia e sopracciglia, architettura sopracciglia henné.
Post: la sorpresa della cliente dopo il trattamento, lifting e tinta.",2026-09-29-instagram-siti-piemonte-ciglia-sopracciglia,siti,,
@l.a.s.h.italy,L.A.S.H. Italy,Biella (BI),Extension ciglia,1067,1,"cercato «extension ciglia biella» su ricerca Instagram → profilo aperto il 29/9: 1.067 follower, 54 post, nessun link in bio, nessun dominio proprio; poi Google «l.a.s.h.italy Biella extension» → nessun risultato [verifica-sito] senza motori · domini: nessuno risponde",,,"Ciao, sono Patrick di DenkiCode.

Wet effect per uno sguardo sofisticato, curva L negli highlight e una bio in italiano e russo: a Biella parli a più clienti insieme.

Ho notato però una cosa: in bio non c'è un link, e chi cerca extension ciglia a Biella non trova un sito tuo.

Abbiamo preso ispirazione dal tuo profilo e abbiamo realizzato una bozza del tuo sito.

Preferisci che te la mandi qui su Instagram, o prima ne parliamo due minuti al telefono? In ogni caso zero costi e zero impegno: se ti piace, poi ne parliamo. Se vuoi vedere cosa facciamo: denkicode.com","L.A.S.H. Italy, Biella. 1.067 follower, 54 post. Extension ciglia, bio in italiano e russo.
Post: effetto wet, collaborazioni con modelle. Highlight Curva L, 2D-7D, Work.",2026-09-29-instagram-siti-piemonte-ciglia-sopracciglia,siti,,
@thalia_lash_italia,Thalia Lash,Biella (BI),Extension ciglia e sopracciglia,552,1,"cercato «extension ciglia biella» su ricerca Instagram → profilo aperto il 29/9: 552 follower, 93 post, nessun link in bio, telefono in bio, nessun dominio proprio; poi Google «Thalia lash Biella» → i suoi post e il sito leciglia.it, che è di Linda Massocco, altra attività [verifica-sito] senza motori · domini: thalialash.com (parcheggiato, indovinato)",,,"Ciao, sono Patrick di DenkiCode.

One to one russo dal 2D al 16D, brasiliano, fox, e un highlight chiamato «Sopracciglia caffè speciale»: a Biella hai un menu che incuriosisce.

Ho notato però una cosa: in bio c'è il numero per prenotare, ma un sito tuo non c'è.

Abbiamo preso ispirazione dal tuo profilo e abbiamo realizzato una bozza del tuo sito.

Preferisci che te la mandi qui su Instagram, o prima ne parliamo due minuti al telefono? In ogni caso zero costi e zero impegno: se ti piace, poi ne parliamo. Se vuoi vedere cosa facciamo: denkicode.com","Thalia Lash, Biella. 552 follower, 93 post. Lash certificata, one to one russo 2D-16D, brasiliano, fox, durata 4-5 settimane.
Post: henné sopracciglia, ceretta. Highlight Tecnica, Sopracciglia caffè speciale.",2026-09-29-instagram-siti-piemonte-ciglia-sopracciglia,siti,,
@ciglia.biella,Dani Lashmaker,Biella (BI),Extension ciglia,272,1,"cercato «ciglia biella» su ricerca Instagram → profilo aperto il 29/9: 272 follower, 31 post, nessun link in bio, CAP 13900, nessun dominio proprio [verifica-sito] senza motori · domini: nessuno risponde · Google 29/9 «ciglia.biella lashmaker infermiera» → leciglia.it di Linda Massocco e altri profili di Biella, niente di suo",,,"Ciao Dani, sono Patrick di DenkiCode.

Lashmaker e infermiera nella stessa bio, con la formazione Jacademy in evidenza: a Biella fai due mestieri che chiedono mani ferme.

Ho notato però una cosa: nel profilo manca un link, e un sito tuo non c'è.

Abbiamo preso ispirazione dal tuo profilo e abbiamo realizzato una bozza del tuo sito.

Preferisci che te la mandi qui su Instagram, o prima ne parliamo due minuti al telefono? In ogni caso zero costi e zero impegno: se ti piace, poi ne parliamo. Se vuoi vedere cosa facciamo: denkicode.com","Dani, Biella (CAP 13900). 272 follower, 31 post. Lashmaker e infermiera.
Highlight Jacademy.",2026-09-29-instagram-siti-piemonte-ciglia-sopracciglia,siti,,
