Data,Da,Account IG,Nome,Comune,Segmento,Tipo,Lista
2026-09-03,Patrick Sappa,@_.the.ink.paradise._,The Ink Paradise,Saronno (VA),Tattoo/piercing,primo,lista-corrente.csv
2026-09-03,Patrick Sappa,@_sebastianfiori_,Sebastian Fiori,Treviglio (BG),Fiorista/wedding,primo,lista-corrente.csv
2026-09-03,Patrick Sappa,@adelis_beauty_gallarate,AdeliS Beauty,Gallarate (VA),Nail/sopracciglia,primo,lista-corrente.csv
2026-09-03,Patrick Sappa,@arnaldo_bel_fiore_tattooartist,Arnaldo Bel Fiore,Varese centro (VA),Tattoo,primo,lista-corrente.csv
2026-09-03,Patrick Sappa,@arotattoo,Aro Tattoo / Redant,Saronno (VA),Tattoo,primo,lista-corrente.csv
2026-09-03,Patrick Sappa,@artemtattooatelier,Artem Tattoo Studio,Varese (VA),Tattoo,primo,lista-corrente.csv
2026-09-03,Patrick Sappa,@barbershop.tradate.bandidos,Barber Shop Bandidos,Tradate (VA),Barber,recupero,lista del 12/09/2026
2026-09-03,Patrick Sappa,@beauty.and.charme,Beauty & Charme,Castiglione Olona (VA),Estetica,primo,lista-corrente.csv
2026-09-03,Patrick Sappa,@beauty_unique_va,Beauty Unique,Varese (VA),Ciglia/sopracciglia,primo,lista-corrente.csv
2026-09-03,Patrick Sappa,@beautyfarm_appianogentile,Beauty Farm,Appiano Gentile (CO),Estetica,recupero,lista del 12/09/2026
2026-09-03,Patrick Sappa,@beautyzone_olgiatecomasco,BeautyZone,Olgiate Comasco (CO),Estetica/parrucchieri,recupero,lista del 12/09/2026
2026-09-03,Patrick Sappa,@belindatattoo_,Belinda - fineline botanical,Lecco (LC),Tattoo,primo,lista-corrente.csv
2026-09-03,Patrick Sappa,@betty_style_lurate_caccivio,Betty Style,Lurate Caccivio (CO),Parrucchieri,recupero,lista del 12/09/2026
2026-09-03,Patrick Sappa,@biumotattooclub,Biumo Tattoo Club,Varese (VA),Tattoo/piercing,primo,lista-corrente.csv
2026-09-03,Patrick Sappa,@blackblood_studiotattoo,Black Blood Tattoo & Piercing,Olgiate Comasco (CO),Tattoo/piercing,primo,lista-corrente.csv
2026-09-03,Patrick Sappa,@blackstar_parrucchiere,Black Star,Gerenzano (VA),Parrucchieri,recupero,lista del 12/09/2026
2026-09-03,Patrick Sappa,@christiannapolitatt,Christian Napoli - Light Ink,Saronno (VA),Tattoo,primo,lista-corrente.csv
2026-09-03,Patrick Sappa,@cindy.tattoo,Cinzia Farumi - realistico,Galbiate (LC) DA CONFERMARE,Tattoo,primo,lista-corrente.csv
2026-09-03,Patrick Sappa,@cinzia_estetica_osnago,Cinzia Estetica e Parrucchieri,Osnago (LC),Estetica/parrucchieri,recupero,lista del 12/09/2026
2026-09-03,Patrick Sappa,@club_parrucchieri_treviglio_,Club Parrucchieri,Treviglio (BG),Parrucchieri,primo,lista-corrente.csv
2026-09-03,Patrick Sappa,@colorstattoovarese,Colors Tattoo Shop,Varese (VA),Tattoo/piercing,primo,lista-corrente.csv
2026-09-03,Patrick Sappa,@diamond_gallarate,Diamond Beauty Studio,Gallarate (VA),Nail/ciglia,primo,lista-corrente.csv
2026-09-03,Patrick Sappa,@enzo.fiori.varese,Enzo Fiori,Varese (VA),Fiorista,primo,lista-corrente.csv
2026-09-03,Patrick Sappa,@estetica_il_sogno,Estetica Il Sogno,Busto Arsizio (VA),Estetica/nail,primo,lista-corrente.csv
2026-09-03,Patrick Sappa,@fatcat_tattooshop,Fatcat Tattoo,Como (CO),Tattoo,primo,lista-corrente.csv
2026-09-03,Patrick Sappa,@haircentersimona,Hair Center Simona,Treviglio (BG),Parrucchieri,primo,lista-corrente.csv
2026-09-03,Patrick Sappa,@hcparrucchieri_olgiate,HC Parrucchieri,Olgiate Comasco (CO),Parrucchieri,recupero,lista del 12/09/2026
2026-09-03,Patrick Sappa,@hh_salon_gallarate,H&H Salon,Gallarate (VA),Parrucchieri/nail,primo,lista-corrente.csv
2026-09-03,Patrick Sappa,@il_diadema_caravaggio,Estetica Il Diadema,Caravaggio (BG),Estetica/nail,primo,lista-corrente.csv
2026-09-03,Patrick Sappa,@iltuostile.cdj,Il Tuo Stile - Degradé Joelle,Tradate (VA),Parrucchieri,recupero,lista del 12/09/2026
2026-09-03,Patrick Sappa,@ink_factory_tattooshop_,InkFactory TattooShop,Bergamo (BG),Tattoo/piercing,primo,lista-corrente.csv
2026-09-03,Patrick Sappa,@jigen_tattoo,Jigen Tattoo,Como (CO),Tattoo,primo,lista-corrente.csv
2026-09-03,Patrick Sappa,@julia.po.ph,Julia Po - fotografa gravidanza,Busto Arsizio (VA),Fotografo,primo,lista-corrente.csv
2026-09-03,Patrick Sappa,@ladymaryontattoo,Lady Maryon Tattoo,Bergamo (BG),Tattoo,primo,lista-corrente.csv
2026-09-03,Patrick Sappa,@lariogarden,Lario Garden - Federica Monti,Cernobbio (CO),Fiorista/wedding,primo,lista-corrente.csv
2026-09-03,Patrick Sappa,@le.trumilu.tattoo,Le Trumilu Tattoo,Varese (VA),Tattoo,primo,lista-corrente.csv
2026-09-03,Patrick Sappa,@londacislago,L'Onda Acconciature,Cislago (VA),Parrucchieri,recupero,lista del 12/09/2026
2026-09-03,Patrick Sappa,@lorientaletattoocurno,L'Orientale Tattoo World,Curno (BG),Tattoo/PMU,primo,lista-corrente.csv
2026-09-03,Patrick Sappa,@lucaparrucchiere,Luca Parrucchiere,Cassano Magnago (VA),Barber/parrucchieri,primo,lista-corrente.csv
2026-09-03,Patrick Sappa,@manu_di_forbici,Manu di Forbici,Treviglio (BG),Parrucchieri,primo,lista-corrente.csv
2026-09-03,Patrick Sappa,@manymany.tattoo,Many Many Tattoo,Busto Arsizio (VA),Tattoo/piercing,primo,lista-corrente.csv
2026-09-03,Patrick Sappa,@mascalzonetattoo,Mascalzone Tattoo,Lecco (LC),Tattoo,primo,lista-corrente.csv
2026-09-03,Patrick Sappa,@massimoesimone_barbershop,Massimo & Simone Barbershop,Gallarate (VA),Barber,primo,lista-corrente.csv
2026-09-03,Patrick Sappa,@minimaltattoovarese,Minimal Tattoo,Varese (VA),Tattoo,primo,lista-corrente.csv
2026-09-03,Patrick Sappa,@mr_pma_erba,Mr Pma Tattoo & Barber,Erba (CO),Tattoo/barber,primo,lista-corrente.csv
2026-09-03,Patrick Sappa,@mr_pma_lecco,Mr Pma Tattoo,Lecco (LC),Tattoo,primo,lista-corrente.csv
2026-09-03,Patrick Sappa,@newfantasy_parrucchieri,New Fantasy Acconciature,Lurate Caccivio (CO),Parrucchieri,recupero,lista del 12/09/2026
2026-09-03,Patrick Sappa,@next.bustoarsizio,Next Beauty Clinique,Busto Arsizio (VA),Estetica,primo,lista-corrente.csv
2026-09-03,Patrick Sappa,@nice.nails1118,Nice Nails,Treviglio (BG),Nail,primo,lista-corrente.csv
2026-09-03,Patrick Sappa,@ninfeaesteticabarzano,Ninfea Estetica e Benessere,Barzanò (LC),Estetica,recupero,lista del 12/09/2026
2026-09-03,Patrick Sappa,@noemiemotion,Noemi Emotion,Cassano Magnago (VA),Parrucchieri,primo,lista-corrente.csv
2026-09-03,Patrick Sappa,@paolofioribg,Paolo Fiori,Bergamo (BG),Fiorista,primo,lista-corrente.csv
2026-09-03,Patrick Sappa,@pettinatobiagio_parrucchiere,Kreatif Studio,Tradate (VA),Parrucchieri/barber,recupero,lista del 12/09/2026
2026-09-03,Patrick Sappa,@prestige_parrucchieri,Prestige Salon,Treviglio (BG),Parrucchieri,primo,lista-corrente.csv
2026-09-03,Patrick Sappa,@profumodilavanda,Profumo di Lavanda,Appiano Gentile (CO),Fiorista/wedding,primo,lista-corrente.csv
2026-09-03,Patrick Sappa,@sabry_hairsalon,Sabry Hair Salon,Oggiono (LC),Parrucchieri/estetica,recupero,lista del 12/09/2026
2026-09-03,Patrick Sappa,@sanax.ink,Chiara Sana - blackwork,Bergamo (BG),Tattoo,primo,lista-corrente.csv
2026-09-03,Patrick Sappa,@sara_circus_,Sara Circus - fineline,Bergamo (BG),Tattoo,primo,lista-corrente.csv
2026-09-03,Patrick Sappa,@sararusso_beauty,Little Beauty Diamond,Appiano Gentile (CO),PMU/estetica,recupero,lista del 12/09/2026
2026-09-03,Patrick Sappa,@sb.esteticaeunghie,SB Estetica e Unghie,Caronno Pertusella (VA),Estetica/nail,recupero,lista del 12/09/2026
2026-09-03,Patrick Sappa,@scaccomattotattoo,Scacco Matto Tattoo,Bosisio Parini (LC),Tattoo/piercing/PMU,primo,lista-corrente.csv
2026-09-03,Patrick Sappa,@sevenlakestattoo,Seven Lakes Tattoo & Piercing,Varese (VA),Tattoo/piercing,primo,lista-corrente.csv
2026-09-03,Patrick Sappa,@shari_tattooer,Shari Piras - Atelier Selva,Merate (LC),Tattoo,primo,lista-corrente.csv
2026-09-03,Patrick Sappa,@sintatattoo_como,Sinta Tattoo,Como (CO),Tattoo/piercing,primo,lista-corrente.csv
2026-09-03,Patrick Sappa,@skinline.esteticabenessere,Skinline Estetica & Benessere,Treviglio (BG),Estetica,primo,lista-corrente.csv
2026-09-03,Patrick Sappa,@sposiamoci_outlet_varese,Sposiamoci Outlet - abiti sposa,Varese (VA),Atelier sposa,primo,lista-corrente.csv
2026-09-03,Patrick Sappa,@stevelamurart,Steve La Mura - anime & manga,Saronno (VA),Tattoo,primo,lista-corrente.csv
2026-09-03,Patrick Sappa,@stone.treviglio,Stone - private tattoo studio,Treviglio (BG),Tattoo,primo,lista-corrente.csv
2026-09-03,Patrick Sappa,@studio.fotofantasy,Fotofantasy - fotografi di famiglia,Bergamo (BG),Fotografo,primo,lista-corrente.csv
2026-09-03,Patrick Sappa,@tattoo.club.bergamo,Tattoo Club Bergamo,Bergamo (BG),Tattoo,primo,lista-corrente.csv
2026-09-03,Patrick Sappa,@tattooextreme,Tattoo Extreme - Lello Citterio,Cantu (CO),Tattoo/piercing,primo,lista-corrente.csv
2026-09-03,Patrick Sappa,@tattoosuburbia,Tattoo Suburbia - Matteo Zanotti,Stezzano (BG),Tattoo/piercing,primo,lista-corrente.csv
2026-09-03,Patrick Sappa,@teskyo_piercing_shop,Teskyo Piercing Shop,Cantu (CO),Piercing/tattoo,primo,lista-corrente.csv
2026-09-03,Patrick Sappa,@unique___your_style_,Unique Your Style,Treviglio (BG),Parrucchieri,primo,lista-corrente.csv
2026-09-03,Patrick Sappa,@zeinaink_tattoostudio,Zeina Ink Tattoo Studio,Carugo (CO),Tattoo/piercing,primo,lista-corrente.csv
2026-09-08,Patrick Sappa,@napoletanopizzeriatrattoria,Napoletano Pizzeria Trattoria,Cermenate (CO),Pizzeria,primo,
2026-09-09,Patrick Sappa,@alambiccobesozzo,L'Alambicco,Besozzo (VA),Bar/vinoteca,primo,2026-09-09-instagram-ristorazione-va-co-lc-bg.csv
2026-09-09,Patrick Sappa,@albranca2020,Al Branca Ristorante,Luino (VA),Ristorante,primo,2026-09-09-instagram-ristorazione-va-co-lc-bg.csv
2026-09-09,Patrick Sappa,@almottarone,Ristorante Al Mottarone,Laveno Mombello (VA),Ristorante/pizzeria,primo,2026-09-09-instagram-ristorazione-va-co-lc-bg.csv
2026-09-09,Patrick Sappa,@alsestogusto,Al Sesto Gusto,Sesto Calende (VA),Ristorante/pizzeria,primo,2026-09-09-instagram-ristorazione-va-co-lc-bg.csv
2026-09-09,Patrick Sappa,@altrullo1974,Ristorante Pizzeria Al Trullo 1974,Lurate Caccivio (CO),Ristorante/pizzeria,primo,2026-09-09-instagram-ristorazione-va-co-lc-bg.csv
2026-09-09,Patrick Sappa,@alverde_mandello,Al Verde albergo e ristorante,Mandello del Lario (LC),Ristorante/albergo,primo,2026-09-09-instagram-ristorazione-va-co-lc-bg.csv
2026-09-09,Patrick Sappa,@angolo53,Pizzeria Angolo 53,Somma Lombardo (VA),Pizzeria,primo,2026-09-09-instagram-ristorazione-va-co-lc-bg.csv
2026-09-09,Patrick Sappa,@animalitostoelettatura,Animalitos Toelettatura,Bergamo (BG),Toelettatura,primo,2026-09-09-instagram-anello1-pet.csv
2026-09-09,Patrick Sappa,@beautydog.cantu,Toelettatura Beauty Dog,Cantù (CO),Toelettatura,primo,2026-09-09-instagram-anello1-pet.csv
2026-09-09,Patrick Sappa,@cherubinogelato,Gelateria Cherubino,Bergamo (BG),Gelateria,primo,2026-09-09-instagram-ristorazione-va-co-lc-bg.csv
2026-09-09,Patrick Sappa,@chic.gelateria,CHIC gelato senza glutine,Busto Arsizio (VA),Gelateria,primo,2026-09-09-instagram-ristorazione-va-co-lc-bg.csv
2026-09-09,Patrick Sappa,@comedincantotoelettatura,Come d'Incanto Toelettatura,Induno Olona (VA),Toelettatura,primo,2026-09-09-instagram-anello1-pet.csv
2026-09-09,Patrick Sappa,@contropelotoelettatura,Contropelo,Fenegrò (CO),Toelettatura,primo,2026-09-09-instagram-anello1-pet.csv
2026-09-09,Patrick Sappa,@crotto_buzzi,Ristorante Pizzeria Crotto Buzzi,Porto Ceresio (VA),Ristorante/pizzeria,primo,2026-09-09-instagram-ristorazione-va-co-lc-bg.csv
2026-09-09,Patrick Sappa,@cuoreditoelettatura,Cuore di Toelettatura,Busto Arsizio (VA),Toelettatura,primo,2026-09-09-instagram-anello1-pet.csv
2026-09-09,Patrick Sappa,@daaldo_lomazzo,Da Aldo Pizzeria & Ristorante,Lomazzo (CO),Pizzeria,primo,2026-09-09-instagram-ristorazione-va-co-lc-bg.csv
2026-09-09,Patrick Sappa,@dacaterinatoelettatura,Da Caterina Toelettatura,Olgiate Olona (VA),Toelettatura,recupero,2026-09-09-instagram-anello1-pet.csv
2026-09-09,Patrick Sappa,@dogeden.malnate,Dogeden ASD,Malnate (VA),Centro cinofilo,primo,2026-09-09-instagram-anello1-pet.csv
2026-09-09,Patrick Sappa,@doppio.zero_pizzeria,Doppio Zero,Busto Arsizio (VA),Pizzeria,primo,2026-09-09-instagram-ristorazione-va-co-lc-bg.csv
2026-09-09,Patrick Sappa,@douglasracletteriapizzeria,Douglas Racletteria Pizzeria,Bisuschio (VA),Pizzeria,primo,2026-09-09-instagram-ristorazione-va-co-lc-bg.csv
2026-09-09,Patrick Sappa,@edenbar_busto,EdenBar,Busto Arsizio (VA),Bar,primo,2026-09-09-instagram-ristorazione-va-co-lc-bg.csv
2026-09-09,Patrick Sappa,@empetytoelettatura,"Empety, Chiara e Claudio",Olgiate Comasco (CO),Toelettatura,primo,2026-09-09-instagram-anello1-pet.csv
2026-09-09,Patrick Sappa,@excaliburbargelateria,Excalibur bar gelateria,Cesana Brianza (LC),Bar/gelateria,primo,2026-09-09-instagram-ristorazione-va-co-lc-bg.csv
2026-09-09,Patrick Sappa,@flamexperience,Flame Eno Pizzeria e Griglieria,Erba (CO),Pizzeria,primo,2026-09-09-instagram-ristorazione-va-co-lc-bg.csv
2026-09-09,Patrick Sappa,@fly.cafe,Fly Cafe Pizzeria & Steakhouse,Malnate (VA),Pizzeria,primo,2026-09-09-instagram-ristorazione-va-co-lc-bg.csv
2026-09-09,Patrick Sappa,@gelateria.verderosa,Gelateria Verderosa,Bergamo (BG),Gelateria,primo,2026-09-09-instagram-ristorazione-va-co-lc-bg.csv
2026-09-09,Patrick Sappa,@gelateriadelborgobellagio,Gelateria del Borgo,Bellagio (CO),Gelateria,primo,2026-09-09-instagram-ristorazione-va-co-lc-bg.csv
2026-09-09,Patrick Sappa,@gelateriagemma,Gelateria Gemma dal 1970,Bergamo (BG),Gelateria,primo,2026-09-09-instagram-ristorazione-va-co-lc-bg.csv
2026-09-09,Patrick Sappa,@gelaterialavogliamatta_merate,Gelateria La Voglia Matta,Merate (LC),Gelateria/pasticceria,primo,2026-09-09-instagram-ristorazione-va-co-lc-bg.csv
2026-09-09,Patrick Sappa,@gelatoalquadrato,Gelato al Quadrato,Bergamo (BG),Gelateria,recupero,2026-09-09-instagram-ristorazione-va-co-lc-bg.csv
2026-09-09,Patrick Sappa,@grano_86,Grano 86,Brivio (LC),Pizzeria,primo,2026-09-09-instagram-ristorazione-va-co-lc-bg.csv
2026-09-09,Patrick Sappa,@ilcapriccio.erba,Il Capriccio Ristorante & Pizzeria,Erba (CO),Ristorante/pizzeria,primo,2026-09-09-instagram-ristorazione-va-co-lc-bg.csv
2026-09-09,Patrick Sappa,@ilcasottinorestaurantofficial,Il Casottino,Fino Mornasco (CO),Ristorante/pizzeria,primo,2026-09-09-instagram-ristorazione-va-co-lc-bg.csv
2026-09-09,Patrick Sappa,@ilfornodelloste,Il Forno dell'Oste,Seriate (BG),Osteria/pizzeria,primo,2026-09-09-instagram-ristorazione-va-co-lc-bg.csv
2026-09-09,Patrick Sappa,@ilgaleone_valmadrera,Il Galeone,Valmadrera (LC),Ristorante/pizzeria,primo,2026-09-09-instagram-ristorazione-va-co-lc-bg.csv
2026-09-09,Patrick Sappa,@ilgirasolepizzeria1997,Pizzeria il Girasole,Lurago Marinone (CO),Pizzeria,primo,2026-09-09-instagram-ristorazione-va-co-lc-bg.csv
2026-09-09,Patrick Sappa,@ilristorantedipaolo,Il Ristorante di Paolo,Menaggio (CO),Ristorante,primo,2026-09-09-instagram-ristorazione-va-co-lc-bg.csv
2026-09-09,Patrick Sappa,@improntedibellezza.caniegatti,Impronte di Bellezza,Mornago (VA),Toelettatura,primo,2026-09-09-instagram-anello1-pet.csv
2026-09-09,Patrick Sappa,@la_vineria_merate,La Vineria,Merate (LC),Vineria con cucina,primo,2026-09-09-instagram-ristorazione-va-co-lc-bg.csv
2026-09-09,Patrick Sappa,@labautique_toelettatura,La Bautique Toelettatura (Veronica Valsecchi),Calolziocorte (LC),Toelettatura,primo,2026-09-09-instagram-anello1-pet.csv
2026-09-09,Patrick Sappa,@laboratorio_di_toelettatura,Laboratorio di Toelettatura (Vanity & Dog),Como (CO),Toelettatura,primo,2026-09-09-instagram-anello1-pet.csv
2026-09-09,Patrick Sappa,@lagazzellainverigo,La Gazzella Pizzeria & Steakhouse,Inverigo (CO),Pizzeria,primo,2026-09-09-instagram-ristorazione-va-co-lc-bg.csv
2026-09-09,Patrick Sappa,@legamidigustoluino,Legàmi di Gusto,Luino (VA),Pizzeria,primo,2026-09-09-instagram-ristorazione-va-co-lc-bg.csv
2026-09-09,Patrick Sappa,@loltrepizza2.laveno,"L'Oltrepizza 2, la Panuozzeria",Laveno Mombello (VA),Pizzeria,primo,2026-09-09-instagram-ristorazione-va-co-lc-bg.csv
2026-09-09,Patrick Sappa,@luckylook_toelettaturaoriggio,Lucky Look Toelettatura,Origgio (VA),Toelettatura,primo,2026-09-09-instagram-anello1-pet.csv
2026-09-09,Patrick Sappa,@mgcavourcernobbio,MGCavour Ristorante e Bar,Cernobbio (CO),Ristorante/bar,primo,2026-09-09-instagram-ristorazione-va-co-lc-bg.csv
2026-09-09,Patrick Sappa,@mio_pubpizzeria,Mio Pub & Pizzeria,Tradate (VA),Pub/pizzeria,primo,2026-09-09-instagram-ristorazione-va-co-lc-bg.csv
2026-09-09,Patrick Sappa,@originalpizzabustoarsizio,Original Pizza,Busto Arsizio (VA),Pizzeria,primo,2026-09-09-instagram-ristorazione-va-co-lc-bg.csv
2026-09-09,Patrick Sappa,@osarracino_pizzeria,Pizzeria O' Sarracino,Treviglio (BG),Pizzeria,primo,2026-09-09-instagram-ristorazione-va-co-lc-bg.csv
2026-09-09,Patrick Sappa,@osteriadeibulli,Osteria dei Bulli,Casatenovo (LC),Ristorante/pizzeria,primo,2026-09-09-instagram-ristorazione-va-co-lc-bg.csv
2026-09-09,Patrick Sappa,@papillonmalnate,Papillon Malnate,Malnate (VA),Pizzeria,primo,2026-09-09-instagram-ristorazione-va-co-lc-bg.csv
2026-09-09,Patrick Sappa,@passione_in_corte,Passione in Corte,Treviolo (BG),Ristorante/pizzeria,primo,2026-09-09-instagram-ristorazione-va-co-lc-bg.csv
2026-09-09,Patrick Sappa,@pasticceria.ofelee.merate,Pasticceria & Caffetteria L'Ôfelee,Merate (LC),Pasticceria,primo,2026-09-09-instagram-ristorazione-va-co-lc-bg.csv
2026-09-09,Patrick Sappa,@pasticceria_gelateria_cris,Pasticceria Gelateria Cris,Calolziocorte (LC),Pasticceria/gelateria,primo,2026-09-09-instagram-ristorazione-va-co-lc-bg.csv
2026-09-09,Patrick Sappa,@pizzeria.devita,Pizzeria De Vita,Angera (VA),Pizzeria,primo,2026-09-09-instagram-ristorazione-va-co-lc-bg.csv
2026-09-09,Patrick Sappa,@pizzeria.sapori.italiani,Pizzeria Sapori Italiani,Cassano Magnago (VA),Pizzeria,primo,2026-09-09-instagram-ristorazione-va-co-lc-bg.csv
2026-09-09,Patrick Sappa,@pizzeria_assaje_bergamo,Pizzeria Assaje,Bergamo (BG),Pizzeria,primo,2026-09-09-instagram-ristorazione-va-co-lc-bg.csv
2026-09-09,Patrick Sappa,@pizzeria_l_oasi,Pizzeria L'Oasi,Calolziocorte (LC),Pizzeria,primo,2026-09-09-instagram-ristorazione-va-co-lc-bg.csv
2026-09-09,Patrick Sappa,@pizzeria_lascommessa,La Scommessa,Arcisate (VA),Pizzeria,primo,2026-09-09-instagram-ristorazione-va-co-lc-bg.csv
2026-09-09,Patrick Sappa,@pizzeria_lobidu,Pizzeria Lobidù,Tradate (VA),Pizzeria,primo,2026-09-09-instagram-ristorazione-va-co-lc-bg.csv
2026-09-09,Patrick Sappa,@pizzeria_monte_solbiate_arno,Pizzeria Monte,Solbiate Arno (VA),Pizzeria,primo,2026-09-09-instagram-ristorazione-va-co-lc-bg.csv
2026-09-09,Patrick Sappa,@pizzeria_romeo_faloppio,Pizzeria Romeo,Faloppio (CO),Pizzeria,primo,2026-09-09-instagram-ristorazione-va-co-lc-bg.csv
2026-09-09,Patrick Sappa,@pizzeriacortegrande,Pizzeria Corte Grande,Lipomo (CO),Pizzeria,primo,2026-09-09-instagram-ristorazione-va-co-lc-bg.csv
2026-09-09,Patrick Sappa,@pizzeriadacicciocardano,Pizzeria da Ciccio,Cardano al Campo (VA),Pizzeria,primo,2026-09-09-instagram-ristorazione-va-co-lc-bg.csv
2026-09-09,Patrick Sappa,@pizzeriadalinoseriate,Pizzeria Da Lino,Seriate (BG),Pizzeria,primo,2026-09-09-instagram-ristorazione-va-co-lc-bg.csv
2026-09-09,Patrick Sappa,@pizzeriaquick_,Pizzeria Quick,Dalmine (BG),Pizzeria,primo,2026-09-09-instagram-ristorazione-va-co-lc-bg.csv
2026-09-09,Patrick Sappa,@pizzeriasmilecosta,Pizzeria Smile,Costa Masnaga (LC),Pizzeria,primo,2026-09-09-instagram-ristorazione-va-co-lc-bg.csv
2026-09-09,Patrick Sappa,@pizzeriatrevi_treviglio,Pizzeria Trevi,Treviglio (BG),Pizzeria,primo,2026-09-09-instagram-ristorazione-va-co-lc-bg.csv
2026-09-09,Patrick Sappa,@ristorante_piazzaabba,Piazza Abba La Reclame,Sesto Calende (VA),Ristorante/pizzeria,primo,2026-09-09-instagram-ristorazione-va-co-lc-bg.csv
2026-09-09,Patrick Sappa,@ristoranteatlantide,Ristorante Atlantide,Malnate (VA),Ristorante,primo,2026-09-09-instagram-ristorazione-va-co-lc-bg.csv
2026-09-09,Patrick Sappa,@ristoranteparsifal,Ristorante Pizzeria Parsifal,Treviolo (BG),Ristorante/pizzeria,primo,2026-09-09-instagram-ristorazione-va-co-lc-bg.csv
2026-09-09,Patrick Sappa,@ristorantesangiuseppe,Ristorante S. Giuseppe,Cernobbio (CO),Ristorante/albergo,primo,2026-09-09-instagram-ristorazione-va-co-lc-bg.csv
2026-09-09,Patrick Sappa,@ristorantetivoli,Ristorante Pizzeria Tivoli,Sesto Calende (VA),Ristorante/pizzeria,primo,2026-09-09-instagram-ristorazione-va-co-lc-bg.csv
2026-09-09,Patrick Sappa,@salonedellecoccole_varese,Salone delle Coccole,Varese (VA),Toelettatura,primo,2026-09-09-instagram-anello1-pet.csv
2026-09-09,Patrick Sappa,@scoobydoo_toelettatura_,Scoobydoo Toelettatura,Gallarate (VA),Toelettatura,primo,2026-09-09-instagram-anello1-pet.csv
2026-09-09,Patrick Sappa,@semaforo13_,Semaforo 13,Valmadrera (LC),Pizzeria/rosticceria,primo,2026-09-09-instagram-ristorazione-va-co-lc-bg.csv
2026-09-09,Patrick Sappa,@serendipitycocktails,Serendipity Cocktails & Food,Brivio (LC),Lounge bar/pizzeria,primo,2026-09-09-instagram-ristorazione-va-co-lc-bg.csv
2026-09-09,Patrick Sappa,@thedogsclub_asilopercani,The Dogs' Club,Como (CO),Asilo per cani,primo,2026-09-09-instagram-anello1-pet.csv
2026-09-09,Patrick Sappa,@therealpizzadream,Pizza Dream,Valmadrera (LC),Pizzeria,primo,2026-09-09-instagram-ristorazione-va-co-lc-bg.csv
2026-09-09,Patrick Sappa,@toelettatura.perunpelo,Per un Pelo Toelettatura di Longoni Ambra,Nembro (BG),Toelettatura,primo,2026-09-09-instagram-anello1-pet.csv
2026-09-09,Patrick Sappa,@toelettatura_gabriella,Toelettatura Gabriella,Vergiate (VA),Toelettatura,primo,2026-09-09-instagram-anello1-pet.csv
2026-09-09,Patrick Sappa,@toelettatura_la_zampa,Toelettatura La Zampa,"Cantù, fraz. Mirabello (CO)",Toelettatura,primo,2026-09-09-instagram-anello1-pet.csv
2026-09-09,Patrick Sappa,@toelettatura_lovethedog,"Love the dog, Emanuela Massara","Tradate, fraz. Abbiate Guazzone (VA)",Toelettatura,primo,2026-09-09-instagram-anello1-pet.csv
2026-09-09,Patrick Sappa,@toelettatura_snoopy_gavirate,Toelettatura Snoopy,Gavirate (VA),Toelettatura,primo,2026-09-09-instagram-anello1-pet.csv
2026-09-09,Patrick Sappa,@toelettaturagiulietta,Toelettatura Giulietta,Varese (VA),Toelettatura,primo,2026-09-09-instagram-anello1-pet.csv
2026-09-09,Patrick Sappa,@unparadisoperiltuoamico,Un paradiso per il tuo amico (Emma),Bizzarone (CO),Pet sitting/pensione,primo,2026-09-09-instagram-anello1-pet.csv
2026-09-10,Patrick Sappa,@101caniegatti,101 Cani e Gatti,Merate (LC),Pet shop con toelettatura,primo,2026-09-10-instagram-animali-va-co-lc-bg-ti.csv
2026-09-10,Patrick Sappa,@_cristabel.nails_,Cristabel Nails,Como (CO),Onicotecnica,primo,2026-09-10-instagram-siti-va-co-lc-bg.csv
2026-09-10,Patrick Sappa,@alchimiahairexperience,L'Alchimia Hair Experience,Somma Lombardo (VA),Parrucchieri,primo,2026-09-10-instagram-siti-va-co-lc-bg.csv
2026-09-10,Patrick Sappa,@alessandra_nails_oggiono,"Alessandra Noto, onicotecnica",Oggiono (LC),Onicotecnica,primo,2026-09-10-instagram-siti-va-co-lc-bg.csv
2026-09-10,Patrick Sappa,@alyynails,Alyy Nails Studio,Lecco (LC),Onicotecnica,primo,2026-09-10-instagram-siti-va-co-lc-bg.csv
2026-09-10,Patrick Sappa,@andrea_lashmaker_bustoa,"EsteticAndrea, lashmaker",Busto Arsizio (VA),Lashmaker/estetica,primo,2026-09-10-instagram-siti-va-co-lc-bg.csv
2026-09-10,Patrick Sappa,@angel_estetica_cantu,Angel Estetica & Benessere,Cantù (CO),Estetica,primo,2026-09-10-instagram-siti-va-co-lc-bg.csv
2026-09-10,Patrick Sappa,@antheasaronno,Centro Estetico Anthea,Saronno (VA),Estetica,primo,2026-09-10-instagram-siti-va-co-lc-bg.csv
2026-09-10,Patrick Sappa,@autentiko_gusto_napoletano,Autentiko,Appiano Gentile (CO),Pizzeria/ristorante,primo,2026-09-10-instagram-denkishift-va-co-lc-bg.csv
2026-09-10,Patrick Sappa,@barber_garage_busto_arsizio,Barber Garage,Busto Arsizio (VA),Barber,primo,2026-09-10-instagram-siti-va-co-lc-bg.csv
2026-09-10,Patrick Sappa,@barber_shop_gold_2,Barber Shop Gold 2,Busto Arsizio (VA),Barber,primo,2026-09-10-instagram-siti-va-co-lc-bg.csv
2026-09-10,Patrick Sappa,@baucettitoelettatura,Baucetti Toelettatura,Treviglio (BG),Toelettatura,primo,2026-09-10-instagram-animali-va-co-lc-bg-ti.csv
2026-09-10,Patrick Sappa,@bbpowerhorse_equitazione,Centro Ippico BB Power Horse,Bodio Lomnago (VA),Centro ippico,primo,2026-09-10-instagram-animali-va-co-lc-bg-ti.csv
2026-09-10,Patrick Sappa,@bella.hairstudio5,Bella Hair Studio,Saronno (VA),Parrucchieri,primo,2026-09-10-instagram-siti-va-co-lc-bg.csv
2026-09-10,Patrick Sappa,@belvederebellagio,Belvedere Bellagio,Bellagio (CO),Albergo,primo,2026-09-10-instagram-denkishift-va-co-lc-bg.csv
2026-09-10,Patrick Sappa,@bioesteticabusto,Bio Estetica di Alessia,Busto Arsizio (VA),Estetica avanzata,primo,2026-09-10-instagram-siti-va-co-lc-bg.csv
2026-09-10,Patrick Sappa,@blueladies_saronno,Blue Ladies Parrucchieri,Saronno (VA),Parrucchieri,primo,2026-09-10-instagram-siti-va-co-lc-bg.csv
2026-09-10,Patrick Sappa,@calmaegessobustoarsizio,Calma e Gesso,Busto Arsizio (VA),Bar e ristorante,primo,2026-09-10-instagram-denkishift-va-co-lc-bg.csv
2026-09-10,Patrick Sappa,@caminhotelluino,Camin Hotel Luino,Luino (VA),Albergo con ristorante,primo,2026-09-10-instagram-denkishift-va-co-lc-bg.csv
2026-09-10,Patrick Sappa,@capriccio84patisserie,Capriccio Pasticceria,Presezzo (BG),Pasticceria/caffetteria,primo,2026-09-10-instagram-denkishift-va-co-lc-bg.csv
2026-09-10,Patrick Sappa,@centro_estetica_glamour,Centro Estetica Glamour,Osio Sotto (BG),Estetica/solarium,primo,2026-09-10-instagram-siti-va-co-lc-bg.csv
2026-09-10,Patrick Sappa,@centroippicolepuledre,Centro Ippico Le Puledre,Cislago (VA),Centro ippico,primo,2026-09-10-instagram-animali-va-co-lc-bg-ti.csv
2026-09-10,Patrick Sappa,@cgdecor_imbianchino_varese,CG Decor di Antonio Cigliola,Oggiona con Santo Stefano (VA),Imbianchino/cartongessista,primo,2026-09-10-instagram-siti-va-co-lc-bg.csv
2026-09-10,Patrick Sappa,@class_luxurybeauty_pmu,CLASS luxury beauty & permanent make-up,Luino (VA),Estetica avanzata/PMU,primo,2026-09-10-instagram-siti-va-co-lc-bg.csv
2026-09-10,Patrick Sappa,@debby.nails.design,"Debora, onicotecnica",Busto Arsizio (VA),Onicotecnica,primo,2026-09-10-instagram-siti-va-co-lc-bg.csv
2026-09-10,Patrick Sappa,@debs.beauty.lab,Deb's Beauty Lab,Como (CO),Nails/lashes,primo,2026-09-10-instagram-siti-va-co-lc-bg.csv
2026-09-10,Patrick Sappa,@deipregi,DeiPregi Hair&Beauty,Saronno (VA),Parrucchieri/estetica,primo,2026-09-10-instagram-siti-va-co-lc-bg.csv
2026-09-10,Patrick Sappa,@diamond.nails.cantu,Diamond Nails,Cantù (CO),Onicotecnica,primo,2026-09-10-instagram-siti-va-co-lc-bg.csv
2026-09-10,Patrick Sappa,@diamond_estetica_luino,Diamond Estetica Avanzata,Luino (VA),Estetica avanzata,primo,2026-09-10-instagram-siti-va-co-lc-bg.csv
2026-09-10,Patrick Sappa,@doggywash.erba1,Toelettatura Doggy Wash,Erba (CO),Toelettatura,primo,2026-09-10-instagram-animali-va-co-lc-bg-ti.csv
2026-09-10,Patrick Sappa,@dolci_di_bea,Dolci di Bea,Bergamo (BG),Pasticceria e bar,primo,2026-09-10-instagram-denkishift-va-co-lc-bg.csv
2026-09-10,Patrick Sappa,@ela__nails__gallarate,Ela Nails,Gallarate (VA),Onicotecnica,primo,2026-09-10-instagram-siti-va-co-lc-bg.csv
2026-09-10,Patrick Sappa,@elleffehairstudio,Elleffe hair studio,Castiglione Olona (VA),Parrucchieri/barber,primo,2026-09-10-instagram-siti-va-co-lc-bg.csv
2026-09-10,Patrick Sappa,@ellepetsitter,Elle Pet Sitter,Lugano (TI),Pet sitter,primo,2026-09-10-instagram-animali-va-co-lc-bg-ti.csv
2026-09-10,Patrick Sappa,@essenziabeautystudio,Essenzia Beauty Studio,Bergamo (BG),Estetica/massaggi,primo,2026-09-10-instagram-siti-va-co-lc-bg.csv
2026-09-10,Patrick Sappa,@esteticaeasytradate,Easy Estetica & Benessere,Tradate (VA),Estetica,primo,2026-09-10-instagram-siti-va-co-lc-bg.csv
2026-09-10,Patrick Sappa,@esteticain_cantu,Estetica In,Cantù (CO),Estetica,primo,2026-09-10-instagram-siti-va-co-lc-bg.csv
2026-09-10,Patrick Sappa,@esteticaladolcevitabusto,La Dolce Vita di Sara & Rossana,Busto Arsizio (VA),Estetica,primo,2026-09-10-instagram-siti-va-co-lc-bg.csv
2026-09-10,Patrick Sappa,@esteticamarina.tradate,Estetica Marina,Tradate (VA),Estetica,primo,2026-09-10-instagram-siti-va-co-lc-bg.csv
2026-09-10,Patrick Sappa,@esteticaverdesalvia,Verde Salvia Estetica,Bergamo (BG),Estetica/solarium,primo,2026-09-10-instagram-siti-va-co-lc-bg.csv
2026-09-10,Patrick Sappa,@franpetslecco2026,Franpets Toelettatura,Lecco (LC),Toelettatura,primo,2026-09-10-instagram-animali-va-co-lc-bg-ti.csv
2026-09-10,Patrick Sappa,@glam_gavirate,GLAM hair-styling & estetica,Gavirate (VA),Parrucchieri/estetica,primo,2026-09-10-instagram-siti-va-co-lc-bg.csv
2026-09-10,Patrick Sappa,@gymnasiumlecco,Gymnasium Different Fit,Lecco (LC),Palestra,primo,2026-09-10-instagram-denkishift-va-co-lc-bg.csv
2026-09-10,Patrick Sappa,@hair_fullness_treviglio,Hair Fullness,Treviglio (BG),Parrucchieri,primo,2026-09-10-instagram-siti-va-co-lc-bg.csv
2026-09-10,Patrick Sappa,@hotelasnigocernobbio,Hotel Asnigo,Cernobbio (CO),Albergo con ristorante,primo,2026-09-10-instagram-denkishift-va-co-lc-bg.csv
2026-09-10,Patrick Sappa,@hotelcentralebellagio,Hotel Centrale Bellagio,Bellagio (CO),Albergo,primo,2026-09-10-instagram-denkishift-va-co-lc-bg.csv
2026-09-10,Patrick Sappa,@hoteldecharmelaveno,Hotel De Charme Laveno,Laveno Mombello (VA),Albergo,primo,2026-09-10-instagram-denkishift-va-co-lc-bg.csv
2026-09-10,Patrick Sappa,@hoteldulacbellagio,Hotel Du Lac & Spa,Bellagio (CO),Albergo con ristoranti,recupero,2026-09-10-instagram-denkishift-va-co-lc-bg.csv
2026-09-10,Patrick Sappa,@i_burtini_acconciature_unisex,I Burtini acconciature unisex,Cantello (VA),Parrucchieri/barber,primo,2026-09-10-instagram-siti-va-co-lc-bg.csv
2026-09-10,Patrick Sappa,@il_gattopardo_dalmine,Il Gattopardo,Dalmine (BG),Ristorante/pizzeria,primo,2026-09-10-instagram-denkishift-va-co-lc-bg.csv
2026-09-10,Patrick Sappa,@ilclubbinoalzano,Il Clubbino,Alzano Lombardo (BG),"Bar, ristorante, pizzeria, hamburgeria",primo,2026-09-10-instagram-denkishift-va-co-lc-bg.csv
2026-09-10,Patrick Sappa,@in19_nails_gallarate,In19 Nails,Gallarate (VA),Nails,primo,2026-09-10-instagram-siti-va-co-lc-bg.csv
2026-09-10,Patrick Sappa,@irmapezzottabergamo,Irma Pezzotta toelettatura e scuola,Bergamo (BG),Toelettatura,primo,2026-09-10-instagram-animali-va-co-lc-bg-ti.csv
2026-09-10,Patrick Sappa,@la_casa_del_lupo,La Casa del Lupo,Valgreghentino (LC),Pensione e asilo per cani,primo,2026-09-10-instagram-animali-va-co-lc-bg-ti.csv
2026-09-10,Patrick Sappa,@luana.nailslab,Luana NailsLab,Cantù (CO),Onicotecnica,primo,2026-09-10-instagram-siti-va-co-lc-bg.csv
2026-09-10,Patrick Sappa,@maistapizzeria,Maistà pizza & cucina,Bergamo (BG),"Pizzeria, due sedi",primo,2026-09-10-instagram-denkishift-va-co-lc-bg.csv
2026-09-10,Patrick Sappa,@mep.parrucchiere,MeP parrucchiere,Cassano Magnago (VA),Parrucchieri,primo,2026-09-10-instagram-siti-va-co-lc-bg.csv
2026-09-10,Patrick Sappa,@missdarling_beauty_c_saronno,MissDarling Beauty Center,Saronno (VA),Estetica avanzata,primo,2026-09-10-instagram-siti-va-co-lc-bg.csv
2026-09-10,Patrick Sappa,@nails.varese_avignio,Manicure & Pedicure Varese (Avignio),Varese (VA),Onicotecnica,primo,2026-09-10-instagram-siti-va-co-lc-bg.csv
2026-09-10,Patrick Sappa,@nails_style.varese,Nails Style,Varese (VA),Nails/estetica,primo,2026-09-10-instagram-siti-va-co-lc-bg.csv
2026-09-10,Patrick Sappa,@nailsbyirsi_gallarate,Nails by Irsi,Gallarate (VA),Onicotecnica,primo,2026-09-10-instagram-siti-va-co-lc-bg.csv
2026-09-10,Patrick Sappa,@nailslikehermes,"Rebecca, onicotecnica",Merate (LC),Onicotecnica,primo,2026-09-10-instagram-siti-va-co-lc-bg.csv
2026-09-10,Patrick Sappa,@nailstradate,Nails Tradate Paola,Tradate (VA),Onicotecnica,primo,2026-09-10-instagram-siti-va-co-lc-bg.csv
2026-09-10,Patrick Sappa,@newwayfitnessvarese,New Way Fitness,Varese (VA),Palestra,primo,2026-09-10-instagram-denkishift-va-co-lc-bg.csv
2026-09-10,Patrick Sappa,@nicholegramegna_nails,"Nichole, onicotecnica",Como (CO),Onicotecnica,primo,2026-09-10-instagram-siti-va-co-lc-bg.csv
2026-09-10,Patrick Sappa,@novart.hairstudio,NØVART hair studio,Saronno (VA),Parrucchieri,primo,2026-09-10-instagram-siti-va-co-lc-bg.csv
2026-09-10,Patrick Sappa,@ondacernobbio,Onda Cernobbio,Cernobbio (CO),Ristorante/pizzeria/bar,primo,2026-09-10-instagram-denkishift-va-co-lc-bg.csv
2026-09-10,Patrick Sappa,@ororossoristorante,Oro Rosso,Tradate (VA),Ristorante,primo,2026-09-10-instagram-denkishift-va-co-lc-bg.csv
2026-09-10,Patrick Sappa,@osterialombardamerate,Osteria Lombarda,Merate (LC),Ristorante/enoteca,primo,2026-09-10-instagram-denkishift-va-co-lc-bg.csv
2026-09-10,Patrick Sappa,@p.nails_lecco,P.Unghie,Lecco (LC),Onicotecnica,primo,2026-09-10-instagram-siti-va-co-lc-bg.csv
2026-09-10,Patrick Sappa,@papillonristorante,Papillon,Sesto Calende (VA),Ristorante,primo,2026-09-10-instagram-denkishift-va-co-lc-bg.csv
2026-09-10,Patrick Sappa,@passionnails_tradate,Passion Nails,Tradate (VA),Nails,primo,2026-09-10-instagram-siti-va-co-lc-bg.csv
2026-09-10,Patrick Sappa,@peaceanddogs.lugano,Peace & dogs di Luana Spada,Lugano (TI),Dog sitter e pensione casalinga,primo,2026-09-10-instagram-animali-va-co-lc-bg-ti.csv
2026-09-10,Patrick Sappa,@plinioarosio,Ristorante Plinio 1988,Arosio (CO),Ristorante,primo,2026-09-10-instagram-denkishift-va-co-lc-bg.csv
2026-09-10,Patrick Sappa,@potadogtoelettatura,Pota Dog Toelettatura,Chiuduno (BG),Toelettatura,primo,2026-09-10-instagram-animali-va-co-lc-bg-ti.csv
2026-09-10,Patrick Sappa,@prettydogs_varese,Toelettatura Pretty Dogs,Varese (VA),Toelettatura,primo,2026-09-10-instagram-animali-va-co-lc-bg-ti.csv
2026-09-10,Patrick Sappa,@ristorante.tabularosa,Tabula Rosa,Lecco e Calolziocorte (LC),"Ristorante, due sedi",primo,2026-09-10-instagram-denkishift-va-co-lc-bg.csv
2026-09-10,Patrick Sappa,@ristorantedapietro,Da Pietro 1955,Como (CO),Ristorante,primo,2026-09-10-instagram-denkishift-va-co-lc-bg.csv
2026-09-10,Patrick Sappa,@ristorantedelporto_menaggio,Ristorante del Porto,Menaggio (CO),Ristorante,primo,2026-09-10-instagram-denkishift-va-co-lc-bg.csv
2026-09-10,Patrick Sappa,@ristorantepizzeriasanvigilio,Ristorante Pizzeria San Vigilio,Bergamo (BG),Ristorante/pizzeria,primo,2026-09-10-instagram-denkishift-va-co-lc-bg.csv
2026-09-10,Patrick Sappa,@ristorantetarantola,Ristorante Tarantola,Appiano Gentile (CO),Ristorante,primo,2026-09-10-instagram-denkishift-va-co-lc-bg.csv
2026-09-10,Patrick Sappa,@samsara_hair_saronno,Samsara Hair and Soul,Saronno (VA),Parrucchieri,primo,2026-09-10-instagram-siti-va-co-lc-bg.csv
2026-09-10,Patrick Sappa,@scodinzolandia_cantu,Scodinzolandia,Cantù (CO),Toelettatura,primo,2026-09-10-instagram-animali-va-co-lc-bg-ti.csv
2026-09-10,Patrick Sappa,@solesteticaluino,Solestetica,Luino (VA),Estetica/solarium,primo,2026-09-10-instagram-siti-va-co-lc-bg.csv
2026-09-10,Patrick Sappa,@tigarba_,Tigarba,Busto Arsizio (VA),Ristorante,primo,2026-09-10-instagram-denkishift-va-co-lc-bg.csv
2026-09-10,Patrick Sappa,@toelettatura_belli_e_pelosi,Toelettatura Belli e Pelosi,Malnate (VA),Toelettatura,primo,2026-09-10-instagram-animali-va-co-lc-bg-ti.csv
2026-09-10,Patrick Sappa,@valentinacauli.nails,"Valentina Cauli, unghie e laminazione",Garbagnate Monastero (LC),Onicotecnica,primo,2026-09-10-instagram-siti-va-co-lc-bg.csv
2026-09-10,Patrick Sappa,@vanity_seriate,Estetica Vanity,Seriate (BG),Estetica,primo,2026-09-10-instagram-siti-va-co-lc-bg.csv
2026-09-10,Patrick Sappa,@vecchiopozzo_stezzano,Vecchio Pozzo,Stezzano (BG),"Pub, ristorante e pizzeria",primo,2026-09-10-instagram-denkishift-va-co-lc-bg.csv
2026-09-10,Patrick Sappa,@veronica_nails_como,Veronica Nails,Como (CO),Onicotecnica,primo,2026-09-10-instagram-siti-va-co-lc-bg.csv
2026-09-10,Patrick Sappa,@villacocca_gavirate,Villa Cocca,Gavirate (VA),Ristorante/pizzeria/eventi,primo,2026-09-10-instagram-denkishift-va-co-lc-bg.csv
2026-09-10,Patrick Sappa,@wild_dog_trainer,Wild Dog Trainer,Ticino (TI),Istruttore cinofilo,primo,2026-09-10-instagram-animali-va-co-lc-bg-ti.csv
2026-09-10,Patrick Sappa,@wowpetcouture,WOW Pet Couture,Paladina (BG),Toelettatura e boutique,primo,2026-09-10-instagram-animali-va-co-lc-bg-ti.csv
2026-09-10,Patrick Sappa,@xoval.nails,"Valentina Unghie, onicotecnica",Erba (CO),Onicotecnica,primo,2026-09-10-instagram-siti-va-co-lc-bg.csv
2026-09-11,Patrick Sappa,@mikuma.dogs,"Martina Carneli, istruttrice cinofila",Como (CO),Istruttore cinofilo,primo,2026-09-10-instagram-animali-va-co-lc-bg-ti.csv
2026-09-12,Patrick Sappa,@_onda_group_,Onda Group Serramenti,Varese (VA),Serramenti e infissi,primo,2026-09-11-instagram-ricerca-mb-va-co.csv
2026-09-12,Patrick Sappa,@abcgaragebg,ABC Garage,Treviolo (BG),Carrozzeria,primo,2026-09-12-instagram-ricerca-lombardia.csv
2026-09-12,Patrick Sappa,@afrodite.estetica.agrate,Afrodite Estetica,Agrate Brianza (MB),Estetica,primo,2026-09-11-instagram-siti-brianza.csv
2026-09-12,Patrick Sappa,@agriturismoteresadellefragole,Teresa delle Fragole,Brianza (MB),Azienda agricola e agriturismo,primo,2026-09-11-instagram-denkishift-mb-va-co-lc.csv
2026-09-12,Patrick Sappa,@alka_impiantiallarme,Alka Impianti,Bergamo (BG),Impianti elettrici,primo,2026-09-12-instagram-ricerca-lombardia.csv
2026-09-12,Patrick Sappa,@amare_edilizia_como,Amare Edilizia,Como (CO),Edilizia e materiali,primo,2026-09-12-instagram-ricerca-lombardia.csv
2026-09-12,Patrick Sappa,@areadima_ristorante,Area Dima,Vimercate (MB),Ristorante con caffè,primo,2026-09-11-instagram-denkishift-mb-va-co-lc.csv
2026-09-12,Patrick Sappa,@art_hotel_varese,Art Hotel Varese,Varese (VA),Albergo,primo,2026-09-11-instagram-denkishift-mb-va-co-lc.csv
2026-09-12,Patrick Sappa,@artech_edilizia_completa,Artech Edilizia,Como (CO),Edilizia e materiali,primo,2026-09-12-instagram-ricerca-lombardia.csv
2026-09-12,Patrick Sappa,@autofficina_previtali_bergamo,Autofficina Previtali,Bergamo (BG),Autofficina,primo,2026-09-12-instagram-ricerca-lombardia.csv
2026-09-12,Patrick Sappa,@autofficinacantu,Autofficina Cantù,Cantù (CO),Autofficina,primo,2026-09-11-instagram-ricerca-mb-va-co.csv
2026-09-12,Patrick Sappa,@autofficinamantovansnc,Autofficina Mantovan,Mantova (MN),Autofficina,primo,2026-09-12-instagram-ricerca-lombardia.csv
2026-09-12,Patrick Sappa,@barbershop.tradate.bandidos,Barber Shop Bandidos,Tradate (VA),Barber,recupero,lista del 08/10/2026
2026-09-12,Patrick Sappa,@barbershop_adamseregno,Adam Barbershop,Seregno (MB),Barber,primo,2026-09-11-instagram-siti-brianza.csv
2026-09-12,Patrick Sappa,@beautydream_dibicenter,Estetica Beauty Dream,Arcore (MB),Estetica,primo,2026-09-11-instagram-siti-brianza.csv
2026-09-12,Patrick Sappa,@beautyfarm_appianogentile,Beauty Farm,Appiano Gentile (CO),Estetica,recupero,lista del 08/10/2026
2026-09-12,Patrick Sappa,@beautynails.jennyfer,Beauty Nails Jennyfer,Besana in Brianza (MB),Nail,primo,2026-09-11-instagram-siti-brianza.csv
2026-09-12,Patrick Sappa,@beautyzone_olgiatecomasco,BeautyZone,Olgiate Comasco (CO),Estetica/parrucchieri,recupero,lista del 08/10/2026
2026-09-12,Patrick Sappa,@beitalianrestaurant,Casa Cuomo,Seregno (MB),Ristorante,primo,2026-09-11-instagram-denkishift-mb-va-co-lc.csv
2026-09-12,Patrick Sappa,@bellavistalecco,Hotel Bellavista,Valmadrera (LC),Albergo,primo,2026-09-11-instagram-denkishift-mb-va-co-lc.csv
2026-09-12,Patrick Sappa,@bellini_wood,Bellini Wood,Mantova (MN),Falegnameria,primo,2026-09-12-instagram-ricerca-lombardia.csv
2026-09-12,Patrick Sappa,@besa_nails2800,Besa Nails,Besana in Brianza (MB),Nail,primo,2026-09-11-instagram-siti-brianza.csv
2026-09-12,Patrick Sappa,@besana_milena_estetica,Milena Besana Estetica,Besana in Brianza (MB),Estetica,primo,2026-09-11-instagram-siti-brianza.csv
2026-09-12,Patrick Sappa,@betty_style_lurate_caccivio,Betty Style,Lurate Caccivio (CO),Parrucchieri,recupero,lista del 08/10/2026
2026-09-12,Patrick Sappa,@bg.impianti,BG Impianti,Milano (MI),Impianti elettrici,primo,2026-09-12-instagram-ricerca-lombardia.csv
2026-09-12,Patrick Sappa,@bicego_edilizia,F.lli Bicego,Legnano (MI),Edilizia e materiali,primo,2026-09-12-instagram-ricerca-lombardia.csv
2026-09-12,Patrick Sappa,@bigmat_simed,BigMat Simed,Pavia (PV),Edilizia e materiali,primo,2026-09-12-instagram-ricerca-lombardia.csv
2026-09-12,Patrick Sappa,@bis_hotelvarese,Bis Hotel Varese,Varese (VA),Albergo,primo,2026-09-11-instagram-denkishift-mb-va-co-lc.csv
2026-09-12,Patrick Sappa,@bistrotcattaneomonza,Bistrot Cattaneo,Monza (MB),"Bar, pasticceria e ristorante",primo,2026-09-11-instagram-denkishift-mb-va-co-lc.csv
2026-09-12,Patrick Sappa,@blackstar_parrucchiere,Black Star,Gerenzano (VA),Parrucchieri,recupero,lista del 08/10/2026
2026-09-12,Patrick Sappa,@bontempiimpianti,Bontempi Impianti,Brescia (BS),Impianti elettrici,primo,2026-09-12-instagram-ricerca-lombardia.csv
2026-09-12,Patrick Sappa,@boom_seregno,Boom Seregno,Seregno (MB),Pizzeria con area bimbi,primo,2026-09-11-instagram-denkishift-mb-va-co-lc.csv
2026-09-12,Patrick Sappa,@bottegan8,Bottega N8,Bergamo (BG),Ristorante,primo,2026-09-12-instagram-denkishift-lombardia.csv
2026-09-12,Patrick Sappa,@cameletticlaudioedilizia,Cameletti Claudio,Brescia (BS),Edilizia e materiali,primo,2026-09-12-instagram-ricerca-lombardia.csv
2026-09-12,Patrick Sappa,@capolagohotel,Capolago Hotel,Varese (VA),Albergo,primo,2026-09-11-instagram-denkishift-mb-va-co-lc.csv
2026-09-12,Patrick Sappa,@carpenteria_bonatese,Carpenteria Bonatese,Bergamo (BG),Carpenteria,primo,2026-09-12-instagram-ricerca-lombardia.csv
2026-09-12,Patrick Sappa,@carrozzeria_borgovico,Carrozzeria Borgovico,Como (CO),Carrozzeria,primo,2026-09-12-instagram-ricerca-lombardia.csv
2026-09-12,Patrick Sappa,@carrozzeria_lo.di,Carrozzeria LO.DI,Lodi (LO),Carrozzeria,primo,2026-09-12-instagram-ricerca-lombardia.csv
2026-09-12,Patrick Sappa,@carrozzeria_top_car_limbiate,Carrozzeria Top Car,Limbiate (MB),Carrozzeria e noleggio,primo,2026-09-11-instagram-ricerca-mb-va-co.csv
2026-09-12,Patrick Sappa,@carrozzeria_villetta_milano_,Carrozzeria Villetta,Milano (MI),Carrozzeria,primo,2026-09-12-instagram-ricerca-lombardia.csv
2026-09-12,Patrick Sappa,@carrozzeriabianchi.lodi,Carrozzeria Bianchi,Lodi (LO),Carrozzeria,primo,2026-09-12-instagram-ricerca-lombardia.csv
2026-09-12,Patrick Sappa,@carrozzeriamilano,Carrozzeria Milano,Milano (MI),Carrozzeria,primo,2026-09-12-instagram-ricerca-lombardia.csv
2026-09-12,Patrick Sappa,@carrozzeriasportmilano,Carrozzeria Sport,Milano (MI),Carrozzeria,primo,2026-09-12-instagram-ricerca-lombardia.csv
2026-09-12,Patrick Sappa,@carrozzeriatecnocar.rs,Tecnocar RS,Castelnuovo Bozzente (CO),Carrozzeria,primo,2026-09-11-instagram-ricerca-mb-va-co.csv
2026-09-12,Patrick Sappa,@centro_estetico.misinto,Rosa del Deserto Estetica & Solarium,Misinto (MB),Estetica,primo,2026-09-11-instagram-siti-brianza.csv
2026-09-12,Patrick Sappa,@cinzia_estetica_osnago,Cinzia Estetica e Parrucchieri,Osnago (LC),Estetica/parrucchieri,recupero,lista del 08/10/2026
2026-09-12,Patrick Sappa,@climatristorante.monza,Climat,Monza (MB),Ristorante,primo,2026-09-11-instagram-denkishift-mb-va-co-lc.csv
2026-09-12,Patrick Sappa,@comodo_edilizia,Impresa Edilizia Comodo,Besozzo (VA),Impresa edile,primo,2026-09-11-instagram-ricerca-mb-va-co.csv
2026-09-12,Patrick Sappa,@de_simone_parrucchiere_,Parrucchiere De Simone,Desio (MB),Parrucchieri,primo,2026-09-11-instagram-siti-brianza.csv
2026-09-12,Patrick Sappa,@dons_barbershop_seregno,Don's Barbershop,Seregno (MB),Barber,primo,2026-09-11-instagram-siti-brianza.csv
2026-09-12,Patrick Sappa,@dorotea_nailss,Dorotea Nails,Muggio (MB),Nail,primo,2026-09-11-instagram-siti-brianza.csv
2026-09-12,Patrick Sappa,@edilporte_brescia,Edilporte,Quinzano d'Oglio (BS),Serramenti e infissi,primo,2026-09-12-instagram-ricerca-lombardia.csv
2026-09-12,Patrick Sappa,@eg_estetica_glamour_misinto,Estetica Glamour di Martina Ciccolella,Misinto (MB),Estetica,primo,2026-09-11-instagram-siti-brianza.csv
2026-09-12,Patrick Sappa,@eliteparrucchieriestetica.mb,Elite Muggio,Muggio (MB),Parrucchieri e estetica,primo,2026-09-11-instagram-siti-brianza.csv
2026-09-12,Patrick Sappa,@energy_system_suisio,Energy System,Suisio (BG),Impianti elettrici,primo,2026-09-12-instagram-ricerca-lombardia.csv
2026-09-12,Patrick Sappa,@entesistemaediliziabrescia,ESEB,Brescia (BS),Edilizia e materiali,primo,2026-09-12-instagram-ricerca-lombardia.csv
2026-09-12,Patrick Sappa,@estetica.evelyn,Centro Estetico Evelyn,Seregno (MB),Estetica,primo,2026-09-11-instagram-siti-brianza.csv
2026-09-12,Patrick Sappa,@estetica.nicla,Centro Estetico di Nicla Sottocorna,Arcore (MB),Estetica,primo,2026-09-11-instagram-siti-brianza.csv
2026-09-12,Patrick Sappa,@esteticaeternity_legnano,Estetica Eternity,Legnano (MI),Estetica,primo,2026-09-12-instagram-siti-milano.csv
2026-09-12,Patrick Sappa,@esteticakarismavimercate,Estetica Karisma,Vimercate (MB),Estetica,primo,2026-09-11-instagram-siti-brianza.csv
2026-09-12,Patrick Sappa,@esthermateus.nails,Esther Mateus Nail Designer,Usmate Velate (MB),Nail,primo,2026-09-11-instagram-siti-brianza.csv
2026-09-12,Patrick Sappa,@eurotaverna_official,Eurotaverna,Desio (MB),Ristorante con sala eventi,primo,2026-09-11-instagram-denkishift-mb-va-co-lc.csv
2026-09-12,Patrick Sappa,@eversun_giussano,Eversun Estetica e Solarium,Giussano (MB),Estetica,primo,2026-09-11-instagram-siti-brianza.csv
2026-09-12,Patrick Sappa,@falegnameria.sbanotto,Falegnameria Sbanotto,Milano (MI),Falegnameria,primo,2026-09-12-instagram-ricerca-lombardia.csv
2026-09-12,Patrick Sappa,@falegnameriamaffeisvertova,Falegnameria Maffeis,Vertova (BG),Falegnameria,primo,2026-09-12-instagram-ricerca-lombardia.csv
2026-09-12,Patrick Sappa,@fiorillo_monza,Fiorillo,Monza (MB),Pizzeria,primo,2026-09-11-instagram-denkishift-mb-va-co-lc.csv
2026-09-12,Patrick Sappa,@fm_labeaute,FM La Beautè,Lissone (MB),Estetica avanzata,primo,2026-09-11-instagram-siti-brianza.csv
2026-09-12,Patrick Sappa,@franci.nails_,Franci Nails,Giussano (MB),Nail,primo,2026-09-11-instagram-siti-brianza.csv
2026-09-12,Patrick Sappa,@g.nails_caratebrianza,G Nails,Carate Brianza (MB),Nail,primo,2026-09-11-instagram-siti-brianza.csv
2026-09-12,Patrick Sappa,@galli.franco.edilizia,Galli Franco,Lecco (LC),Edilizia e materiali,primo,2026-09-12-instagram-ricerca-lombardia.csv
2026-09-12,Patrick Sappa,@gbstudio____,GB Studio Nails & Beauty,Bovisio Masciago (MB),Nail e estetica,primo,2026-09-11-instagram-siti-brianza.csv
2026-09-12,Patrick Sappa,@ge_nailsboutique,Nails Boutique Seregno,Seregno (MB),Nail,primo,2026-09-11-instagram-siti-brianza.csv
2026-09-12,Patrick Sappa,@giorgia_artist,Giorgia Artist Nails & Beauty,Biassono (MB),Nail,primo,2026-09-11-instagram-siti-brianza.csv
2026-09-12,Patrick Sappa,@giuliaprada.nailstudio,Giulia Prada Nail Studio,Desio (MB),Nail,primo,2026-09-11-instagram-siti-brianza.csv
2026-09-12,Patrick Sappa,@giussanoserramenti_,Giussano Serramenti,Giussano (MB),Serramenti e infissi,primo,2026-09-11-instagram-ricerca-mb-va-co.csv
2026-09-12,Patrick Sappa,@hairtist_muggio,Hairtist,Muggio (MB),Parrucchieri,primo,2026-09-11-instagram-siti-brianza.csv
2026-09-12,Patrick Sappa,@hcparrucchieri_olgiate,HC Parrucchieri,Olgiate Comasco (CO),Parrucchieri,recupero,lista del 08/10/2026
2026-09-12,Patrick Sappa,@hotel_pioppeto,Hotel Pioppeto,Saronno (VA),Albergo,primo,2026-09-11-instagram-denkishift-mb-va-co-lc.csv
2026-09-12,Patrick Sappa,@hotelalberilecco,Hotel Alberi,Lecco (LC),Albergo,primo,2026-09-11-instagram-denkishift-mb-va-co-lc.csv
2026-09-12,Patrick Sappa,@hoteldelavillemonza,Hotel de la Ville,Monza (MB),Albergo con ristorante,primo,2026-09-11-instagram-denkishift-mb-va-co-lc.csv
2026-09-12,Patrick Sappa,@hotelmodernopavia,Hotel Moderno,Pavia (PV),Albergo,primo,2026-09-12-instagram-denkishift-lombardia.csv
2026-09-12,Patrick Sappa,@hotelpostamoltrasio,Hotel Posta Moltrasio,Moltrasio (CO),Albergo,primo,2026-09-11-instagram-denkishift-mb-va-co-lc.csv
2026-09-12,Patrick Sappa,@hotelroyalfalcone_monza,Hotel Royal Falcone,Monza (MB),Albergo,primo,2026-09-11-instagram-denkishift-mb-va-co-lc.csv
2026-09-12,Patrick Sappa,@il_villino_seregno,Ristorante il Villino,Seregno (MB),Ristorante,primo,2026-09-11-instagram-denkishift-mb-va-co-lc.csv
2026-09-12,Patrick Sappa,@ilpoetadesio,Pizzeria Il Poeta,Desio (MB),Pizzeria kebab,primo,2026-09-11-instagram-denkishift-mb-va-co-lc.csv
2026-09-12,Patrick Sappa,@iltuostile.cdj,Il Tuo Stile - Degradé Joelle,Tradate (VA),Parrucchieri,recupero,lista del 08/10/2026
2026-09-12,Patrick Sappa,@kinghoney_nails,King Honey Nails,Arcore (MB),Nail,primo,2026-09-11-instagram-siti-brianza.csv
2026-09-12,Patrick Sappa,@labdesign_falegnameria__milano,Colombo & Garavaglia LabDesign,Milano (MI),Falegnameria,primo,2026-09-12-instagram-ricerca-lombardia.csv
2026-09-12,Patrick Sappa,@lamaisondichiara,La Maison di Chiara,Nova Milanese (MB),Estetica,primo,2026-09-11-instagram-siti-brianza.csv
2026-09-12,Patrick Sappa,@lauravaredonailshair,Laura Varedo Nails Hair,Varedo (MB),Nail e parrucchieri,primo,2026-09-11-instagram-siti-brianza.csv
2026-09-12,Patrick Sappa,@lilly.nails_cesano.maderno,Lilly Nails,Cesano Maderno (MB),Nail,primo,2026-09-11-instagram-siti-brianza.csv
2026-09-12,Patrick Sappa,@lily.nails.desio,Lily Nails di Francesca Vangi,Desio (MB),Nail,primo,2026-09-11-instagram-siti-brianza.csv
2026-09-12,Patrick Sappa,@lodifai_windows_e_doors,Lodifai Serramenti,Lodi (LO),Serramenti e infissi,primo,2026-09-12-instagram-ricerca-lombardia.csv
2026-09-12,Patrick Sappa,@londacislago,L'Onda Acconciature,Cislago (VA),Parrucchieri,recupero,lista del 08/10/2026
2026-09-12,Patrick Sappa,@madynails_md,Mady Nails,Concorezzo (MB),Nail,primo,2026-09-11-instagram-siti-brianza.csv
2026-09-12,Patrick Sappa,@mantoanellicar,Carrozzeria Mantoanelli,Inzago (MI),Carrozzeria,primo,2026-09-12-instagram-ricerca-lombardia.csv
2026-09-12,Patrick Sappa,@mara_carrozzeria_brescia,La Carrozziera di Brescia,Brescia (BS),Carrozzeria,primo,2026-09-12-instagram-ricerca-lombardia.csv
2026-09-12,Patrick Sappa,@marikanails._,Marika Nails,Milano (MI),Nail,primo,2026-09-12-instagram-siti-milano.csv
2026-09-12,Patrick Sappa,@matii.nails_,Matilde Corrado Unghie,Rho (MI),Nail,primo,2026-09-12-instagram-siti-milano.csv
2026-09-12,Patrick Sappa,@matura_monza,Matura,Monza (MB),Pizzeria,primo,2026-09-11-instagram-denkishift-mb-va-co-lc.csv
2026-09-12,Patrick Sappa,@meridas_ristorante_lissone,Meridas,Lissone (MB),Ristorante,primo,2026-09-11-instagram-denkishift-mb-va-co-lc.csv
2026-09-12,Patrick Sappa,@mev_electronics_varese,MEV Electronics,Provincia di Varese e Como,Impianti elettrici e fotovoltaico,primo,2026-09-11-instagram-ricerca-mb-va-co.csv
2026-09-12,Patrick Sappa,@milanorestauriecosostenibile,Milano Restauri,Milano (MI),Edilizia e materiali,primo,2026-09-12-instagram-ricerca-lombardia.csv
2026-09-12,Patrick Sappa,@milanoserramenti,Milano Serramenti,Milano (MI),Serramenti e infissi,primo,2026-09-12-instagram-ricerca-lombardia.csv
2026-09-12,Patrick Sappa,@mimesis11como,Mímesis 11 Boutique Hotel,Como (CO),Albergo,primo,2026-09-11-instagram-denkishift-mb-va-co-lc.csv
2026-09-12,Patrick Sappa,@monster_style_seregno,Monster Style,Seregno (MB),Parrucchieri,primo,2026-09-11-instagram-siti-brianza.csv
2026-09-12,Patrick Sappa,@monzaevoluzione,Monza Evoluzione,Monza (MB),Autofficina,primo,2026-09-11-instagram-ricerca-mb-va-co.csv
2026-09-12,Patrick Sappa,@monzaserramenti,Monza Serramenti,Monza (MB),Serramenti e infissi,primo,2026-09-11-instagram-ricerca-mb-va-co.csv
2026-09-12,Patrick Sappa,@movementmonza,Movement,Monza (MB),Studio di ginnastica e pilates,primo,2026-09-11-instagram-denkishift-mb-va-co-lc.csv
2026-09-12,Patrick Sappa,@mvserramenti,MV Serramenti,Gorlago (BG),Serramenti e infissi,primo,2026-09-12-instagram-ricerca-lombardia.csv
2026-09-12,Patrick Sappa,@nails_by_xhesi_.barlassina,Nails by Xhesi,Barlassina (MB),Nail,primo,2026-09-11-instagram-siti-brianza.csv
2026-09-12,Patrick Sappa,@nailsandbeautygiada,Nails and Beauty Giada,Legnano (MI),Nail,primo,2026-09-12-instagram-siti-milano.csv
2026-09-12,Patrick Sappa,@nailsmeda,Meda Nails,Meda (MB),Nail,primo,2026-09-11-instagram-siti-brianza.csv
2026-09-12,Patrick Sappa,@newfantasy_parrucchieri,New Fantasy Acconciature,Lurate Caccivio (CO),Parrucchieri,recupero,lista del 08/10/2026
2026-09-12,Patrick Sappa,@ninfeaesteticabarzano,Ninfea Estetica e Benessere,Barzanò (LC),Estetica,recupero,lista del 08/10/2026
2026-09-12,Patrick Sappa,@palacegrandhotelvarese,Palace Grand Hotel Varese,Varese (VA),Albergo con ristorante,primo,2026-09-11-instagram-denkishift-mb-va-co-lc.csv
2026-09-12,Patrick Sappa,@palestracityfit,Cityfit,Lissone (MB),Palestra,primo,2026-09-11-instagram-denkishift-mb-va-co-lc.csv
2026-09-12,Patrick Sappa,@palestraenergydesio,Energy Desio,Desio (MB),Palestra,primo,2026-09-11-instagram-denkishift-mb-va-co-lc.csv
2026-09-12,Patrick Sappa,@palestrapegasolissone,Palestra Pegaso,Lissone (MB),Palestra,primo,2026-09-11-instagram-denkishift-mb-va-co-lc.csv
2026-09-12,Patrick Sappa,@parrucchiere_leo_varedo,Parrucchiere Leo,Varedo (MB),Parrucchieri,primo,2026-09-11-instagram-siti-brianza.csv
2026-09-12,Patrick Sappa,@pasticceria_bona_monza,Pasticceria Bona,Monza (MB),Pasticceria e caffetteria,primo,2026-09-11-instagram-denkishift-mb-va-co-lc.csv
2026-09-12,Patrick Sappa,@pasticceria_lievito_monza,Pasticceria Lievito,Monza (MB),Pasticceria,primo,2026-09-11-instagram-denkishift-mb-va-co-lc.csv
2026-09-12,Patrick Sappa,@pasticceriabresciadue,Pasticceria Bresciadue,Brescia (BS),Pasticceria con laboratorio,primo,2026-09-12-instagram-denkishift-lombardia.csv
2026-09-12,Patrick Sappa,@pasticceriadolci_lissone,Pasticceria Dolci,Lissone (MB),Pasticceria con catering,primo,2026-09-11-instagram-denkishift-mb-va-co-lc.csv
2026-09-12,Patrick Sappa,@pasticceriaoscarbergamo,Pasticceria Oscar,Stezzano (BG),Pasticceria e gelateria,primo,2026-09-12-instagram-denkishift-lombardia.csv
2026-09-12,Patrick Sappa,@pasticceriapasserinilissone,Pasticceria Passerini,Lissone (MB),Pasticceria con più sedi,primo,2026-09-11-instagram-denkishift-mb-va-co-lc.csv
2026-09-12,Patrick Sappa,@pettinatobiagio_parrucchiere,Kreatif Studio,Tradate (VA),Parrucchieri/barber,recupero,lista del 08/10/2026
2026-09-12,Patrick Sappa,@pizzeria.lafontana_monza,Pizzeria La Fontana,Monza (MB),Pizzeria,primo,2026-09-11-instagram-denkishift-mb-va-co-lc.csv
2026-09-12,Patrick Sappa,@pizzeriadaaldoseregno,Pizzeria Da Aldo,Seregno (MB),Pizzeria,primo,2026-09-11-instagram-denkishift-mb-va-co-lc.csv
2026-09-12,Patrick Sappa,@pizzeriadelcentromonza,Pizzeria del Centro,Monza (MB),Pizzeria,primo,2026-09-11-instagram-denkishift-mb-va-co-lc.csv
2026-09-12,Patrick Sappa,@pizzeriaveliero,Pizzeria Veliero,Desio (MB),Pizzeria,primo,2026-09-11-instagram-denkishift-mb-va-co-lc.csv
2026-09-12,Patrick Sappa,@prestigenailsandbeautybar,Prestige Nails and Beauty Bar,Sesto San Giovanni (MI),Nail,primo,2026-09-12-instagram-siti-milano.csv
2026-09-12,Patrick Sappa,@puracute,Puracute,Seregno (MB),Parrucchiere tricologo,primo,2026-09-11-instagram-siti-brianza.csv
2026-09-12,Patrick Sappa,@revolution.concorezzo,Revolution Parrucchiere,Concorezzo (MB),Parrucchieri,primo,2026-09-11-instagram-siti-brianza.csv
2026-09-12,Patrick Sappa,@rimag_official,RIMAG Serramenti,Bergamo (BG),Serramenti e infissi,primo,2026-09-12-instagram-ricerca-lombardia.csv
2026-09-12,Patrick Sappa,@ristorante.alcapolinea,Al Capolinea,Cantù (CO),Ristorante pizzeria,primo,2026-09-11-instagram-denkishift-mb-va-co-lc.csv
2026-09-12,Patrick Sappa,@ristorante_forchettone,Ristorante Forchettone,Brescia (BS),Ristorante,primo,2026-09-12-instagram-denkishift-lombardia.csv
2026-09-12,Patrick Sappa,@ristorante_lestagioni,Ristorante Le Stagioni,Orio al Serio (BG),Ristorante,primo,2026-09-12-instagram-denkishift-lombardia.csv
2026-09-12,Patrick Sappa,@ristorante_marienplatz,Marienplatz,Vimercate (MB),Ristorante birreria,primo,2026-09-11-instagram-denkishift-mb-va-co-lc.csv
2026-09-12,Patrick Sappa,@ristorantelaitmonza,LAIT,Monza (MB),Ristorante,primo,2026-09-11-instagram-denkishift-mb-va-co-lc.csv
2026-09-12,Patrick Sappa,@ristorantevillareale_monza,Ristorante Villa Reale,Monza (MB),Ristorante,primo,2026-09-11-instagram-denkishift-mb-va-co-lc.csv
2026-09-12,Patrick Sappa,@roox.nails_,Roox Nails,Seregno (MB),Nail,primo,2026-09-11-instagram-siti-brianza.csv
2026-09-12,Patrick Sappa,@rosa.bottonenails,Rosa Bottone Onicotecnica,Milano (MI),Nail,primo,2026-09-12-instagram-siti-milano.csv
2026-09-12,Patrick Sappa,@rosser.serramenti.cremona,Rosser Serramenti,Cremona (CR),Serramenti e infissi,primo,2026-09-12-instagram-ricerca-lombardia.csv
2026-09-12,Patrick Sappa,@rotabiasetti,RotaBiasetti,Bergamo (BG),Panificio e pasticceria,primo,2026-09-12-instagram-denkishift-lombardia.csv
2026-09-12,Patrick Sappa,@rs_serramenti_group,RS Serramenti,Rovato (BS),Serramenti e infissi,primo,2026-09-12-instagram-ricerca-lombardia.csv
2026-09-12,Patrick Sappa,@sabry_hairsalon,Sabry Hair Salon,Oggiono (LC),Parrucchieri/estetica,recupero,lista del 08/10/2026
2026-09-12,Patrick Sappa,@sararusso_beauty,Little Beauty Diamond,Appiano Gentile (CO),PMU/estetica,recupero,lista del 08/10/2026
2026-09-12,Patrick Sappa,@sb.esteticaeunghie,SB Estetica e Unghie,Caronno Pertusella (VA),Estetica/nail,recupero,lista del 08/10/2026
2026-09-12,Patrick Sappa,@sb.nails3112,SB Nails & Beauty Room,Brugherio (MB),Nail e estetica,primo,2026-09-11-instagram-siti-brianza.csv
2026-09-12,Patrick Sappa,@serena.nailslab,Serena Di Bari Nail Artist,Milano (MI),Nail,primo,2026-09-12-instagram-siti-milano.csv
2026-09-12,Patrick Sappa,@seta_monza,Seta Monza,Monza (MB),Ristorante e pizzeria,primo,2026-09-11-instagram-denkishift-mb-va-co-lc.csv
2026-09-12,Patrick Sappa,@sgmanagementmilano,SG Management,Milano (MI),Logistica e magazzini,primo,2026-09-12-instagram-ricerca-lombardia.csv
2026-09-12,Patrick Sappa,@skinharmonybymelania,Skin Harmony by Melania,Desio (MB),Estetica avanzata,primo,2026-09-11-instagram-siti-brianza.csv
2026-09-12,Patrick Sappa,@societatrasportibergamo,Società Trasporti Bergamo,Lallio (BG),Trasporti,primo,2026-09-12-instagram-ricerca-lombardia.csv
2026-09-12,Patrick Sappa,@softnails.studio,Soft Nails Studio,Milano (MI),Nail,primo,2026-09-12-instagram-siti-milano.csv
2026-09-12,Patrick Sappa,@tecnal_serramenti_pavia,Tecnal Serramenti,Pavia (PV),Serramenti e infissi,primo,2026-09-12-instagram-ricerca-lombardia.csv
2026-09-12,Patrick Sappa,@trasporti_bresciani,Trasporti Bresciani,Brescia (BS),Trasporti,primo,2026-09-12-instagram-ricerca-lombardia.csv
2026-09-12,Patrick Sappa,@trasportisemplicipavia,Trasporti Semplici,Pavia (PV),Trasporti,primo,2026-09-12-instagram-ricerca-lombardia.csv
2026-09-12,Patrick Sappa,@tronchinails,Martina Tronconi Unghie,Milano (MI),Nail,primo,2026-09-12-instagram-siti-milano.csv
2026-09-12,Patrick Sappa,@unico_cantu,Unico Cantù,Cantù (CO),Ristorante e lounge bar,primo,2026-09-11-instagram-denkishift-mb-va-co-lc.csv
2026-09-12,Patrick Sappa,@valentinamandala_nails,Valentina Mandala Nails,Nova Milanese (MB),Nail,primo,2026-09-11-instagram-siti-brianza.csv
2026-09-12,Patrick Sappa,@veronailsnailartstudio,Veronails,Seregno (MB),Nail,primo,2026-09-11-instagram-siti-brianza.csv
2026-09-12,Patrick Sappa,@vics.nailss,Vics Nails,Lentate sul Seveso (MB),Nail,primo,2026-09-11-instagram-siti-brianza.csv
2026-09-12,Patrick Sappa,@vigevanotrasportisrl,Vigevano Trasporti,Vigevano (PV),Trasporti,primo,2026-09-12-instagram-ricerca-lombardia.csv
2026-09-12,Patrick Sappa,@viscontafitness,Visconta Fitness,Monza (MB),Palestra e boxe,primo,2026-09-11-instagram-denkishift-mb-va-co-lc.csv
2026-09-12,Patrick Sappa,@viviildolce,Vivi il Dolce,Desio (MB),Pasticceria,primo,2026-09-11-instagram-denkishift-mb-va-co-lc.csv
2026-09-13,Patrick Sappa,@_cormano_soccorso_onlus_,Cooperativa Sociale Cormano Soccorso ONLUS,Cusano Milanino (MI),Soccorso e ambulanze,primo,2026-09-13-instagram-denkishift-lombardia.csv
2026-09-13,Patrick Sappa,@_iozzi_marta_,Marta Iozzi Lash e Nail,Desenzano del Garda (BS),Nail e ciglia,primo,2026-09-13-instagram-siti-brescia.csv
2026-09-13,Patrick Sappa,@_nailsbyfrances_,Nails by Frances,Desenzano del Garda (BS),Nail,primo,2026-09-13-instagram-siti-brescia.csv
2026-09-13,Patrick Sappa,@abiciditipografia,ABiCiDi,Milano (MI),Tipografia,primo,2026-09-13-instagram-ricerca-lombardia.csv
2026-09-13,Patrick Sappa,@aestheticdesigndesenzano,Aesthetic Design Studio Estetico,Desenzano del Garda (BS),Nail e ciglia,primo,2026-09-13-instagram-siti-brescia.csv
2026-09-13,Patrick Sappa,@alessiacadei_pmu,Alessia Cadei PMU,Brescia (BS),PMU,primo,2026-09-13-instagram-siti-brescia.csv
2026-09-13,Patrick Sappa,@anna_ciglia_brescia,Anna Trucco Permanente ed Extension,Brescia (BS),PMU e ciglia,primo,2026-09-13-instagram-siti-brescia.csv
2026-09-13,Patrick Sappa,@armagnimilano,Pasticceria Panetteria Armagni,Milano (MI),Panificio con laboratorio,primo,2026-09-13-instagram-denkishift-lombardia.csv
2026-09-13,Patrick Sappa,@asiab_lashmaker,Asia B Lash Maker,Brescia (BS),Ciglia,primo,2026-09-13-instagram-siti-brescia.csv
2026-09-13,Patrick Sappa,@autolavaggioadomiciliobrescia,Autolavaggio a Domicilio Brescia,Brescia (BS),Autolavaggio,primo,2026-09-13-instagram-ricerca-lombardia.csv
2026-09-13,Patrick Sappa,@autolavaggiolineatest_milano,Autolavaggio Linea Test Srl,Milano (MI),Autolavaggio,primo,2026-09-13-instagram-ricerca-lombardia.csv
2026-09-13,Patrick Sappa,@azienda_agricola_bergamo,Azienda Agricola Bergamo,Bergamo (BG),Azienda agricola,primo,2026-09-13-instagram-ricerca-lombardia.csv
2026-09-13,Patrick Sappa,@aziendaagricolamantovani,Azienda Agricola Mantovani,San Giovanni del Dosso (MN),Azienda agricola,primo,2026-09-13-instagram-ricerca-lombardia.csv
2026-09-13,Patrick Sappa,@basesana.official,Basesana Poliambulatorio,Milano (MI),Poliambulatorio,primo,2026-09-13-instagram-denkishift-lombardia.csv
2026-09-13,Patrick Sappa,@bclean_brescia,B-CLEAN Impresa di pulizie,Brescia (BS),Impresa di pulizie,primo,2026-09-13-instagram-denkishift-lombardia.csv
2026-09-13,Patrick Sappa,@beautyewaxbrescia,Beauty e Wax,Brescia (BS),Estetica,primo,2026-09-13-instagram-siti-brescia.csv
2026-09-13,Patrick Sappa,@bergamo_sanita,Centro Medico Bergamo Sanità,Nembro (BG),Centro medico e casa di riposo,primo,2026-09-13-instagram-denkishift-lombardia.csv
2026-09-13,Patrick Sappa,@bossbarberbrescia,Boss Barber Brescia,Brescia (BS),Barber,primo,2026-09-13-instagram-siti-brescia.csv
2026-09-13,Patrick Sappa,@brescia_unghie,Brescia Unghie,Brescia (BS),Nail,primo,2026-09-13-instagram-siti-brescia.csv
2026-09-13,Patrick Sappa,@brescianifabbro,Bresciani Fabbro,Milano (MI),Fabbro,primo,2026-09-13-instagram-ricerca-lombardia.csv
2026-09-13,Patrick Sappa,@brows_nails_it,Nail Artist Darfo,Darfo Boario Terme (BS),Nail,primo,2026-09-13-instagram-siti-brescia.csv
2026-09-13,Patrick Sappa,@camynailsmontichiari,Camy Shine Nails,Montichiari (BS),Nail,primo,2026-09-13-instagram-siti-brescia.csv
2026-09-13,Patrick Sappa,@capriolo_istpalazzolo,Istituto Palazzolo - Casa di Capriolo,Capriolo (BS),Comunita' educativa,primo,2026-09-13-instagram-denkishift-lombardia.csv
2026-09-13,Patrick Sappa,@carpenteria.milano,Carpenteria Milano,Milano (MI),Carpenteria,primo,2026-09-13-instagram-ricerca-lombardia.csv
2026-09-13,Patrick Sappa,@carpenteria_metallica_rubini,Carpenteria Metallica Rubini,Barbata (BG),Carpenteria,primo,2026-09-13-instagram-ricerca-lombardia.csv
2026-09-13,Patrick Sappa,@casamedicabg,CasaMedica Centro Medico Bergamo,Bergamo (BG),Poliambulatorio,primo,2026-09-13-instagram-denkishift-lombardia.csv
2026-09-13,Patrick Sappa,@cdsvarese,CDS Centro Medico Dentistico,Varese (VA),Studio dentistico,primo,2026-09-13-instagram-denkishift-lombardia.csv
2026-09-13,Patrick Sappa,@celli.nails.desenzano,Celeste De Pieri Nail Artist,Desenzano del Garda (BS),Nail,primo,2026-09-13-instagram-siti-brescia.csv
2026-09-13,Patrick Sappa,@centro_estetico_diamante_blu,Diamante Blu di Giovanna Gipponi,Brescia (BS),Estetica avanzata,primo,2026-09-13-instagram-siti-brescia.csv
2026-09-13,Patrick Sappa,@centroradiologiaefisioterapia,Struttura medica polispecialistica,Gorle (BG),Poliambulatorio,primo,2026-09-13-instagram-denkishift-lombardia.csv
2026-09-13,Patrick Sappa,@centrosanitariosangiovanni,Poliambulatorio San Giovanni,Brescia (BS),Poliambulatorio,primo,2026-09-13-instagram-denkishift-lombardia.csv
2026-09-13,Patrick Sappa,@citylifeinstitute,City Life Institute,Milano (MI),Poliambulatorio,primo,2026-09-13-instagram-denkishift-lombardia.csv
2026-09-13,Patrick Sappa,@cl_ristrutturazioni_milano,CL Ristrutturazioni,Milano (MI),Ristrutturazioni,primo,2026-09-13-instagram-ricerca-lombardia.csv
2026-09-13,Patrick Sappa,@classika_estetista,Classika Estetista,Brescia (BS),Estetica e nail,primo,2026-09-13-instagram-siti-brescia.csv
2026-09-13,Patrick Sappa,@coesacoopsoc,Cooperativa Sociale Coesa,Milano (MI),Cooperativa sociale,primo,2026-09-13-instagram-denkishift-lombardia.csv
2026-09-13,Patrick Sappa,@cooperativamiledu,Miledù impresa sociale,Como (CO),Cooperativa sociale,primo,2026-09-13-instagram-denkishift-lombardia.csv
2026-09-13,Patrick Sappa,@coopleonardocomo,Cooperativa Sociale Leonardo,Como (CO),Cooperativa sociale,primo,2026-09-13-instagram-denkishift-lombardia.csv
2026-09-13,Patrick Sappa,@dabonails,Dabo Nails,Rovato (BS),Nail,primo,2026-09-13-instagram-siti-brescia.csv
2026-09-13,Patrick Sappa,@dacciuntaglio_brescia,Dacci un Taglio,Brescia (BS),Parrucchieri,primo,2026-09-13-instagram-siti-brescia.csv
2026-09-13,Patrick Sappa,@damian_roxana92,Roxana Unghie Desenzano,Desenzano del Garda (BS),Nail,primo,2026-09-13-instagram-siti-brescia.csv
2026-09-13,Patrick Sappa,@denisazbranca,Denisa Nails,Lumezzane (BS),Nail,primo,2026-09-13-instagram-siti-brescia.csv
2026-09-13,Patrick Sappa,@dianails_brescia,Diana Brescia Unghie,Brescia (BS),Nail e PMU,primo,2026-09-13-instagram-siti-brescia.csv
2026-09-13,Patrick Sappa,@doppiainvidiabrescia,Doppia Invidia Centro Estetico,Brescia (BS),Estetica e nail,primo,2026-09-13-instagram-siti-brescia.csv
2026-09-13,Patrick Sappa,@dpa_architect,DPA Davide Panzeri Architetto,Lecco (LC),Studio di architettura,primo,2026-09-13-instagram-ricerca-lombardia.csv
2026-09-13,Patrick Sappa,@edil_carboni_brescia,Ristrutturazioni Carboni,Brescia (BS),Ristrutturazioni,primo,2026-09-13-instagram-ricerca-lombardia.csv
2026-09-13,Patrick Sappa,@extension_ciglia_brescia_,Ciglia Brescia,Brescia (BS),Ciglia,primo,2026-09-13-instagram-siti-brescia.csv
2026-09-13,Patrick Sappa,@extensionciglia_k_brescia,Cristina Chistol Extension Ciglia,Brescia (BS),Ciglia,primo,2026-09-13-instagram-siti-brescia.csv
2026-09-13,Patrick Sappa,@fabbro_bergamo,Fabbro Bergamo,Fino Mornasco (CO),Fabbro,primo,2026-09-13-instagram-ricerca-lombardia.csv
2026-09-13,Patrick Sappa,@fargo.centro.medico,FARGO Centro Medico,Varese (VA),Poliambulatorio,primo,2026-09-13-instagram-denkishift-lombardia.csv
2026-09-13,Patrick Sappa,@findpartssrl,Find Parts SRL,Cagno (CO),Ricambi auto,primo,2026-09-13-instagram-ricerca-lombardia.csv
2026-09-13,Patrick Sappa,@flowernails.mazzano,Flower Nails,Mazzano (BS),Nail,primo,2026-09-13-instagram-siti-brescia.csv
2026-09-13,Patrick Sappa,@fondazione_honegger_rsa_onlus,Fondazione Honegger RSA,Albino (BG),RSA,primo,2026-09-13-instagram-denkishift-lombardia.csv
2026-09-13,Patrick Sappa,@fondazione_rosadeiventi_onlus,Fondazione RosaDeiVenti ONLUS,Como (CO),Comunita' minori,primo,2026-09-13-instagram-denkishift-lombardia.csv
2026-09-13,Patrick Sappa,@fondazione_rsa_nembro_onlus,Fondazione RSA Casa Riposo Nembro ONLUS,Nembro (BG),RSA,primo,2026-09-13-instagram-denkishift-lombardia.csv
2026-09-13,Patrick Sappa,@fondazionemadonnadelboldesico,Casa di riposo Madonna del Boldesico ETS,Grumello del Monte (BG),RSA,primo,2026-09-13-instagram-denkishift-lombardia.csv
2026-09-13,Patrick Sappa,@frigeriogomme_susa,Frigerio Gomme,Milano (MI),Gommista,primo,2026-09-13-instagram-ricerca-lombardia.csv
2026-09-13,Patrick Sappa,@giorgia.beautystudio,Giorgia Beauty Studio,Brescia (BS),Estetica avanzata,primo,2026-09-13-instagram-siti-brescia.csv
2026-09-13,Patrick Sappa,@glab.milano,G Lab Milano,Milano (MI),Arredamento su misura,primo,2026-09-13-instagram-ricerca-lombardia.csv
2026-09-13,Patrick Sappa,@griffe.nails,GRIFFE Salone e Corsi Unghie,Brescia (BS),Nail,primo,2026-09-13-instagram-siti-brescia.csv
2026-09-13,Patrick Sappa,@gz_impresa_edile,GZ Srl,Como (CO),Impresa edile,primo,2026-09-13-instagram-ricerca-lombardia.csv
2026-09-13,Patrick Sappa,@hrm_ristrutturazioni,HRM Ristrutturazioni,Bergamo (BG),Ristrutturazioni,primo,2026-09-13-instagram-ricerca-lombardia.csv
2026-09-13,Patrick Sappa,@idraulico_fabbro_milano_,Fabbro Idraulico Milano Monza,Milano (MI),Idraulica e fabbro,primo,2026-09-13-instagram-ricerca-lombardia.csv
2026-09-13,Patrick Sappa,@ilcalabronebrescia,Il Calabrone cooperativa sociale ETS,Brescia (BS),Cooperativa sociale,primo,2026-09-13-instagram-denkishift-lombardia.csv
2026-09-13,Patrick Sappa,@istituto_biomedico_italiano,Istituto Biomedico Italiano,Pavia (PV),Poliambulatorio,primo,2026-09-13-instagram-denkishift-lombardia.csv
2026-09-13,Patrick Sappa,@italwood_milano,Italwood Parquet,Cormano (MI),Parquet e forniture,primo,2026-09-13-instagram-ricerca-lombardia.csv
2026-09-13,Patrick Sappa,@j.olga_brescia,J.OLGA Parrucchieri,Brescia (BS),Parrucchieri,primo,2026-09-13-instagram-siti-brescia.csv
2026-09-13,Patrick Sappa,@jessica_taiola_nails,Jessica Nails,Lumezzane (BS),Nail,primo,2026-09-13-instagram-siti-brescia.csv
2026-09-13,Patrick Sappa,@koinecoopsociale,Koinè cooperativa sociale,Novate Milanese (MI),Cooperativa sociale e asili nido,primo,2026-09-13-instagram-denkishift-lombardia.csv
2026-09-13,Patrick Sappa,@la_tipografia_group_brescia,La Tipografia Group,Brescia (BS),Tipografia,primo,2026-09-13-instagram-ricerca-lombardia.csv
2026-09-13,Patrick Sappa,@lacascinadesenzano,Cooperativa Sociale La Cascina,Desenzano del Garda (BS),Cooperativa sociale,primo,2026-09-13-instagram-denkishift-lombardia.csv
2026-09-13,Patrick Sappa,@lashmaker._brescia,Marina Lashmaker,Brescia (BS),Ciglia,primo,2026-09-13-instagram-siti-brescia.csv
2026-09-13,Patrick Sappa,@laurafranzoni_lashmaker,Laura Franzoni Lash Maker,Brescia (BS),Ciglia,primo,2026-09-13-instagram-siti-brescia.csv
2026-09-13,Patrick Sappa,@ldds.disinfestazioni,LDDS Disinfestazioni,Lumezzane (BS),Disinfestazione,primo,2026-09-13-instagram-ricerca-lombardia.csv
2026-09-13,Patrick Sappa,@ledaclinic.bergamo,Leda Clinic,Bergamo (BG),Poliambulatorio,primo,2026-09-13-instagram-denkishift-lombardia.csv
2026-09-13,Patrick Sappa,@legnopiu_brescia,Legno Piu Infissi,Concesio (BS),Infissi,primo,2026-09-13-instagram-ricerca-lombardia.csv
2026-09-13,Patrick Sappa,@lissana.panificiomilano,Panificio Lissana,Milano (MI),Panificio con laboratorio,primo,2026-09-13-instagram-denkishift-lombardia.csv
2026-09-13,Patrick Sappa,@loretoprint,Loreto Print,Milano (MI),Tipografia,primo,2026-09-13-instagram-ricerca-lombardia.csv
2026-09-13,Patrick Sappa,@martinanailsboutiqueeacademy,Martina Nails Boutique e Academy,Brescia (BS),Nail,primo,2026-09-13-instagram-siti-brescia.csv
2026-09-13,Patrick Sappa,@mary_permanente,Mary Trucco Permanente,Brescia (BS),PMU e tattoo,primo,2026-09-13-instagram-siti-brescia.csv
2026-09-13,Patrick Sappa,@marye_tattoo,MARYE PMU e Fine Line Tattoo,Rezzato (BS),PMU e tattoo,primo,2026-09-13-instagram-siti-brescia.csv
2026-09-13,Patrick Sappa,@metacoopmonza,META Cooperativa Sociale,Monza (MB),Cooperativa sociale,primo,2026-09-13-instagram-denkishift-lombardia.csv
2026-09-13,Patrick Sappa,@milano_impresa_di_pulizie,Milano Multi Servizi,Milano (MI),Impresa di pulizie,primo,2026-09-13-instagram-denkishift-lombardia.csv
2026-09-13,Patrick Sappa,@milanoparquetsrl,Milano Parquet,Buccinasco (MI),Parquet,primo,2026-09-13-instagram-ricerca-lombardia.csv
2026-09-13,Patrick Sappa,@missorimedicalcenter_mi,Missori Medical Center,Milano (MI),Poliambulatorio,primo,2026-09-13-instagram-denkishift-lombardia.csv
2026-09-13,Patrick Sappa,@mologni_ferrobattuto,Mologni SNC,Nembro (BG),Fabbro e carpenteria,primo,2026-09-13-instagram-ricerca-lombardia.csv
2026-09-13,Patrick Sappa,@nadia_ohmynails,Nadia Natural Nail Artist,Brescia (BS),Nail,primo,2026-09-13-instagram-siti-brescia.csv
2026-09-13,Patrick Sappa,@naif_passirano,Naif Centro Estetico,Passirano (BS),Estetica avanzata,primo,2026-09-13-instagram-siti-brescia.csv
2026-09-13,Patrick Sappa,@nails.by.miicaela,Micaela Pizzi Unghie,Brescia (BS),Nail,primo,2026-09-13-instagram-siti-brescia.csv
2026-09-13,Patrick Sappa,@nails.robyy,Roberta Nail Artist,Brescia (BS),Nail,primo,2026-09-13-instagram-siti-brescia.csv
2026-09-13,Patrick Sappa,@nails_art_by_pinkploy,Nails Art by Pinkploy,Brescia (BS),Nail,primo,2026-09-13-instagram-siti-brescia.csv
2026-09-13,Patrick Sappa,@nails_brescia,Brescia Nails tecnica ucraina,Brescia (BS),Nail,primo,2026-09-13-instagram-siti-brescia.csv
2026-09-13,Patrick Sappa,@nailsbyaaurora,Aurora Nails,Brescia (BS),Nail,primo,2026-09-13-instagram-siti-brescia.csv
2026-09-13,Patrick Sappa,@nailsbysara2.0,Sara Nails Lumezzane,Lumezzane (BS),Nail,primo,2026-09-13-instagram-siti-brescia.csv
2026-09-13,Patrick Sappa,@nataliia_pmu_brescia,Natalia Cojocaru Dermopigmentista,Brescia (BS),PMU,primo,2026-09-13-instagram-siti-brescia.csv
2026-09-13,Patrick Sappa,@palomagardone,Paloma Gardone Nail Design,Gardone Val Trompia (BS),Nail,primo,2026-09-13-instagram-siti-brescia.csv
2026-09-13,Patrick Sappa,@pancecco,Panificio Pancecco,Desio (MB),Panificio con laboratorio,primo,2026-09-13-instagram-denkishift-lombardia.csv
2026-09-13,Patrick Sappa,@panificio.vita,Panificio Vita,Milano (MI),Panificio con laboratorio,primo,2026-09-13-instagram-denkishift-lombardia.csv
2026-09-13,Patrick Sappa,@panificio_brescianini,Panificio e Caffetteria Brescianini,Brescia (BS),Panificio con laboratorio,primo,2026-09-13-instagram-denkishift-lombardia.csv
2026-09-13,Patrick Sappa,@panificio_lorusso_varese,Panificio Pasticceria Lorusso,Varese (VA),Panificio con laboratorio,primo,2026-09-13-instagram-denkishift-lombardia.csv
2026-09-13,Patrick Sappa,@panificio_testa_treviglio,Panificio Testa,Treviglio (BG),Panificio con laboratorio,primo,2026-09-13-instagram-denkishift-lombardia.csv
2026-09-13,Patrick Sappa,@panificiocomotti,Comotti Dolci e Caffé,Bolgare (BG),Panificio con laboratorio,primo,2026-09-13-instagram-denkishift-lombardia.csv
2026-09-13,Patrick Sappa,@panificiofrusconi,Panificio Frusconi,Milano (MI),Panificio e catering,primo,2026-09-13-instagram-denkishift-lombardia.csv
2026-09-13,Patrick Sappa,@panificiolongonicarate,Panificio Fratelli Longoni,Carate Brianza (MB),Panificio con laboratorio,primo,2026-09-13-instagram-denkishift-lombardia.csv
2026-09-13,Patrick Sappa,@panificiomarini,Panificio Marini,Brescia (BS),Panificio con laboratorio,primo,2026-09-13-instagram-denkishift-lombardia.csv
2026-09-13,Patrick Sappa,@panificiopasticceriamaffia,Maffia Pane e Pasticceria,Olgiate Comasco (CO),Panificio con laboratorio,primo,2026-09-13-instagram-denkishift-lombardia.csv
2026-09-13,Patrick Sappa,@parquetspecialistmilano,Parquet Specialist Milano,Milano (MI),Parquet,primo,2026-09-13-instagram-ricerca-lombardia.csv
2026-09-13,Patrick Sappa,@parrucchierebrescia,FE HAIR,Brescia (BS),Parrucchieri,primo,2026-09-13-instagram-siti-brescia.csv
2026-09-13,Patrick Sappa,@pavimenti_resina_milano,Pavimenti in Resina Milano,Milano (MI),Pavimenti in resina,primo,2026-09-13-instagram-ricerca-lombardia.csv
2026-09-13,Patrick Sappa,@pawashbergamo,PA WASH Bergamo,Bergamo (BG),Autolavaggio,primo,2026-09-13-instagram-ricerca-lombardia.csv
2026-09-13,Patrick Sappa,@pentamultiservice__srl,Pentamultiservice Srl,Milano (MI),Ristrutturazioni,primo,2026-09-13-instagram-ricerca-lombardia.csv
2026-09-13,Patrick Sappa,@podomedicalcenter,Podo Medical Center,Bergamo (BG),Poliambulatorio,primo,2026-09-13-instagram-denkishift-lombardia.csv
2026-09-13,Patrick Sappa,@poliambulatorio_iris_bergamo,Poliambulatorio IRIS,Bergamo (BG),Poliambulatorio,primo,2026-09-13-instagram-denkishift-lombardia.csv
2026-09-13,Patrick Sappa,@poliambulatorio_takecare,Poliambulatorio Take Care,Milano (MI),Poliambulatorio,primo,2026-09-13-instagram-denkishift-lombardia.csv
2026-09-13,Patrick Sappa,@poliambulatoriorehabilita,Centro Rehabilita,Brescia (BS),Poliambulatorio e riabilitazione,primo,2026-09-13-instagram-denkishift-lombardia.csv
2026-09-13,Patrick Sappa,@polimedical_missaglia,Polimedical Centro Polispecialistico,Missaglia (LC),Poliambulatorio,primo,2026-09-13-instagram-denkishift-lombardia.csv
2026-09-13,Patrick Sappa,@qdquadro,QD Quadro Vetreria,Milano (MI),Vetreria,primo,2026-09-13-instagram-ricerca-lombardia.csv
2026-09-13,Patrick Sappa,@rbimpresaedile,Ristrutturazioni Bergamasche Srl,Clusone (BG),Impresa edile,primo,2026-09-13-instagram-ricerca-lombardia.csv
2026-09-13,Patrick Sappa,@resine_microcementi,Resine e Microcementi,Milano (MI),Pavimenti in resina,primo,2026-09-13-instagram-ricerca-lombardia.csv
2026-09-13,Patrick Sappa,@rgmnewsrl,RGM New Srl,Remedello (BS),Impresa edile,primo,2026-09-13-instagram-ricerca-lombardia.csv
2026-09-13,Patrick Sappa,@ristrutturadesso,Ristruttura Desso,Milano (MI),Ristrutturazioni,primo,2026-09-13-instagram-ricerca-lombardia.csv
2026-09-13,Patrick Sappa,@ristrutturazioni_vm,VM Impresa Edile,Milano (MI),Ristrutturazioni,primo,2026-09-13-instagram-ricerca-lombardia.csv
2026-09-13,Patrick Sappa,@royal_porte,Royal Porte e Infissi,Torbole Casaglia (BS),Infissi,primo,2026-09-13-instagram-ricerca-lombardia.csv
2026-09-13,Patrick Sappa,@rsacantello_istpalazzolo,RSA Istituto Palazzolo - Casa San Giuseppe,Cantello (VA),RSA,primo,2026-09-13-instagram-denkishift-lombardia.csv
2026-09-13,Patrick Sappa,@rsavilladellapace,Villa della Pace,Stezzano (BG),RSA,primo,2026-09-13-instagram-denkishift-lombardia.csv
2026-09-13,Patrick Sappa,@saraa_pmuartist,Sara Gabrieli Trucco Permanente,Brescia (BS),PMU e ciglia,primo,2026-09-13-instagram-siti-brescia.csv
2026-09-13,Patrick Sappa,@saratruccopermanente,Sara Trucco Permanente,Mazzano (BS),PMU,primo,2026-09-13-instagram-siti-brescia.csv
2026-09-13,Patrick Sappa,@simonafasci_pmu,Simona Fasci Ricostruzione Sopracciglia,Brescia (BS),PMU,primo,2026-09-13-instagram-siti-brescia.csv
2026-09-13,Patrick Sappa,@sofi_nailsandbeauty,Sofi Nails and Beauty,Verolanuova (BS),Nail,primo,2026-09-13-instagram-siti-brescia.csv
2026-09-13,Patrick Sappa,@studiberrutibergamo,Studi Berruti - Poliambulatorio Goisis,Osio Sotto (BG),Poliambulatorio,primo,2026-09-13-instagram-denkishift-lombardia.csv
2026-09-13,Patrick Sappa,@studiotecnico.zanolariccardo,Studio Tecnico Zanola,Montichiari (BS),Studio tecnico,primo,2026-09-13-instagram-ricerca-lombardia.csv
2026-09-13,Patrick Sappa,@symbolmed,Symbolmed Poliambulatorio,Brescia (BS),Poliambulatorio,primo,2026-09-13-instagram-denkishift-lombardia.csv
2026-09-13,Patrick Sappa,@tati_estetista,Tati Estetista,Brescia (BS),Nail e estetica,primo,2026-09-13-instagram-siti-brescia.csv
2026-09-13,Patrick Sappa,@traslochi_milano_decorato,Traslochi Milano by Decorato,Milano (MI),Traslochi,primo,2026-09-13-instagram-ricerca-lombardia.csv
2026-09-13,Patrick Sappa,@traslochi_milano_l.b,Traslochi Bolanos L.D.R.,Cinisello Balsamo (MI),Traslochi,primo,2026-09-13-instagram-ricerca-lombardia.csv
2026-09-13,Patrick Sappa,@vaccani_lecco,Panificio Vaccani,Lecco (LC),Panificio con laboratorio,primo,2026-09-13-instagram-denkishift-lombardia.csv
2026-09-13,Patrick Sappa,@vale_nails_chiari,Valenails,Chiari (BS),Nail,primo,2026-09-13-instagram-siti-brescia.csv
2026-09-13,Patrick Sappa,@vanessa.estetista,Vanessa Estetista,Bovezzo (BS),Estetica,primo,2026-09-13-instagram-siti-brescia.csv
2026-09-13,Patrick Sappa,@veinclinicbrescia,Vein Clinic Brescia,Brescia (BS),Poliambulatorio,primo,2026-09-13-instagram-denkishift-lombardia.csv
2026-09-13,Patrick Sappa,@venini23.centromedicomilano,Venini23 Centro Medico Polispecialistico,Milano (MI),Poliambulatorio,primo,2026-09-13-instagram-denkishift-lombardia.csv
2026-09-13,Patrick Sappa,@vetreriabonometti,Vetreria Bonometti,Brescia (BS),Vetreria,primo,2026-09-13-instagram-ricerca-lombardia.csv
2026-09-13,Patrick Sappa,@vva_ristrutturazioni,VVA Ristrutturazioni,Milano (MI),Ristrutturazioni,primo,2026-09-13-instagram-ricerca-lombardia.csv
2026-09-14,Patrick Sappa,@acconciature.valentina,Acconciature ed Estetica,Alzano Lombardo (BG),Parrucchiere ed estetica,primo,2026-09-14-instagram-siti-bs-bg.csv
2026-09-14,Patrick Sappa,@acconciature_sonia_sarezzo,Acconciature Sonia di Palini Sonia,Sarezzo (BS),Parrucchiere,primo,2026-09-14-instagram-siti-bs-bg.csv
2026-09-14,Patrick Sappa,@aeg_acconciature,A&G Acconciature,Bagnolo Mella (BS),Parrucchiere,primo,2026-09-14-instagram-siti-bs-bg.csv
2026-09-14,Patrick Sappa,@agriturismo.arbule.valtellina,Agriturismo Arbule,Poggiridenti (SO),Agriturismo,primo,2026-09-14-instagram-ricerca-lombardia.csv
2026-09-14,Patrick Sappa,@agriturismo_fenilgrande,Fenil Grande,Brescia,Agriturismo,primo,2026-09-14-instagram-ricerca-lombardia.csv
2026-09-14,Patrick Sappa,@almi_serramenti,Almi srl,Vittuone (MI),Serramenti e facciate,primo,2026-09-14-instagram-ricerca-lombardia.csv
2026-09-14,Patrick Sappa,@autotrasporti.con.gru.chiodi,Chiodi Autotrasporti,Prevalle (BS),Autotrasporti,primo,2026-09-14-instagram-ricerca-lombardia.csv
2026-09-14,Patrick Sappa,@az.agr.lacamosciata,Azienda Agricola La Camosciata,Costa Serina (BG),Agricoltura,primo,2026-09-14-instagram-ricerca-lombardia.csv
2026-09-14,Patrick Sappa,@barber_shop_albino_karim,Karim Barber Shop,Albino (BG),Barber,primo,2026-09-14-instagram-siti-bs-bg.csv
2026-09-14,Patrick Sappa,@barberiadisalo,Barberia di Salo,Salo (BS),Barber,primo,2026-09-14-instagram-siti-bs-bg.csv
2026-09-14,Patrick Sappa,@barbershop_radouane,Barbershop Radouane,Darfo Boario Terme (BS),Barber,primo,2026-09-14-instagram-siti-bs-bg.csv
2026-09-14,Patrick Sappa,@barbershop_sarnico,Barbershop Sarnico,Sarnico (BG),Barber,primo,2026-09-14-instagram-siti-bs-bg.csv
2026-09-14,Patrick Sappa,@barbiere_simo2style,Barber Shop Simo 2 Style,Brescia,Barber,primo,2026-09-14-instagram-siti-bs-bg.csv
2026-09-14,Patrick Sappa,@barbisi_barbiereincittaalta,Barbisi Barbiere in Citta Alta,Bergamo,Barber,primo,2026-09-14-instagram-siti-bs-bg.csv
2026-09-14,Patrick Sappa,@beardman_barber_shop,Beardman Barber Shop,Brescia,Barber,primo,2026-09-14-instagram-siti-bs-bg.csv
2026-09-14,Patrick Sappa,@biofattoria,Bio Fattoria Paradello,Brescia,Agricoltura,primo,2026-09-14-instagram-ricerca-lombardia.csv
2026-09-14,Patrick Sappa,@birrificio_elav,Birrificio Indipendente Elav,Bergamo,Birrificio,primo,2026-09-14-instagram-ricerca-lombardia.csv
2026-09-14,Patrick Sappa,@birrificiobadef,Birrificio Badef,Rodengo Saiano (BS),Birrificio,primo,2026-09-14-instagram-ricerca-lombardia.csv
2026-09-14,Patrick Sappa,@bocchiosolutions,Bocchio Solutions,Lonato (BS),Serramenti,primo,2026-09-14-instagram-ricerca-lombardia.csv
2026-09-14,Patrick Sappa,@bugada_serramenti1870,Serramenti Bugada,Sant'Omobono Imagna (BG),Falegnameria,primo,2026-09-14-instagram-ricerca-lombardia.csv
2026-09-14,Patrick Sappa,@camiluccifranciacorta,Camilucci Franciacorta,Erbusco (BS),Cantina,primo,2026-09-14-instagram-ricerca-lombardia.csv
2026-09-14,Patrick Sappa,@cantina_montonale,Montonale,Desenzano del Garda (BS),Cantina,primo,2026-09-14-instagram-ricerca-lombardia.csv
2026-09-14,Patrick Sappa,@carobbio_srl,Carobbio srl,Bergamo,Lavorazione lamiere,primo,2026-09-14-instagram-ricerca-lombardia.csv
2026-09-14,Patrick Sappa,@castelveder_franciacorta,Castelveder,Monticelli Brusati (BS),Cantina,primo,2026-09-14-instagram-ricerca-lombardia.csv
2026-09-14,Patrick Sappa,@dalle_sorelle_parrucchiere,Dalle Sorelle Parrucchiere,Bovezzo (BS),Parrucchiere,primo,2026-09-14-instagram-siti-bs-bg.csv
2026-09-14,Patrick Sappa,@duegelsifranciacorta,Azienda Agricola Due Gelsi,Erbusco (BS),Cantina,primo,2026-09-14-instagram-ricerca-lombardia.csv
2026-09-14,Patrick Sappa,@eligiomagri,Eligio Magri,Torre de' Roveri (BG),Cantina e agriturismo,primo,2026-09-14-instagram-ricerca-lombardia.csv
2026-09-14,Patrick Sappa,@elisiracconciature,Elisir Acconciature di Ferrari Claudia,Provaglio d'Iseo (BS),Parrucchiere,primo,2026-09-14-instagram-siti-bs-bg.csv
2026-09-14,Patrick Sappa,@eliteromano,Elite Hair Style,Romano di Lombardia (BG),Parrucchiere,primo,2026-09-14-instagram-siti-bs-bg.csv
2026-09-14,Patrick Sappa,@elitesarnico,Elite Elisa,Sarnico (BG),Parrucchiere,primo,2026-09-14-instagram-siti-bs-bg.csv
2026-09-14,Patrick Sappa,@ercofinestre,Ercofinestre,Casnate con Bernate (CO),Serramenti,primo,2026-09-14-instagram-ricerca-lombardia.csv
2026-09-14,Patrick Sappa,@etrehair_rodengo,Etre Hair Spa,Rodengo Saiano (BS),Parrucchiere,primo,2026-09-14-instagram-siti-bs-bg.csv
2026-09-14,Patrick Sappa,@ferghettina_franciacorta,Ferghettina,Adro (BS),Cantina,primo,2026-09-14-instagram-ricerca-lombardia.csv
2026-09-14,Patrick Sappa,@flaviocastellani_franciacorta,Flavio Castellani Franciacorta,Rodengo Saiano (BS),Cantina,primo,2026-09-14-instagram-ricerca-lombardia.csv
2026-09-14,Patrick Sappa,@fornitureedilibergamolecco,Forniture Edili Bergamo Lecco,Villa d'Adda (BG),Ingrosso edile,primo,2026-09-14-instagram-ricerca-lombardia.csv
2026-09-14,Patrick Sappa,@gentlemanbarberspagussago,Gentleman Barber SPA,Gussago (BS),Barber,primo,2026-09-14-instagram-siti-bs-bg.csv
2026-09-14,Patrick Sappa,@hairbeautyfarm,Hair Beauty Farm,Breno (BS),Parrucchiere ed estetica,primo,2026-09-14-instagram-siti-bs-bg.csv
2026-09-14,Patrick Sappa,@hairemotion_,Hair Emotion,Montichiari (BS),Parrucchiere,primo,2026-09-14-instagram-siti-bs-bg.csv
2026-09-14,Patrick Sappa,@hairsalon_18,Hair Salon 18,Castenedolo (BS),Parrucchiere,primo,2026-09-14-instagram-siti-bs-bg.csv
2026-09-14,Patrick Sappa,@hairstyle_brescia,Hair Style Parrucchieri,Brescia,Parrucchiere,primo,2026-09-14-instagram-siti-bs-bg.csv
2026-09-14,Patrick Sappa,@ilbarberking,Barber King,Bergamo,Barber,primo,2026-09-14-instagram-siti-bs-bg.csv
2026-09-14,Patrick Sappa,@ildossofranciacorta,Il Dosso Franciacorta,Corte Franca (BS),Cantina,primo,2026-09-14-instagram-ricerca-lombardia.csv
2026-09-14,Patrick Sappa,@individuals__parrucchieri,Individuals Parrucchieri,Verolanuova (BS),Parrucchiere,primo,2026-09-14-instagram-siti-bs-bg.csv
2026-09-14,Patrick Sappa,@ingrosso_e_dettaglio_frutta_,Ingrosso e Dettaglio Frutta,Brescia,Ingrosso alimentare,primo,2026-09-14-instagram-ricerca-lombardia.csv
2026-09-14,Patrick Sappa,@justatrim_acconciature,Just a Trim,Calcinato (BS),Parrucchiere,primo,2026-09-14-instagram-siti-bs-bg.csv
2026-09-14,Patrick Sappa,@la_maldura,Azienda Agricola La Maldura,provincia di Mantova,Agricoltura,primo,2026-09-14-instagram-ricerca-lombardia.csv
2026-09-14,Patrick Sappa,@lacascinagriturismo,Agriturismo La Cascina,Brembate Sopra (BG),Agriturismo,primo,2026-09-14-instagram-ricerca-lombardia.csv
2026-09-14,Patrick Sappa,@lacollina_vitivinicola,La Collina,Grumello del Monte (BG),Cantina,primo,2026-09-14-instagram-ricerca-lombardia.csv
2026-09-14,Patrick Sappa,@lafioritafranciacorta,La Fiorita Franciacorta,Ome (BS),Cantina e agriturismo,primo,2026-09-14-instagram-ricerca-lombardia.csv
2026-09-14,Patrick Sappa,@lecantoriefranciacorta,Le Cantorie Franciacorta,Franciacorta (BS),Cantina,primo,2026-09-14-instagram-ricerca-lombardia.csv
2026-09-14,Patrick Sappa,@lemarchesine,Le Marchesine,Passirano (BS),Cantina,primo,2026-09-14-instagram-ricerca-lombardia.csv
2026-09-14,Patrick Sappa,@levigaturalucidaturapavimenti,F.lli Camplani,Brescia,Pavimenti,primo,2026-09-14-instagram-ricerca-lombardia.csv
2026-09-14,Patrick Sappa,@lombardiaovest,Lombardia Ovest Autodemolizioni,Cassano Magnago (VA),Autodemolizioni,primo,2026-09-14-instagram-ricerca-lombardia.csv
2026-09-14,Patrick Sappa,@luca_e_valeria,Luca & Valeria Parrucchieri,Romano di Lombardia (BG),Parrucchiere,primo,2026-09-14-instagram-siti-bs-bg.csv
2026-09-14,Patrick Sappa,@luis_franciacorta,Luis Franciacorta,Provaglio d'Iseo (BS),Cantina,primo,2026-09-14-instagram-ricerca-lombardia.csv
2026-09-14,Patrick Sappa,@m.c.costruzioni,M.C. Costruzioni srl,Cividate al Piano (BG),Edilizia,primo,2026-09-14-instagram-ricerca-lombardia.csv
2026-09-14,Patrick Sappa,@m.t.m_srl,MTM srl,Barlassina (MB),Verniciatura industriale,primo,2026-09-14-instagram-ricerca-lombardia.csv
2026-09-14,Patrick Sappa,@madmats_acconciature,TheBarberShop 73 Hair&Beauty,Lumezzane (BS),Barber e parrucchiere,primo,2026-09-14-instagram-siti-bs-bg.csv
2026-09-14,Patrick Sappa,@mari_acconciature,Mari Acconciature,Montichiari (BS),Parrucchiere,primo,2026-09-14-instagram-siti-bs-bg.csv
2026-09-14,Patrick Sappa,@marmicorti,Corti Marmi,Bergamo,Marmi,primo,2026-09-14-instagram-ricerca-lombardia.csv
2026-09-14,Patrick Sappa,@marnier_hairsalon,Marnier Hair Salon,Brescia,Barber,primo,2026-09-14-instagram-siti-bs-bg.csv
2026-09-14,Patrick Sappa,@meraki.bergamo,Meraki,Treviolo (BG),Estetica,primo,2026-09-14-instagram-siti-bs-bg.csv
2026-09-14,Patrick Sappa,@mikuma.dogs,"Martina Carneli, istruttrice cinofila",Como (CO),Istruttore cinofilo,recupero,2026-09-10-instagram-animali-va-co-lc-bg-ti.csv
2026-09-14,Patrick Sappa,@montinafranciacorta,Montina Franciacorta,Monticelli Brusati (BS),Cantina,primo,2026-09-14-instagram-ricerca-lombardia.csv
2026-09-14,Patrick Sappa,@muratoriwine,Muratori Franciacorta,Adro (BS),Cantina,primo,2026-09-14-instagram-ricerca-lombardia.csv
2026-09-14,Patrick Sappa,@nera_vini_valtellina,Casa Vinicola Pietro Nera,Chiuro (SO),Cantina,primo,2026-09-14-instagram-ricerca-lombardia.csv
2026-09-14,Patrick Sappa,@nuovaequipeparrucchieri,Nuova Equipe Sarezzo,Sarezzo (BS),Parrucchiere,primo,2026-09-14-instagram-siti-bs-bg.csv
2026-09-14,Patrick Sappa,@officinabrianza.srl,Officina Brianza srl,Rodengo Saiano (BS),Officina,primo,2026-09-14-instagram-ricerca-lombardia.csv
2026-09-14,Patrick Sappa,@parrucchiere_gogna,Parrucchiere Gogna,Brescia,Parrucchiere,primo,2026-09-14-instagram-siti-bs-bg.csv
2026-09-14,Patrick Sappa,@parrucchieri_vindico,Parrucchieri Vindico,Bedizzole (BS),Parrucchiere,primo,2026-09-14-instagram-siti-bs-bg.csv
2026-09-14,Patrick Sappa,@parrucchierilocos,Locos Parrucchieri Unisex,Bedizzole (BS),Parrucchiere,primo,2026-09-14-instagram-siti-bs-bg.csv
2026-09-14,Patrick Sappa,@parruchierihairstyle,Parrucchieri Hair Style,Montichiari (BS),Parrucchiere,primo,2026-09-14-instagram-siti-bs-bg.csv
2026-09-14,Patrick Sappa,@pastificioboglioni,Pastificio Boglioni,Brescia,Pastificio,primo,2026-09-14-instagram-ricerca-lombardia.csv
2026-09-14,Patrick Sappa,@pastificiofranzoni,Pastificio Franzoni,Brescia,Pastificio,primo,2026-09-14-instagram-ricerca-lombardia.csv
2026-09-14,Patrick Sappa,@pegoianimegastore,Pegoiani,Castenedolo (BS),Edilizia e finiture,primo,2026-09-14-instagram-ricerca-lombardia.csv
2026-09-14,Patrick Sappa,@prior.desenzano,Prior Desenzano del Garda,Desenzano del Garda (BS),Parrucchiere e barber,primo,2026-09-14-instagram-siti-bs-bg.csv
2026-09-14,Patrick Sappa,@proc.2020,PROC Brescia,Brescia,Parrucchiere ed estetica,primo,2026-09-14-instagram-siti-bs-bg.csv
2026-09-14,Patrick Sappa,@rebelhairbyrebecca,Rebel Hair by Rebecca,Rodengo Saiano (BS),Parrucchiere,primo,2026-09-14-instagram-siti-bs-bg.csv
2026-09-14,Patrick Sappa,@rinnovasrl,Rinnova srl,Brescia,Edilizia,primo,2026-09-14-instagram-ricerca-lombardia.csv
2026-09-14,Patrick Sappa,@s.nailhairsalondesenzano,S Nail Hair Salon,Desenzano del Garda (BS),Parrucchiere e nail,primo,2026-09-14-instagram-siti-bs-bg.csv
2026-09-14,Patrick Sappa,@serramentisavoldelli,Serramenti Savoldelli,Gianico (BS),Serramenti,primo,2026-09-14-instagram-ricerca-lombardia.csv
2026-09-14,Patrick Sappa,@shari_tattooer,Shari Piras - Atelier Selva,Merate (LC),Tattoo,recupero,lista del 08/10/2026
2026-09-14,Patrick Sappa,@spazio_ristrutturazioni,Spazio Ristrutturazioni,Brescia,Edilizia,primo,2026-09-14-instagram-ricerca-lombardia.csv
2026-09-14,Patrick Sappa,@svserramenti,SV Serramenti,Poncarale (BS),Serramenti,primo,2026-09-14-instagram-ricerca-lombardia.csv
2026-09-14,Patrick Sappa,@swit_barber_shop,Swit Barber Shop,Treviglio (BG),Barber,primo,2026-09-14-instagram-siti-bs-bg.csv
2026-09-14,Patrick Sappa,@team_giancarlo_parrucchieri,Team Giancarlo Parrucchieri,Rezzato (BS),Parrucchiere,primo,2026-09-14-instagram-siti-bs-bg.csv
2026-09-14,Patrick Sappa,@trevillium,Trevillium,Treviglio (BG),Barber,primo,2026-09-14-instagram-siti-bs-bg.csv
2026-09-14,Patrick Sappa,@uberti_franciacorta,Uberti,Erbusco (BS),Cantina,primo,2026-09-14-instagram-ricerca-lombardia.csv
2026-09-14,Patrick Sappa,@valentinacrazyhair,Valentina Crazy Hair,Verolanuova (BS),Parrucchiere,primo,2026-09-14-instagram-siti-bs-bg.csv
2026-09-14,Patrick Sappa,@vanziniwine,Azienda Vitivinicola Vanzini,San Damiano al Colle (PV),Cantina,primo,2026-09-14-instagram-ricerca-lombardia.csv
2026-09-14,Patrick Sappa,@verniciatura_lanuova,Verniciatura Industriale La Nuova,Cigole (BS),Verniciatura industriale,primo,2026-09-14-instagram-ricerca-lombardia.csv
2026-09-14,Patrick Sappa,@vianelliserramenti,Vianelli F.lli Serramenti,Brescia,Serramenti,primo,2026-09-14-instagram-ricerca-lombardia.csv
2026-09-14,Patrick Sappa,@vignadorata,Azienda Agricola Vigna Dorata,Cazzago San Martino (BS),Cantina,primo,2026-09-14-instagram-ricerca-lombardia.csv
2026-09-14,Patrick Sappa,@vitalsalon1,Vital Salon,Montichiari (BS),Parrucchiere ed estetica,primo,2026-09-14-instagram-siti-bs-bg.csv
2026-09-14,Patrick Sappa,@yaripanzeriparrucchieri,Yari Panzeri Parrucchiere,Bergamo,Parrucchiere,primo,2026-09-14-instagram-siti-bs-bg.csv
2026-09-16,Patrick Sappa,@3ggiardini,3G Giardini di Nazzareno Bresciani,Brescia (BS),Giardinaggio,primo,2026-09-16-instagram-ricerca-lombardia.csv
2026-09-16,Patrick Sappa,@agriturismo.alberelle,Alberelle Franciacorta,Rovato (BS),Agriturismo con camere e cantina,primo,2026-09-16-instagram-denkishift-lombardia.csv
2026-09-16,Patrick Sappa,@agriturismo_ilbagnoloecolodge,Agriturismo Il Bagnolo,Salò (BS),Agriturismo con camere,primo,2026-09-16-instagram-denkishift-lombardia.csv
2026-09-16,Patrick Sappa,@agriturismodeviscio,Agriturismo Deviscio,Lecco (LC),Azienda agricola con ristorazione,primo,2026-09-16-instagram-denkishift-lombardia.csv
2026-09-16,Patrick Sappa,@agriturismoripadelbosco,Agriturismo Ripa del Bosco,Capriolo (BS),Agriturismo con camere,primo,2026-09-16-instagram-denkishift-lombardia.csv
2026-09-16,Patrick Sappa,@alclimatizzazione_agnelli,AL Climatizzazione,Bovezzo (BS),Climatizzazione,primo,2026-09-16-instagram-ricerca-lombardia.csv
2026-09-16,Patrick Sappa,@almaesteticaebenessere,Alma Estetica e Cura del Corpo,Caravaggio (BG),Estetica,primo,2026-09-16-instagram-siti-bergamo.csv
2026-09-16,Patrick Sappa,@arredocucinemilano,Formarredo Due,Lissone (MB),Arredamento e cucine,primo,2026-09-16-instagram-ricerca-lombardia.csv
2026-09-16,Patrick Sappa,@baiaverdegreen,Camping Baia Verde,Manerba del Garda (BS),Campeggio,primo,2026-09-16-instagram-denkishift-lombardia.csv
2026-09-16,Patrick Sappa,@beautyandsun.benessere,Beauty and Sun,Ponteranica (BG),Estetica,primo,2026-09-16-instagram-siti-bergamo.csv
2026-09-16,Patrick Sappa,@bellavista.pontedilegno,Hotel Bellavista,Ponte di Legno (BS),Albergo,primo,2026-09-16-instagram-denkishift-lombardia.csv
2026-09-16,Patrick Sappa,@caffepolibergamo,Caffè Poli Torrefazione,Bergamo (BG),Torrefazione,primo,2026-09-16-instagram-ricerca-lombardia.csv
2026-09-16,Patrick Sappa,@campellialbosaggia,Hotel Campelli,Albosaggia (SO),Albergo con ristorante,primo,2026-09-16-instagram-denkishift-lombardia.csv
2026-09-16,Patrick Sappa,@camper_land_3000_brescia_,Camper Land 3000,Brescia (BS),Camper,primo,2026-09-16-instagram-ricerca-lombardia.csv
2026-09-16,Patrick Sappa,@campinggardenia,Camping Gardenia,Domaso (CO),Campeggio,primo,2026-09-16-instagram-denkishift-lombardia.csv
2026-09-16,Patrick Sappa,@cantinaavanzi,Cantina Avanzi,Manerba del Garda (BS),Cantina e frantoio,primo,2026-09-16-instagram-ricerca-lombardia.csv
2026-09-16,Patrick Sappa,@casagherardi,Casa Gherardi,Bergamo (BG),Agenzia immobiliare,primo,2026-09-16-instagram-ricerca-lombardia.csv
2026-09-16,Patrick Sappa,@cascinabollate,Cascina Bollate,Milano (MI),Vivaio,primo,2026-09-16-instagram-ricerca-lombardia.csv
2026-09-16,Patrick Sappa,@cascinamirandola_como,Agriturismo Cascina Mirandola,Albese con Cassano (CO),Agriturismo con hotel e ristorante,primo,2026-09-16-instagram-denkishift-lombardia.csv
2026-09-16,Patrick Sappa,@centroesteticoesimee,Justine Nail Artist,Telgate (BG),Nail,primo,2026-09-16-instagram-siti-bergamo.csv
2026-09-16,Patrick Sappa,@colorificiobresciano,Colorificio Bresciano,Brescia (BS),Colorificio,primo,2026-09-16-instagram-ricerca-lombardia.csv
2026-09-16,Patrick Sappa,@cormararredamenti,Cormar Arredamenti,Cassano Magnago (VA),Arredamento,primo,2026-09-16-instagram-ricerca-lombardia.csv
2026-09-16,Patrick Sappa,@cotali_arredamenti,Cotali Arredamenti,Concesio (BS),Arredamento,primo,2026-09-16-instagram-ricerca-lombardia.csv
2026-09-16,Patrick Sappa,@custombeautynailstreviglio,Custom Beauty Nails,Treviglio (BG),Nail,primo,2026-09-16-instagram-siti-bergamo.csv
2026-09-16,Patrick Sappa,@dacaterinatoelettatura,Da Caterina Toelettatura,Olgiate Olona (VA),Toelettatura,recupero,2026-09-09-instagram-anello1-pet.csv
2026-09-16,Patrick Sappa,@dempavia,DEM Ristorante e Cocktail Bar,Pavia (PV),Ristorante e cocktail bar,primo,2026-09-16-instagram-denkishift-lombardia.csv
2026-09-16,Patrick Sappa,@dsbrescia,DS Store Brescia Gozzini,Brescia (BS),Concessionaria,primo,2026-09-16-instagram-ricerca-lombardia.csv
2026-09-16,Patrick Sappa,@dursomelissa_,Melissa D'Urso,Bergamo (BG),Ciglia e PMU,primo,2026-09-16-instagram-siti-bergamo.csv
2026-09-16,Patrick Sappa,@eli_lashandbrows,Eli Lash and Brows,Leffe (BG),Ciglia,primo,2026-09-16-instagram-siti-bergamo.csv
2026-09-16,Patrick Sappa,@emme_ci_arredamenti,Emme-Ci Arredamenti,Castegnato (BS),Arredamento,primo,2026-09-16-instagram-ricerca-lombardia.csv
2026-09-16,Patrick Sappa,@equipeimmobiliaremonzabrianza,Equipe Immobiliare,Biassono (MB),Agenzia immobiliare,primo,2026-09-16-instagram-ricerca-lombardia.csv
2026-09-16,Patrick Sappa,@estetica_e_benessere_treviglio,Estetica e Benessere di Natascia Dibenedetto,Treviglio (BG),Estetica,primo,2026-09-16-instagram-siti-bergamo.csv
2026-09-16,Patrick Sappa,@estetica_erica_,Estetica Erica,Zogno (BG),Estetica e ciglia,primo,2026-09-16-instagram-siti-bergamo.csv
2026-09-16,Patrick Sappa,@esteticadellanimadalmine,Estetica dell'Anima di Marta Pesenti,Dalmine (BG),Estetica,primo,2026-09-16-instagram-siti-bergamo.csv
2026-09-16,Patrick Sappa,@esteticaorietta,Estetica Orietta,Zogno (BG),Estetica,primo,2026-09-16-instagram-siti-bergamo.csv
2026-09-16,Patrick Sappa,@esteticaspeziali_bonatesopra,Estetica Farmacia Speziali,Bonate Sopra (BG),Estetica,primo,2026-09-16-instagram-siti-bergamo.csv
2026-09-16,Patrick Sappa,@etvoila_brembatesopra,Et Voilà Estetica,Brembate di Sopra (BG),Estetica,primo,2026-09-16-instagram-siti-bergamo.csv
2026-09-16,Patrick Sappa,@franzonipiscine_brescia,Franzoni Piscine,Ghedi (BS),Piscine,primo,2026-09-16-instagram-ricerca-lombardia.csv
2026-09-16,Patrick Sappa,@g.villa_monza,Concessionaria G. Villa,Monza (MB),Concessionaria,primo,2026-09-16-instagram-ricerca-lombardia.csv
2026-09-16,Patrick Sappa,@gelateriaorsi1983,Gelateria Orsi,Lodi (LO),Gelateria con laboratorio,primo,2026-09-16-instagram-denkishift-lombardia.csv
2026-09-16,Patrick Sappa,@gelatoalquadrato,Gelato al Quadrato,Bergamo (BG),Gelateria,recupero,2026-09-09-instagram-ristorazione-va-co-lc-bg.csv
2026-09-16,Patrick Sappa,@genzianellabormio,Alpine Chic Hotel Genzianella,Bormio (SO),Albergo con spa,primo,2026-09-16-instagram-denkishift-lombardia.csv
2026-09-16,Patrick Sappa,@gestimm.studio,Gestimm Studio,Bergamo (BG),Agenzia immobiliare,primo,2026-09-16-instagram-ricerca-lombardia.csv
2026-09-16,Patrick Sappa,@giusitruccopermanente,Giusi PMU,Bergamo (BG),PMU,primo,2026-09-16-instagram-siti-bergamo.csv
2026-09-16,Patrick Sappa,@gloriacassader_lashes,Gloria Cassader Lashes,Alzano Lombardo (BG),Ciglia,primo,2026-09-16-instagram-siti-bergamo.csv
2026-09-16,Patrick Sappa,@gomotorsmonza,Go Motors,Monza (MB),Concessionaria,primo,2026-09-16-instagram-ricerca-lombardia.csv
2026-09-16,Patrick Sappa,@gt_cars_brescia_,GT Cars,Quinzano d'Oglio (BS),Concessionaria usato,primo,2026-09-16-instagram-ricerca-lombardia.csv
2026-09-16,Patrick Sappa,@gusto_pavia,Gustò Pasticceria Bistrot,Pavia (PV),Pasticceria e bistrot,primo,2026-09-16-instagram-denkishift-lombardia.csv
2026-09-16,Patrick Sappa,@harmonysuitehotel,Harmony Suite Hotel,Selvino (BG),Albergo per famiglie,primo,2026-09-16-instagram-denkishift-lombardia.csv
2026-09-16,Patrick Sappa,@hibiscus.estetica_nails,Centro Estetico Hibiscus,Alzano Lombardo (BG),Estetica e nail,primo,2026-09-16-instagram-siti-bergamo.csv
2026-09-16,Patrick Sappa,@hihotelsirmione.it,Hi Hotel Sirmione,Sirmione (BS),Albergo con piscina,primo,2026-09-16-instagram-denkishift-lombardia.csv
2026-09-16,Patrick Sappa,@hillaryesteticaebenessere,Hillary Estetica e Benessere,Clusone (BG),Estetica avanzata,primo,2026-09-16-instagram-siti-bergamo.csv
2026-09-16,Patrick Sappa,@hotel.desiree.sirmione,Hotel Désirée,Sirmione (BS),Albergo con bistrot,primo,2026-09-16-instagram-denkishift-lombardia.csv
2026-09-16,Patrick Sappa,@hotel.florida.limone,Hotel Florida,Limone sul Garda (BS),Albergo,primo,2026-09-16-instagram-denkishift-lombardia.csv
2026-09-16,Patrick Sappa,@hotel_arabafenice_iseo,Hotel Araba Fenice,Iseo (BS),Albergo con ristorante,primo,2026-09-16-instagram-denkishift-lombardia.csv
2026-09-16,Patrick Sappa,@hotelandossi,Hotel Andossi,Madesimo (SO),Albergo con spa,primo,2026-09-16-instagram-denkishift-lombardia.csv
2026-09-16,Patrick Sappa,@hotelbellevuegardone,Hotel Bellevue,Gardone Riviera (BS),Albergo,primo,2026-09-16-instagram-denkishift-lombardia.csv
2026-09-16,Patrick Sappa,@hotelbelvederemanerba,Hotel Belvedere,Manerba del Garda (BS),Albergo con ristorante,primo,2026-09-16-instagram-denkishift-lombardia.csv
2026-09-16,Patrick Sappa,@hotelbivio_livigno,Bivio Plaza Hotel,Livigno (SO),Albergo con ristorante e spa,primo,2026-09-16-instagram-denkishift-lombardia.csv
2026-09-16,Patrick Sappa,@hotelbrescia_boario,Hotel Brescia,Darfo Boario Terme (BS),Albergo con ristorante,primo,2026-09-16-instagram-denkishift-lombardia.csv
2026-09-16,Patrick Sappa,@hotelcaravellimone,Hotel Caravel,Limone sul Garda (BS),Albergo con ristorante,primo,2026-09-16-instagram-denkishift-lombardia.csv
2026-09-16,Patrick Sappa,@hoteldesenzano,Hotel Desenzano,Desenzano del Garda (BS),Albergo,primo,2026-09-16-instagram-denkishift-lombardia.csv
2026-09-16,Patrick Sappa,@hoteldulacbellagio,Hotel Du Lac & Spa,Bellagio (CO),Albergo con ristoranti,recupero,2026-09-10-instagram-denkishift-va-co-lc-bg.csv
2026-09-16,Patrick Sappa,@hoteledensalo,Hotel Eden Salò,Salò (BS),Albergo,primo,2026-09-16-instagram-denkishift-lombardia.csv
2026-09-16,Patrick Sappa,@hotelfuniviabormio,Funivia Active Hotel,Bormio (SO),Albergo con ristorante e spa,primo,2026-09-16-instagram-denkishift-lombardia.csv
2026-09-16,Patrick Sappa,@hotelgallilivigno,Hotel Galli,Livigno (SO),Albergo con ristorante,primo,2026-09-16-instagram-denkishift-lombardia.csv
2026-09-16,Patrick Sappa,@hotellaurin,Hotel Laurin,Salò (BS),Albergo con ristorante,primo,2026-09-16-instagram-denkishift-lombardia.csv
2026-09-16,Patrick Sappa,@hotelrivieralimone,Hotel Riviera,Limone sul Garda (BS),Albergo con spa,primo,2026-09-16-instagram-denkishift-lombardia.csv
2026-09-16,Patrick Sappa,@hotelsaloduparc,Hotel Salò Du Parc,Salò (BS),Albergo con ristorante,primo,2026-09-16-instagram-denkishift-lombardia.csv
2026-09-16,Patrick Sappa,@hotelsirmione,Hotel Ca' Serena,Sirmione (BS),Albergo,primo,2026-09-16-instagram-denkishift-lombardia.csv
2026-09-16,Patrick Sappa,@il_ritaglio,L'Atelier del Tendaggio,Chiuduno (BG),Tendaggi,primo,2026-09-16-instagram-ricerca-lombardia.csv
2026-09-16,Patrick Sappa,@ilcontadino_brescia,Il Contadino,Brescia (BS),Gastronomia e ortofrutta,primo,2026-09-16-instagram-ricerca-lombardia.csv
2026-09-16,Patrick Sappa,@ilgiardinoagriturismo,Il Giardino Agriturismo,Isorella (BS),Agriturismo con eventi,primo,2026-09-16-instagram-denkishift-lombardia.csv
2026-09-16,Patrick Sappa,@ilsalone_delle_unghie_verdello,Il Salone delle Unghie di Rozalinda Paci,Verdello (BG),Nail,primo,2026-09-16-instagram-siti-bergamo.csv
2026-09-16,Patrick Sappa,@impresaedilepievani,Pievani Impresa Edile,Sorisole (BG),Impresa edile,primo,2026-09-16-instagram-ricerca-lombardia.csv
2026-09-16,Patrick Sappa,@iness_rudak_estetista,Iness Rudak PMU Expert,Treviglio (BG),PMU,primo,2026-09-16-instagram-siti-bergamo.csv
2026-09-16,Patrick Sappa,@iron_istituto_di_vigilanza,Iron Istituto di Vigilanza,Paratico (BS),Vigilanza privata,primo,2026-09-16-instagram-denkishift-lombardia.csv
2026-09-16,Patrick Sappa,@iseolagohotel,Iseolago Hotel,Iseo (BS),Albergo con ristorante e spa,primo,2026-09-16-instagram-denkishift-lombardia.csv
2026-09-16,Patrick Sappa,@istitutodibellezzalafenice,Istituto di Bellezza La Fenice,Treviglio (BG),Estetica avanzata,primo,2026-09-16-instagram-siti-bergamo.csv
2026-09-16,Patrick Sappa,@italhomebergamo,Ital Home,Bergamo (BG),Agenzia immobiliare,primo,2026-09-16-instagram-ricerca-lombardia.csv
2026-09-16,Patrick Sappa,@joiss.creation,Joice Estefania,Verdello (BG),Nail e ciglia,primo,2026-09-16-instagram-siti-bergamo.csv
2026-09-16,Patrick Sappa,@juliapareestetica,Centro Estetico Julia Pare,Bergamo (BG),Estetica,primo,2026-09-16-instagram-siti-bergamo.csv
2026-09-16,Patrick Sappa,@la_coldana,Ristorante La Coldana,Lodi (LO),Ristorante,primo,2026-09-16-instagram-denkishift-lombardia.csv
2026-09-16,Patrick Sappa,@lakehotellapieve,Lake Hotel La Pieve,Pisogne (BS),Albergo con spa,primo,2026-09-16-instagram-denkishift-lombardia.csv
2026-09-16,Patrick Sappa,@laplayatreviglio,La Playa Solarium Estetica,Treviglio (BG),Solarium ed estetica,primo,2026-09-16-instagram-siti-bergamo.csv
2026-09-16,Patrick Sappa,@lash.angy_,Angelica Teli Lash e PMU,Bergamo (BG),Ciglia e PMU,primo,2026-09-16-instagram-siti-bergamo.csv
2026-09-16,Patrick Sappa,@lash_studio_elvita_solis,Elvita Lash e PMU,Bergamo (BG),Ciglia e PMU,primo,2026-09-16-instagram-siti-bergamo.csv
2026-09-16,Patrick Sappa,@lashbergamo_lashmama_kristina,Kristina Lash Mama,Bergamo (BG),Ciglia e PMU,primo,2026-09-16-instagram-siti-bergamo.csv
2026-09-16,Patrick Sappa,@lashes.chernobai,Kateryna Chernobai Lashes,Cologno al Serio (BG),Ciglia,primo,2026-09-16-instagram-siti-bergamo.csv
2026-09-16,Patrick Sappa,@lashlamipmu_bg,Lash Lami PMU,Bergamo (BG),Ciglia e PMU,primo,2026-09-16-instagram-siti-bergamo.csv
2026-09-16,Patrick Sappa,@lashlovers_studio_,Lash Lovers Studio,Bergamo (BG),Ciglia,primo,2026-09-16-instagram-siti-bergamo.csv
2026-09-16,Patrick Sappa,@lautomobiledinascimbeni,Nascimbeni Auto,Ghedi (BS),Concessionaria,primo,2026-09-16-instagram-ricerca-lombardia.csv
2026-09-16,Patrick Sappa,@lavajetsnc,Lavajet,Como (CO),Lavanderia industriale,primo,2026-09-16-instagram-denkishift-lombardia.csv
2026-09-16,Patrick Sappa,@laze_lavanderiaindustriale,Laze Italia,Milano (MI),Lavanderia industriale,primo,2026-09-16-instagram-denkishift-lombardia.csv
2026-09-16,Patrick Sappa,@legnani_arredamenti,Legnani Arredamenti,Cassano d'Adda (MI),Arredamento e cucine,primo,2026-09-16-instagram-ricerca-lombardia.csv
2026-09-16,Patrick Sappa,@llashed.it,Llashed,Bergamo (BG),Ciglia,primo,2026-09-16-instagram-siti-bergamo.csv
2026-09-16,Patrick Sappa,@lodauto,Lodauto,Bergamo (BG),Concessionaria,primo,2026-09-16-instagram-ricerca-lombardia.csv
2026-09-16,Patrick Sappa,@lodi_farm,Azienda Agricola Lodi,Lodi (LO),Azienda agricola,primo,2026-09-16-instagram-ricerca-lombardia.csv
2026-09-16,Patrick Sappa,@lozitoottica,Lozito Ottica,Carnate (MB),Ottica,primo,2026-09-16-instagram-ricerca-lombardia.csv
2026-09-16,Patrick Sappa,@m.g.calzature.vigevano,M.G. Calzature,Vigevano (PV),Calzaturificio,primo,2026-09-16-instagram-ricerca-lombardia.csv
2026-09-16,Patrick Sappa,@m.p.nailstudio,Mariangela Personeni Nail Artist,Bergamo (BG),Nail,primo,2026-09-16-instagram-siti-bergamo.csv
2026-09-16,Patrick Sappa,@madeforyournails,Alessia Napoletano Onicotecnica,Ponte San Pietro (BG),Nail,primo,2026-09-16-instagram-siti-bergamo.csv
2026-09-16,Patrick Sappa,@magentaimmobili,Magenta Immobili,Brescia (BS),Agenzia immobiliare,primo,2026-09-16-instagram-ricerca-lombardia.csv
2026-09-16,Patrick Sappa,@mary_brows_bergamo,MG Extension Ciglia,Bergamo (BG),Ciglia,primo,2026-09-16-instagram-siti-bergamo.csv
2026-09-16,Patrick Sappa,@mirabella.beautystudio,Mira Estetica Avanzata,Caravaggio (BG),Estetica avanzata,primo,2026-09-16-instagram-siti-bergamo.csv
2026-09-16,Patrick Sappa,@miramontiparkhotel,Miramonti Park Hotel,Bormio (SO),Albergo con ristorante e spa,primo,2026-09-16-instagram-denkishift-lombardia.csv
2026-09-16,Patrick Sappa,@mobili_zanni,Mobili Zanni,Vobarno (BS),Arredamento,primo,2026-09-16-instagram-ricerca-lombardia.csv
2026-09-16,Patrick Sappa,@moioli.arredamenti,Moioli Arredamenti,Orio al Serio (BG),Arredamento,primo,2026-09-16-instagram-ricerca-lombardia.csv
2026-09-16,Patrick Sappa,@montchaletnevada,Mont Chalet Nevada,Livigno (SO),Albergo con spa,primo,2026-09-16-instagram-denkishift-lombardia.csv
2026-09-16,Patrick Sappa,@morris_tessitura_como,Morris JQ Tex,Como (CO),Tessitura,primo,2026-09-16-instagram-ricerca-lombardia.csv
2026-09-16,Patrick Sappa,@nail.art.twins,Twins Nail Art,Bergamo (BG),Nail,primo,2026-09-16-instagram-siti-bergamo.csv
2026-09-16,Patrick Sappa,@nail.lab_bymartina,Nail Lab by Martina,Bergamo (BG),Nail,primo,2026-09-16-instagram-siti-bergamo.csv
2026-09-16,Patrick Sappa,@nails_seriate,Nails Seriate,Seriate (BG),Nail,primo,2026-09-16-instagram-siti-bergamo.csv
2026-09-16,Patrick Sappa,@nailservice_lombardy,Victoria Nail Service,Bergamo (BG),Nail,primo,2026-09-16-instagram-siti-bergamo.csv
2026-09-16,Patrick Sappa,@nataly.extensionciglia,Nataly Extension Ciglia,Treviglio (BG),Ciglia,primo,2026-09-16-instagram-siti-bergamo.csv
2026-09-16,Patrick Sappa,@newcarshop.ncs,NewCarShop,Milano (MI),Concessionaria usato,primo,2026-09-16-instagram-ricerca-lombardia.csv
2026-09-16,Patrick Sappa,@newcleansantos,New Clean Santos,Rho (MI),Impresa di pulizie,primo,2026-09-16-instagram-denkishift-lombardia.csv
2026-09-16,Patrick Sappa,@norisottica,Noris Ottica,Bergamo (BG),Ottica,primo,2026-09-16-instagram-ricerca-lombardia.csv
2026-09-16,Patrick Sappa,@odabeauty.bergamo,Oda Beauty,Bergamo (BG),Estetica e nail,primo,2026-09-16-instagram-siti-bergamo.csv
2026-09-16,Patrick Sappa,@onoranzefunebrisanraffaele,Onoranze Funebri San Raffaele,Vimodrone (MI),Onoranze funebri,primo,2026-09-16-instagram-ricerca-lombardia.csv
2026-09-16,Patrick Sappa,@onoranzefunebrisimonettamilano,Impresa Simonetta,Milano (MI),Onoranze funebri,primo,2026-09-16-instagram-ricerca-lombardia.csv
2026-09-16,Patrick Sappa,@orma.beauty_treviglio,Orma Beauty,Treviglio (BG),Estetica avanzata,primo,2026-09-16-instagram-siti-bergamo.csv
2026-09-16,Patrick Sappa,@otticabarzaghi,Ottica Barzaghi,Monza (MB),Ottica,primo,2026-09-16-instagram-ricerca-lombardia.csv
2026-09-16,Patrick Sappa,@otticabrescia,Ottica Brescia,Brescia (BS),Ottica,primo,2026-09-16-instagram-ricerca-lombardia.csv
2026-09-16,Patrick Sappa,@otticarenzo,Ottica Renzo,Brescia (BS),Ottica,primo,2026-09-16-instagram-ricerca-lombardia.csv
2026-09-16,Patrick Sappa,@panificiof.llicremona,Panificio F.lli Cremona,Lonate Ceppino (VA),Panificio con laboratorio,primo,2026-09-16-instagram-denkishift-lombardia.csv
2026-09-16,Patrick Sappa,@parisinails,Lorenza Parisi Nails,Bergamo (BG),Nail,primo,2026-09-16-instagram-siti-bergamo.csv
2026-09-16,Patrick Sappa,@parkhoteldesenzano,Park Hotel Desenzano,Desenzano del Garda (BS),Albergo,primo,2026-09-16-instagram-denkishift-lombardia.csv
2026-09-16,Patrick Sappa,@pasticceriabetti,Pasticceria Betti,Cremona (CR),Pasticceria con laboratorio,primo,2026-09-16-instagram-denkishift-lombardia.csv
2026-09-16,Patrick Sappa,@pasticceriavigoni,Pasticceria Vigoni,Pavia (PV),Pasticceria con laboratorio,primo,2026-09-16-instagram-denkishift-lombardia.csv
2026-09-16,Patrick Sappa,@pastificio_ratana,Pastificio Ratanà,Milano (MI),Pastificio,primo,2026-09-16-instagram-ricerca-lombardia.csv
2026-09-16,Patrick Sappa,@pulineon_milano,Pulineon,Milano (MI),Insegne,primo,2026-09-16-instagram-ricerca-lombardia.csv
2026-09-16,Patrick Sappa,@pulisan_it,Pulisan,Albavilla (CO),Impresa di pulizie,primo,2026-09-16-instagram-denkishift-lombardia.csv
2026-09-16,Patrick Sappa,@remedia.estetica.clusone,Remedia Estetica,Clusone (BG),Estetica,primo,2026-09-16-instagram-siti-bergamo.csv
2026-09-16,Patrick Sappa,@ristorantemateriaprima_mantova,Ristorante Materiaprima,Mantova (MN),Ristorante con camere,primo,2026-09-16-instagram-denkishift-lombardia.csv
2026-09-16,Patrick Sappa,@romea.pavia,Romea Pasticceria e Gelateria,Pavia (PV),Pasticceria con laboratorio,primo,2026-09-16-instagram-denkishift-lombardia.csv
2026-09-16,Patrick Sappa,@rossignoli_ottica,Ottica Rossignoli,Bergamo (BG),Ottica,primo,2026-09-16-instagram-ricerca-lombardia.csv
2026-09-16,Patrick Sappa,@rudecoffee.it,Rude Coffee,Milano (MI),Torrefazione,primo,2026-09-16-instagram-ricerca-lombardia.csv
2026-09-16,Patrick Sappa,@sacro_volto_of,Onoranze Funebri Sacro Volto,Milano (MI),Onoranze funebri,primo,2026-09-16-instagram-ricerca-lombardia.csv
2026-09-16,Patrick Sappa,@saralashtech,Sara Lash Tech,Stezzano (BG),Ciglia,primo,2026-09-16-instagram-siti-bergamo.csv
2026-09-16,Patrick Sappa,@shaddai_extensionlash,Shaddai Extension Lash,Bergamo (BG),Ciglia,primo,2026-09-16-instagram-siti-bergamo.csv
2026-09-16,Patrick Sappa,@silvanaferrettiestetica,Silvana Ferretti Estetista,Urgnano (BG),Estetica avanzata,primo,2026-09-16-instagram-siti-bergamo.csv
2026-09-16,Patrick Sappa,@spazio_arredamenti_2.0,Spazio Arredamenti 2.0,Bergamo (BG),Arredamento,primo,2026-09-16-instagram-ricerca-lombardia.csv
2026-09-16,Patrick Sappa,@svenailart,Svetlana Nail Artist,Dalmine (BG),Nail,primo,2026-09-16-instagram-siti-bergamo.csv
2026-09-16,Patrick Sappa,@tessutimaritexcomo,Maritex,Cadorago (CO),Tessuti,primo,2026-09-16-instagram-ricerca-lombardia.csv
2026-09-16,Patrick Sappa,@ulyana.nails.mozzo,Ulyana Nails,Mozzo (BG),Nail e PMU,primo,2026-09-16-instagram-siti-bergamo.csv
2026-09-16,Patrick Sappa,@unghie_arcene,Unghie Arcene,Arcene (BG),Nail,primo,2026-09-16-instagram-siti-bergamo.csv
2026-09-16,Patrick Sappa,@unghiettee,Unghiettee,Bergamo (BG),Nail,primo,2026-09-16-instagram-siti-bergamo.csv
2026-09-16,Patrick Sappa,@varcofordmilano,Varco Ford Milano,Milano (MI),Concessionaria,primo,2026-09-16-instagram-ricerca-lombardia.csv
2026-09-16,Patrick Sappa,@venetacucinebergamotreviglio,Veneta Cucine Bergamo e Treviglio,Bergamo (BG),Arredamento e cucine,primo,2026-09-16-instagram-ricerca-lombardia.csv
2026-09-16,Patrick Sappa,@villarosadesenzano,Villa Rosa Hotel,Desenzano del Garda (BS),Albergo con ristorante,primo,2026-09-16-instagram-denkishift-lombardia.csv
2026-09-16,Patrick Sappa,@vivaio.punto.verde.milano,Vivaio Punto Verde,Milano (MI),Vivaio,primo,2026-09-16-instagram-ricerca-lombardia.csv
2026-09-16,Patrick Sappa,@viviannaestetica,ViviAnna Estetica e Benessere,Sarnico (BG),Estetica,primo,2026-09-16-instagram-siti-bergamo.csv
2026-09-16,Patrick Sappa,@yanart.brows,Yanart Brows,Bergamo (BG),PMU,primo,2026-09-16-instagram-siti-bergamo.csv
2026-09-17,Patrick Sappa,@2gbeautycenter_fossano,2G Beauty Center di Tonelli Patrizia,Fossano (CN),Estetica,primo,2026-09-17-instagram-siti-piemonte.csv
2026-09-17,Patrick Sappa,@aijonails,Aijo Nails,Torino (TO),Nail,primo,2026-09-17-instagram-siti-piemonte.csv
2026-09-17,Patrick Sappa,@aly.angelnailstudio,"Alessia Mazzitelli, Angel Nail Studio",Torino (TO),Nail,primo,2026-09-17-instagram-siti-piemonte.csv
2026-09-17,Patrick Sappa,@amati._beautysalon,Amati Beauty Salon di Greta,San Benigno Canavese (TO),Nail ed estetica,primo,2026-09-17-instagram-siti-piemonte.csv
2026-09-17,Patrick Sappa,@anastasia.nailstudio,A.Z Nail Studio,Novi Ligure (AL),Nail,primo,2026-09-17-instagram-siti-piemonte.csv
2026-09-17,Patrick Sappa,@anastasis_nail_rituals,Anastasis Nail Rituals di Letizia,Novi Ligure (AL),Nail,primo,2026-09-17-instagram-siti-piemonte.csv
2026-09-17,Patrick Sappa,@andreeapetcu_nailsbeautybiella,Andreea Loredana Petcu,Biella (BI),Nail,primo,2026-09-17-instagram-siti-piemonte.csv
2026-09-17,Patrick Sappa,@angela_esthetique,Angela Esthetique,Alessandria (AL),Estetica avanzata e PMU,primo,2026-09-17-instagram-siti-piemonte.csv
2026-09-17,Patrick Sappa,@anita_santorsola_pinerolo,Estetica Anita Santorsola,Pinerolo (TO),Estetica,primo,2026-09-17-instagram-siti-piemonte.csv
2026-09-17,Patrick Sappa,@ann_blar_lashes,Ann Blar Lashes,Alessandria (AL),Ciglia,primo,2026-09-17-instagram-siti-piemonte.csv
2026-09-17,Patrick Sappa,@arves_serramenti,ARVES Ambienti & Serramenti,Uggiate con Ronago (CO),Serramenti,primo,2026-09-17-instagram-ricerca-lombardia.csv
2026-09-17,Patrick Sappa,@ary.masterunghie,"Arianna Alba, onicotecnica",Alessandria (AL),Nail e corsi,primo,2026-09-17-instagram-siti-piemonte.csv
2026-09-17,Patrick Sappa,@bea._nailss,"Beatrice Cerullo, unghie",Grugliasco (TO),Nail,primo,2026-09-17-instagram-siti-piemonte.csv
2026-09-17,Patrick Sappa,@beauty_house_torino,Beauty House,Torino (TO),Estetica e PMU,primo,2026-09-17-instagram-siti-piemonte.csv
2026-09-17,Patrick Sappa,@beauty_studio_giaveno,Beauty Studio Giaveno,Giaveno (TO),Estetica,primo,2026-09-17-instagram-siti-piemonte.csv
2026-09-17,Patrick Sappa,@beautyconceptsaluzzo,Beauty Concept di Lorena Rinaudo,Saluzzo (CN),Estetica,primo,2026-09-17-instagram-siti-piemonte.csv
2026-09-17,Patrick Sappa,@beautyplanetortona,Beauty Planet,Tortona (AL),Estetica e nail,primo,2026-09-17-instagram-siti-piemonte.csv
2026-09-17,Patrick Sappa,@beautytech_torino,BeautyTech Torino,Torino (TO),Estetica avanzata,primo,2026-09-17-instagram-siti-piemonte.csv
2026-09-17,Patrick Sappa,@beniscostruzioni_,Benis Costruzioni,Telgate (BG),Impresa edile,primo,2026-09-17-instagram-ricerca-lombardia.csv
2026-09-17,Patrick Sappa,@caseificio_fiordilatte_milano,Caseificio Fiordilatte,Milano (MI),Caseificio,primo,2026-09-17-instagram-ricerca-lombardia.csv
2026-09-17,Patrick Sappa,@cb_nailtechnician,CB Nail Technician,Torino (TO),Nail,primo,2026-09-17-instagram-siti-piemonte.csv
2026-09-17,Patrick Sappa,@cesteticcharme_asti,Centro Estetico Charme di Soldan Enrica,Asti (AT),Estetica,primo,2026-09-17-instagram-siti-piemonte.csv
2026-09-17,Patrick Sappa,@clinica_bellezza_e_corpo_so_be,SO BE Beauty & Body Clinic,Rivarolo Canavese (TO),Estetica,primo,2026-09-17-instagram-siti-piemonte.csv
2026-09-17,Patrick Sappa,@cooperativa.sociolario,Cooperativa Sociolario,Como (CO),Cooperativa sociale,primo,2026-09-17-instagram-denkishift-lombardia.csv
2026-09-17,Patrick Sappa,@costruzionibonardistefano,Costruzioni Bonardi Stefano,Sarnico (BG),Edilizia,primo,2026-09-17-instagram-ricerca-lombardia.csv
2026-09-17,Patrick Sappa,@credamilano,CreDa Milano,Milano (MI),Gastronomia,primo,2026-09-17-instagram-denkishift-lombardia.csv
2026-09-17,Patrick Sappa,@dea_impianti_elettrici,D&A Impianti Elettrici,Cocquio Trevisago (VA),Impianti elettrici industriali,primo,2026-09-17-instagram-ricerca-lombardia.csv
2026-09-17,Patrick Sappa,@denisemonteartist,"Denise Monte, onicotecnica e trainer",Borgomanero (NO),Nail e formazione,primo,2026-09-17-instagram-siti-piemonte.csv
2026-09-17,Patrick Sappa,@dgsolutioncomo,DG Solution,Cantù (CO),Stampa digitale,primo,2026-09-17-instagram-ricerca-lombardia.csv
2026-09-17,Patrick Sappa,@dragonfly_estetica,Dragonfly Beauty & Relax,Casale Monferrato (AL),Estetica,primo,2026-09-17-instagram-siti-piemonte.csv
2026-09-17,Patrick Sappa,@edilcomasca,Edilcomasca,Vertemate con Minoprio (CO),Impresa edile,primo,2026-09-17-instagram-ricerca-lombardia.csv
2026-09-17,Patrick Sappa,@edilone_bergamo,Edilone Bergamo,Lurano (BG),Impresa edile,primo,2026-09-17-instagram-ricerca-lombardia.csv
2026-09-17,Patrick Sappa,@estea_omegna,Estea Centro Estetico,Omegna (VB),Estetica e nail,primo,2026-09-17-instagram-siti-piemonte.csv
2026-09-17,Patrick Sappa,@esteticamentechivasso,Esteticamente Chivasso,Chivasso (TO),Estetica avanzata,primo,2026-09-17-instagram-siti-piemonte.csv
2026-09-17,Patrick Sappa,@esteticaserendipity,Estetica Serendipity di Marialaura Gigliotti,Torino (TO),Estetica avanzata,primo,2026-09-17-instagram-siti-piemonte.csv
2026-09-17,Patrick Sappa,@etna_pasticceria_graniteria,Etna Pasticceria Graniteria,Brescia (BS),Pasticceria con laboratorio,primo,2026-09-17-instagram-denkishift-lombardia.csv
2026-09-17,Patrick Sappa,@evolve.estetica,Evolve Estetica,Chieri (TO),Estetica avanzata,primo,2026-09-17-instagram-siti-piemonte.csv
2026-09-17,Patrick Sappa,@fede_nails_pinerolo,"Federica, ricostruzione unghie",Pinerolo (TO),Nail,primo,2026-09-17-instagram-siti-piemonte.csv
2026-09-17,Patrick Sappa,@gastronomiadelcorsovarese,Gastronomia del Corso,Varese (VA),Gastronomia e salumeria,primo,2026-09-17-instagram-denkishift-lombardia.csv
2026-09-17,Patrick Sappa,@giulia_golden_lashes_torino,"Giulia Palermo, extension ciglia",Moncalieri (TO),Ciglia,primo,2026-09-17-instagram-siti-piemonte.csv
2026-09-17,Patrick Sappa,@guerrilla.boratory,Guerrillab,Cernusco sul Naviglio (MI),Serigrafia e stampa,primo,2026-09-17-instagram-ricerca-lombardia.csv
2026-09-17,Patrick Sappa,@herplace.atelier,Her Place Atelier,Asti (AT),Nail,primo,2026-09-17-instagram-siti-piemonte.csv
2026-09-17,Patrick Sappa,@imasgrafica,IMAS Grafica,Abbiategrasso (MI),Distribuzione per la stampa,primo,2026-09-17-instagram-ricerca-lombardia.csv
2026-09-17,Patrick Sappa,@janet.nails_art,Janet Nails Art,Novi Ligure (AL),Nail,primo,2026-09-17-instagram-siti-piemonte.csv
2026-09-17,Patrick Sappa,@kelart_nails_venaria,"Michela, Kel Art Nails",Venaria Reale (TO),Nail,primo,2026-09-17-instagram-siti-piemonte.csv
2026-09-17,Patrick Sappa,@kia_nail_beauty,Kia Nail Beauty,Nichelino (TO),Nail,primo,2026-09-17-instagram-siti-piemonte.csv
2026-09-17,Patrick Sappa,@la.rosa.del.deserto.estetica,La Rosa del Deserto di Monica Isoardi,Savigliano (CN),Estetica,primo,2026-09-17-instagram-siti-piemonte.csv
2026-09-17,Patrick Sappa,@lafontedellagiovinezza,La Fonte della Giovinezza,Asti (AT),Estetica avanzata,primo,2026-09-17-instagram-siti-piemonte.csv
2026-09-17,Patrick Sappa,@luxurynailslashesnovara,"Barbara, Vibi Luxury",Novara (NO),PMU e ciglia,primo,2026-09-17-instagram-siti-piemonte.csv
2026-09-17,Patrick Sappa,@magnoliaesteticavercelli,Magnolia Estetica,Vercelli (VC),Estetica,primo,2026-09-17-instagram-siti-piemonte.csv
2026-09-17,Patrick Sappa,@martinails022,MartiNails,Novi Ligure (AL),Nail,primo,2026-09-17-instagram-siti-piemonte.csv
2026-09-17,Patrick Sappa,@miami_leini,Miami Hairs&Beauty,Leinì (TO),Parrucchiere ed estetica,primo,2026-09-17-instagram-siti-piemonte.csv
2026-09-17,Patrick Sappa,@mimakibompantextile,Mimaki Bompan Textile,Tradate (VA),Stampa digitale tessile,primo,2026-09-17-instagram-ricerca-lombardia.csv
2026-09-17,Patrick Sappa,@mlc_packaging,MLC Packaging,Desenzano del Garda (BS),Packaging,primo,2026-09-17-instagram-ricerca-lombardia.csv
2026-09-17,Patrick Sappa,@moni_unghie_chivasso,"Monique Guinho, manicure e pedicure",Chivasso (TO),Nail,primo,2026-09-17-instagram-siti-piemonte.csv
2026-09-17,Patrick Sappa,@my_estetica_e_benessere,My Estetica & Benessere,Asti (AT),Estetica e nail,primo,2026-09-17-instagram-siti-piemonte.csv
2026-09-17,Patrick Sappa,@nails_by_.adelina,Adelina Nails,Alessandria (AL),Nail,primo,2026-09-17-instagram-siti-piemonte.csv
2026-09-17,Patrick Sappa,@ovunquenails,Ovunque Nails,Settimo Torinese (TO),Nail,primo,2026-09-17-instagram-siti-piemonte.csv
2026-09-17,Patrick Sappa,@pasticceria_rovida_milano,Pasticceria Rovida,Milano (MI),Pasticceria con laboratorio,primo,2026-09-17-instagram-denkishift-lombardia.csv
2026-09-17,Patrick Sappa,@patricianailstorino,Patricia Nails,Torino (TO),Nail,primo,2026-09-17-instagram-siti-piemonte.csv
2026-09-17,Patrick Sappa,@posh_estetica,Posh Estetica,Torino (TO),Estetica,primo,2026-09-17-instagram-siti-piemonte.csv
2026-09-17,Patrick Sappa,@potalagastro_gastronomia,Pota La Gastro,Prevalle (BS),Gastronomia con laboratorio,primo,2026-09-17-instagram-denkishift-lombardia.csv
2026-09-17,Patrick Sappa,@pulsazione_fossano,"Pulsazione, estetica avanzata",Fossano (CN),Estetica avanzata,primo,2026-09-17-instagram-siti-piemonte.csv
2026-09-17,Patrick Sappa,@quelladelleunghie_asti,"Simona Cantalupo, onicotecnica",Asti (AT),Nail,primo,2026-09-17-instagram-siti-piemonte.csv
2026-09-17,Patrick Sappa,@ravelli_service,Ravelli Service,Bergamo (BG),Macchine per cucire e ricamo,primo,2026-09-17-instagram-ricerca-lombardia.csv
2026-09-17,Patrick Sappa,@salottoromaestetica,Salotto Roma Estetica,Chieri (TO),Estetica,primo,2026-09-17-instagram-siti-piemonte.csv
2026-09-17,Patrick Sappa,@serifot_serigrafia_decorazioni,Serifot Serigrafia e Stampa,Verolavecchia (BS),Serigrafia,primo,2026-09-17-instagram-ricerca-lombardia.csv
2026-09-17,Patrick Sappa,@smile.nails2024,Smile Nails,Torino (TO),Nail ed estetica,primo,2026-09-17-instagram-siti-piemonte.csv
2026-09-17,Patrick Sappa,@super_321nails,Super 321 Nails,Alessandria (AL),Nail,primo,2026-09-17-instagram-siti-piemonte.csv
2026-09-17,Patrick Sappa,@ybeautyestetica,Y Beauty di Yailen Blanco,Pinerolo (TO),Estetica,primo,2026-09-17-instagram-siti-piemonte.csv
2026-09-18,Patrick Sappa,@_edilzetasrl,Edilzeta,Fagnano Olona (VA),Impresa edile,primo,2026-09-17-instagram-ricerca-lombardia.csv
2026-09-18,Patrick Sappa,@addacostruzioni2001.srl,Adda Costruzioni 2001,Cassano d'Adda (MI),Impresa edile,primo,2026-09-17-instagram-ricerca-lombardia.csv
2026-09-18,Patrick Sappa,@al_caseificio_crema,Al Caseificio,Crema (CR),Caseificio,primo,2026-09-17-instagram-ricerca-lombardia.csv
2026-09-18,Patrick Sappa,@alminimilano,Almini Milano Cartotecnica,Milano (MI),Cartotecnica,primo,2026-09-17-instagram-ricerca-lombardia.csv
2026-09-18,Patrick Sappa,@amer.estintori.legnano_mi,AMER Impianti Antincendio,Legnano (MI),Antincendio,primo,2026-09-17-instagram-ricerca-lombardia.csv
2026-09-18,Patrick Sappa,@ams_costruzioni,AMS Costruzioni Edili,Bergamo (BG),Impresa edile,primo,2026-09-17-instagram-ricerca-lombardia.csv
2026-09-18,Patrick Sappa,@aziendagricola_bonanza,Azienda Agricola Bonanza,Lomagna (LC),Azienda agricola con vendita,primo,2026-09-17-instagram-ricerca-lombardia.csv
2026-09-18,Patrick Sappa,@b.g.m_srl,BGM Carpenteria Metallica,Brescia (BS),Carpenteria metallica,primo,2026-09-17-instagram-ricerca-lombardia.csv
2026-09-18,Patrick Sappa,@bclean_brescia,B-CLEAN Impresa di pulizie,Brescia (BS),Impresa di pulizie,recupero,2026-09-13-instagram-denkishift-lombardia.csv
2026-09-18,Patrick Sappa,@beati_costruzionisrl,Beati Costruzioni,Carobbio degli Angeli (BG),Impresa edile,primo,2026-09-17-instagram-ricerca-lombardia.csv
2026-09-18,Patrick Sappa,@cabriniecarrara_srl,Cabrini e Carrara,Nembro (BG),Impresa edile,primo,2026-09-17-instagram-ricerca-lombardia.csv
2026-09-18,Patrick Sappa,@dianails_brescia,Diana Brescia Unghie,Brescia (BS),Nail e PMU,recupero,2026-09-13-instagram-siti-brescia.csv
2026-09-18,Patrick Sappa,@dpitaliasrl,DPI Italia,Lissone (MB),Forniture per la stampa,primo,2026-09-17-instagram-ricerca-lombardia.csv
2026-09-18,Patrick Sappa,@edil3costruzionisrl,Edil 3 Costruzioni,Sondrio (SO),Impresa edile,primo,2026-09-17-instagram-ricerca-lombardia.csv
2026-09-18,Patrick Sappa,@edil_62,Edil 62,Berzo San Fermo (BG),Edilizia e pavimenti industriali,primo,2026-09-17-instagram-ricerca-lombardia.csv
2026-09-18,Patrick Sappa,@edilida_srl,Edilida,Travagliato (BS),Impresa edile,primo,2026-09-17-instagram-ricerca-lombardia.csv
2026-09-18,Patrick Sappa,@falegnameria_rotaluigi,Falegnameria Rota Luigi,Ubiale Clanezzo (BG),Falegnameria,primo,2026-09-17-instagram-ricerca-lombardia.csv
2026-09-18,Patrick Sappa,@falegnameriachiaramonti,Falegnameria Chiaramonti,Lonato del Garda (BS),Falegnameria,primo,2026-09-17-instagram-ricerca-lombardia.csv
2026-09-18,Patrick Sappa,@gediltek.srl.c.gioffredo,Gediltek,Milano (MI),Impresa edile,primo,2026-09-17-instagram-ricerca-lombardia.csv
2026-09-18,Patrick Sappa,@giustacchinipackaging,Giustacchini Packaging,Brescia (BS),Packaging,primo,2026-09-17-instagram-ricerca-lombardia.csv
2026-09-18,Patrick Sappa,@global.antincendi,Global Antincendi,Abbiategrasso (MI),Antincendio,primo,2026-09-17-instagram-ricerca-lombardia.csv
2026-09-18,Patrick Sappa,@graficalastampa.it,Grafica La Stampa,Erba (CO),Tipografia,primo,2026-09-17-instagram-ricerca-lombardia.csv
2026-09-18,Patrick Sappa,@gsi_impianti_srl,GSI Impianti,Milano (MI),Impianti elettrici e sicurezza,primo,2026-09-17-instagram-ricerca-lombardia.csv
2026-09-18,Patrick Sappa,@guerinonicostruzionisrl,Guerinoni Costruzioni,Dalmine (BG),Costruzioni e lavori stradali,primo,2026-09-17-instagram-ricerca-lombardia.csv
2026-09-18,Patrick Sappa,@hairstyle_brescia,Hair Style Parrucchieri,Brescia,Parrucchiere,recupero,2026-09-14-instagram-siti-bs-bg.csv
2026-09-18,Patrick Sappa,@lagraficacantu,La Grafica Cantù,Cantù (CO),Tipografia,primo,2026-09-17-instagram-ricerca-lombardia.csv
2026-09-18,Patrick Sappa,@lerbasalvia,Azienda Agricola L'Erba Salvia,Bergamo (BG),Azienda agricola con vendita,primo,2026-09-17-instagram-ricerca-lombardia.csv
2026-09-18,Patrick Sappa,@lispengineeringsrl,Lisp Engineering,Cremona (CR),Servizi tecnici per impianti,primo,2026-09-17-instagram-ricerca-lombardia.csv
2026-09-18,Patrick Sappa,@mecha_srl,Mecha,Villa Carcina (BS),Automazione industriale,primo,2026-09-17-instagram-ricerca-lombardia.csv
2026-09-18,Patrick Sappa,@mimesis11como,Mímesis 11 Boutique Hotel,Como (CO),Albergo,recupero,2026-09-11-instagram-denkishift-mb-va-co-lc.csv
2026-09-18,Patrick Sappa,@mmserramenti,MM Serramenti,Segrate (MI),Serramenti,primo,2026-09-17-instagram-ricerca-lombardia.csv
2026-09-18,Patrick Sappa,@nails.robyy,Roberta Nail Artist,Brescia (BS),Nail,recupero,2026-09-13-instagram-siti-brescia.csv
2026-09-18,Patrick Sappa,@noleggio_progetto_montaggio_,Smida Ponteggi,Milano (MI),Ponteggi,primo,2026-09-17-instagram-ricerca-lombardia.csv
2026-09-18,Patrick Sappa,@ponteggi_bdm,Ponteggi BDM,Lecco (LC),Ponteggi,primo,2026-09-17-instagram-ricerca-lombardia.csv
2026-09-18,Patrick Sappa,@prisma_costruzioni_edili,Prisma,Corbetta (MI),Impresa edile e bonifiche,primo,2026-09-17-instagram-ricerca-lombardia.csv
2026-09-18,Patrick Sappa,@rhcostruzioni,RH Costruzioni,Bergamo (BG),Impresa edile,primo,2026-09-17-instagram-ricerca-lombardia.csv
2026-09-18,Patrick Sappa,@serinalserramenti,Serinal,Leno (BS),Serramenti,primo,2026-09-17-instagram-ricerca-lombardia.csv
2026-09-18,Patrick Sappa,@sgponteggi,SG Ponteggi,Gerenzano (VA),Ponteggi,primo,2026-09-17-instagram-ricerca-lombardia.csv
2026-09-18,Patrick Sappa,@sula_costruzioni,Sula Costruzioni,Cassano d'Adda (MI),Impresa edile,primo,2026-09-17-instagram-ricerca-lombardia.csv
2026-09-18,Patrick Sappa,@termoimpiantigorni,Termoimpianti Gorni Alessio,Rovellasca (CO),Termoidraulica,primo,2026-09-17-instagram-ricerca-lombardia.csv
2026-09-18,Patrick Sappa,@thermidor_la_termoidraulica,La Thermidor,Paderno Dugnano (MI),Commercio idrotermosanitario,primo,2026-09-17-instagram-ricerca-lombardia.csv
2026-09-19,Patrick Sappa,@acconciature.style,Vincenzo Lambusta Parrucchiere,Riva presso Chieri (TO),Parrucchiere,primo,2026-09-19-instagram-siti-piemonte-capelli.csv
2026-09-19,Patrick Sappa,@acconciaturegraziellacanelli,Acconciature Graziella,Canelli (AT),Parrucchiere,primo,2026-09-19-instagram-siti-piemonte-capelli.csv
2026-09-19,Patrick Sappa,@alessandravairoparrucchieri,Alessandra Vairo Parrucchieri,Alessandria (AL),Parrucchiere,primo,2026-09-19-instagram-siti-piemonte-capelli.csv
2026-09-19,Patrick Sappa,@altamodabiella,Vimoda Parrucchieri,Biella (BI),Parrucchiere,primo,2026-09-19-instagram-siti-piemonte-capelli.csv
2026-09-19,Patrick Sappa,@backstage_valenza,Backstage 2.0 Parrucchieri,Valenza (AL),Parrucchiere,primo,2026-09-19-instagram-siti-piemonte-capelli.csv
2026-09-19,Patrick Sappa,@barberia_royal_orbassano,Barberia Royal,Orbassano (TO),Barber,primo,2026-09-19-instagram-siti-piemonte-capelli.csv
2026-09-19,Patrick Sappa,@belovhair_borgomanero,BeLovHair - Bruna Parrucchieri,Borgomanero (NO),Parrucchiere,primo,2026-09-19-instagram-siti-piemonte-capelli.csv
2026-09-19,Patrick Sappa,@bleach.hairconcept.torino,Bleach Hair Concept,Torino (TO),Parrucchiere,primo,2026-09-19-instagram-siti-piemonte-capelli.csv
2026-09-19,Patrick Sappa,@camillaacconciaturebiella,Camilla Carta Moline',Biella (BI),Parrucchiere,primo,2026-09-19-instagram-siti-piemonte-capelli.csv
2026-09-19,Patrick Sappa,@concyhair_tortona,Concy Hair Studio,Tortona (AL),Parrucchiere,primo,2026-09-19-instagram-siti-piemonte-capelli.csv
2026-09-19,Patrick Sappa,@dahlia_parrucchiere,Dahlia Parrucchiere,Villanova Monferrato (AL),Parrucchiere,primo,2026-09-19-instagram-siti-piemonte-capelli.csv
2026-09-19,Patrick Sappa,@davidea_parrucchieri_biella,Davidea Parrucchieri,Biella (BI),Parrucchiere,primo,2026-09-19-instagram-siti-piemonte-capelli.csv
2026-09-19,Patrick Sappa,@designcapelli,Design Capelli,Nichelino (TO),Parrucchiere,primo,2026-09-19-instagram-siti-piemonte-capelli.csv
2026-09-19,Patrick Sappa,@ene.hair.studio.ivrea,Ene Hair Studio,Ivrea (TO),Parrucchiere,primo,2026-09-19-instagram-siti-piemonte-capelli.csv
2026-09-19,Patrick Sappa,@estrostyle_barber_lab,Estro Style Barber Lab,Moncalieri (TO),Barber,primo,2026-09-19-instagram-siti-piemonte-capelli.csv
2026-09-19,Patrick Sappa,@evosparrucchieri_chivasso,Evos Parrucchieri Chivasso,Chivasso (TO),Parrucchiere,primo,2026-09-19-instagram-siti-piemonte-capelli.csv
2026-09-19,Patrick Sappa,@ferrettiparrucchieri,Ferretti Parrucchieri Torino,Torino (TO),Parrucchiere,primo,2026-09-19-instagram-siti-piemonte-capelli.csv
2026-09-19,Patrick Sappa,@gasolhair_hairdresser,Gasolhair,Tortona (AL),Parrucchiere,primo,2026-09-19-instagram-siti-piemonte-capelli.csv
2026-09-19,Patrick Sappa,@gdp.hairsalon,GDP Hair Salon,Cirie' (TO),Parrucchiere,primo,2026-09-19-instagram-siti-piemonte-capelli.csv
2026-09-19,Patrick Sappa,@giovanna.acconciature.asti,Giovanna Cestari Acconciature,Asti (AT),Parrucchiere e tricologia,primo,2026-09-19-instagram-siti-piemonte-capelli.csv
2026-09-19,Patrick Sappa,@gisella.acconciature,Gisella Acconciature,Tortona (AL),Parrucchiere,primo,2026-09-19-instagram-siti-piemonte-capelli.csv
2026-09-19,Patrick Sappa,@hair_cuneo,Hair Valeria,Cuneo (CN),Parrucchiere,primo,2026-09-19-instagram-siti-piemonte-capelli.csv
2026-09-19,Patrick Sappa,@hair_factory_vercelli,Hair Factory di Azzurra Ghetti,Vercelli (VC),Parrucchiere,primo,2026-09-19-instagram-siti-piemonte-capelli.csv
2026-09-19,Patrick Sappa,@hairbodyspa_alessandria,Hair & Body Spa,Alessandria (AL),Parrucchiere e spa,primo,2026-09-19-instagram-siti-piemonte-capelli.csv
2026-09-19,Patrick Sappa,@jessicaewilliamparrucchieri,Jessica & William Parrucchieri,Saluzzo (CN),Parrucchiere,primo,2026-09-19-instagram-siti-piemonte-capelli.csv
2026-09-19,Patrick Sappa,@la_barberia_di_pinerolo,La Barberia di Pinerolo,Pinerolo (TO),Barber,primo,2026-09-19-instagram-siti-piemonte-capelli.csv
2026-09-19,Patrick Sappa,@la_bellezia_acconciature_,La BelleZia Acconciature,Rivoli (TO),Parrucchiere,primo,2026-09-19-instagram-siti-piemonte-capelli.csv
2026-09-19,Patrick Sappa,@laboutique_alessandria,La Boutique Hair Studio,Alessandria (AL),Parrucchiere,primo,2026-09-19-instagram-siti-piemonte-capelli.csv
2026-09-19,Patrick Sappa,@lacolorista.cuneo,Jessica Gregorio - La Colorista,Cuneo (CN),Parrucchiere,primo,2026-09-19-instagram-siti-piemonte-capelli.csv
2026-09-19,Patrick Sappa,@lorenzosaccoparrucchieri,Lorenzo Sacco Parrucchieri,Borgosesia (VC),Parrucchiere,primo,2026-09-19-instagram-siti-piemonte-capelli.csv
2026-09-19,Patrick Sappa,@ma.myhairtortona,Ma. My Hair,Tortona (AL),Parrucchiere,primo,2026-09-19-instagram-siti-piemonte-capelli.csv
2026-09-19,Patrick Sappa,@madamealessandria,Madame Parrucchiere Estetica,Alessandria (AL),Parrucchiere ed estetica,primo,2026-09-19-instagram-siti-piemonte-capelli.csv
2026-09-19,Patrick Sappa,@mani_acconciature_cuneo,Mani Acconciature,Cuneo (CN),Parrucchiere,primo,2026-09-19-instagram-siti-piemonte-capelli.csv
2026-09-19,Patrick Sappa,@marisaacconciature,Marisa Acconciature,Asti (AT),Parrucchiere,primo,2026-09-19-instagram-siti-piemonte-capelli.csv
2026-09-19,Patrick Sappa,@marys_hair_fossano,Marianna Manuello,Fossano (CN),Parrucchiere,primo,2026-09-19-instagram-siti-piemonte-capelli.csv
2026-09-19,Patrick Sappa,@maxhairstudio_mondovi,Max Hair Studio,Mondovi' (CN),Parrucchiere,primo,2026-09-19-instagram-siti-piemonte-capelli.csv
2026-09-19,Patrick Sappa,@myqueenasti,My Queen Parrucchieri,Asti (AT),Parrucchiere,primo,2026-09-19-instagram-siti-piemonte-capelli.csv
2026-09-19,Patrick Sappa,@nouvelle_parrucchieri_ivrea,Nouvelle Parrucchieri,Ivrea (TO),Parrucchiere,primo,2026-09-19-instagram-siti-piemonte-capelli.csv
2026-09-19,Patrick Sappa,@oliverostile,Olivero Stile Parrucchieri,Cuneo (CN),Parrucchiere,primo,2026-09-19-instagram-siti-piemonte-capelli.csv
2026-09-19,Patrick Sappa,@parrucchiere_mirko_torino,Mirko Mogliotti Parrucchiere,Torino (TO),Parrucchiere,primo,2026-09-19-instagram-siti-piemonte-capelli.csv
2026-09-19,Patrick Sappa,@parrucchiere_sculture_luxury,Parrucchiere Sculture,Arona (NO),Parrucchiere,primo,2026-09-19-instagram-siti-piemonte-capelli.csv
2026-09-19,Patrick Sappa,@parrucchierealbertotorino,Parrucchiere Alberto,Torino (TO),Parrucchiere,primo,2026-09-19-instagram-siti-piemonte-capelli.csv
2026-09-19,Patrick Sappa,@pignatielloparrucchieri,Pignatiello Parrucchieri,Cirie' (TO),Parrucchiere,primo,2026-09-19-instagram-siti-piemonte-capelli.csv
2026-09-19,Patrick Sappa,@serenityhair_chieri,Serenity Hair,Chieri (TO),Parrucchiere,primo,2026-09-19-instagram-siti-piemonte-capelli.csv
2026-09-19,Patrick Sappa,@shampoo_parrucchieri_,Shampoo Parrucchieri Vercelli,Vercelli (VC),Parrucchiere,primo,2026-09-19-instagram-siti-piemonte-capelli.csv
2026-09-19,Patrick Sappa,@sianaba_acconciature,SiAnaba Acconciature,Magliano Alpi (CN),Parrucchiere,primo,2026-09-19-instagram-siti-piemonte-capelli.csv
2026-09-19,Patrick Sappa,@simo.fossano,Simo Barber Fossano,Fossano (CN),Barber,primo,2026-09-19-instagram-siti-piemonte-capelli.csv
2026-09-19,Patrick Sappa,@soul.color.studio,Soul Color Studio,Verbania (VB),Parrucchiere,primo,2026-09-19-instagram-siti-piemonte-capelli.csv
2026-09-19,Patrick Sappa,@studioparrucchierichivasso,Studio Parrucchieri di Riccardo Bordin,Chivasso (TO),Parrucchiere,primo,2026-09-19-instagram-siti-piemonte-capelli.csv
2026-09-19,Patrick Sappa,@zaak_barber_vip_vercelli,Zaak Barber,Vercelli (VC),Barber,primo,2026-09-19-instagram-siti-piemonte-capelli.csv
2026-09-21,Patrick Sappa,@adcsrl,ADC Srl,Cinisello Balsamo (MI),Distribuzione prodotti ittici,primo,2026-09-19-instagram-ricerca-lombardia.csv
2026-09-21,Patrick Sappa,@archetti_asfalti,Archetti Asfalti Srl,Iseo (BS),Asfaltature,primo,2026-09-19-instagram-ricerca-lombardia.csv
2026-09-21,Patrick Sappa,@artdecosrl_,Artdeco Srl,Brescia (BS),Cash and carry per fioristi,primo,2026-09-19-instagram-ricerca-lombardia.csv
2026-09-21,Patrick Sappa,@besostrifrutta_milano,Besostri Frutta Srl,Milano (MI),Ingrosso ortofrutta,primo,2026-09-19-instagram-ricerca-lombardia.csv
2026-09-21,Patrick Sappa,@biotechedilizia,Bio Tech Edilizia,Rovato (BS),Distribuzione materiali edili,primo,2026-09-19-instagram-ricerca-lombardia.csv
2026-09-21,Patrick Sappa,@bonetali_s.r.l,Bonetali Srl,Bergamo (BG),Ingrosso ortofrutta,primo,2026-09-19-instagram-ricerca-lombardia.csv
2026-09-21,Patrick Sappa,@brambillaalfredosrl,Brambilla Alfredo Srl,Vigano' (LC),Impiantistica e costruzioni,primo,2026-09-19-instagram-ricerca-lombardia.csv
2026-09-21,Patrick Sappa,@castelli_srl,Castelli Srl,Costa Volpino (BG),Costruzioni e immobiliare,primo,2026-09-19-instagram-ricerca-lombardia.csv
2026-09-21,Patrick Sappa,@cem_group_srl,CEM Group Srl,Settimo Milanese (MI),Sollevamento e movimentazione,primo,2026-09-19-instagram-ricerca-lombardia.csv
2026-09-21,Patrick Sappa,@chefiori.ingrosso,Che Fiori Ingrosso,Cerro Maggiore (MI),Ingrosso fiori,primo,2026-09-19-instagram-ricerca-lombardia.csv
2026-09-21,Patrick Sappa,@colombariautofficina,Autofficina Colombari,Seregno (MB),Autofficina,primo,2026-09-19-instagram-ricerca-lombardia.csv
2026-09-21,Patrick Sappa,@colpodifulmine_ingrosso,Colpo di Fulmine,Bergamo (BG),Ingrosso abbigliamento,primo,2026-09-19-instagram-ricerca-lombardia.csv
2026-09-21,Patrick Sappa,@costruzione_effeci_srl,Costruzione Effeci Srl,Cinisello Balsamo (MI),Edilizia e ristrutturazioni,primo,2026-09-19-instagram-ricerca-lombardia.csv
2026-09-21,Patrick Sappa,@costruzioniedilicittadini,Costruzioni Edili Cittadini,Gardone Val Trompia (BS),Costruzioni,primo,2026-09-19-instagram-ricerca-lombardia.csv
2026-09-21,Patrick Sappa,@dbserramenti,DB Serramenti,Foresto Sparso (BG),Serramenti,primo,2026-09-19-instagram-ricerca-lombardia.csv
2026-09-21,Patrick Sappa,@edil2n,Edil 2N Srl,Spinone al Lago (BG),Costruzioni,primo,2026-09-19-instagram-ricerca-lombardia.csv
2026-09-21,Patrick Sappa,@edilcolombo.srl,EdilColombo Srl,Missaglia (LC),Costruzioni e ristrutturazioni,primo,2026-09-19-instagram-ricerca-lombardia.csv
2026-09-21,Patrick Sappa,@edilman.srl,Edilman Srl - Biosfera,Cusano Milanino (MI),Costruzioni,primo,2026-09-19-instagram-ricerca-lombardia.csv
2026-09-21,Patrick Sappa,@edilrestauri_milano,Edil Restauri,Milano (MI),Ristrutturazioni,primo,2026-09-19-instagram-ricerca-lombardia.csv
2026-09-21,Patrick Sappa,@florimportsrl,Flor Import Srl,Brescia (BS),Ingrosso fiori e piante,primo,2026-09-19-instagram-ricerca-lombardia.csv
2026-09-21,Patrick Sappa,@fms_impianti_tecnologici,FMS Impianti Tecnologici,San Giovanni Bianco (BG),Impianti termici ed elettrici,primo,2026-09-19-instagram-ricerca-lombardia.csv
2026-09-21,Patrick Sappa,@fotovoltaicoitaliasrl,Fotovoltaico Italia Srl,Brescia (BS),Efficientamento energetico,primo,2026-09-19-instagram-ricerca-lombardia.csv
2026-09-21,Patrick Sappa,@fratellivaltolina,Fratelli Valtolina Srl,Monza (MB),Ingrosso fiori,primo,2026-09-19-instagram-ricerca-lombardia.csv
2026-09-21,Patrick Sappa,@fz_ferramentazambelli,Ferramenta Zambelli Srl,Grumello del Monte (BG),Ferramenta e forniture,primo,2026-09-19-instagram-ricerca-lombardia.csv
2026-09-21,Patrick Sappa,@hammers_fish,Hammers Fish,Milano (MI),Ingrosso ittico,primo,2026-09-19-instagram-ricerca-lombardia.csv
2026-09-21,Patrick Sappa,@il_centimetro_falegnameria,Il Centimetro Falegnameria,Lonate Ceppino (VA),Falegnameria,primo,2026-09-19-instagram-ricerca-lombardia.csv
2026-09-21,Patrick Sappa,@ingrosso_estetica_hair_bergamo,PCB Prodotti Cosmetici Bergamo,Villa d'Alme' (BG),Ingrosso cosmetica,primo,2026-09-19-instagram-ricerca-lombardia.csv
2026-09-21,Patrick Sappa,@ingrossoborsebrescia.amicamoda,Amicamoda Ingrosso Borse,Brescia (BS),Ingrosso pelletteria,primo,2026-09-19-instagram-ricerca-lombardia.csv
2026-09-21,Patrick Sappa,@luis_ingrosso,Luis Srl,Bergamo (BG),Ingrosso garden e fioristi,primo,2026-09-19-instagram-ricerca-lombardia.csv
2026-09-21,Patrick Sappa,@macchivarese1941,Macchi Varese 1941,Brunello (VA),Commercio all'ingrosso,primo,2026-09-19-instagram-ricerca-lombardia.csv
2026-09-21,Patrick Sappa,@maglificio_alto_milanese,Maglificio Alto Milanese,Busto Arsizio (VA),Maglificio,primo,2026-09-19-instagram-ricerca-lombardia.csv
2026-09-21,Patrick Sappa,@maglificiobenacci,Maglificio Benacci,Como (CO),Maglificio,primo,2026-09-19-instagram-ricerca-lombardia.csv
2026-09-21,Patrick Sappa,@milano.ingrosso.fiori,Ingrosso Fiori Gambin Srl,Milano (MI),Ingrosso fiori e piante,primo,2026-09-19-instagram-ricerca-lombardia.csv
2026-09-21,Patrick Sappa,@mondopiu_ingrosso_accessori,Mondopiu Ingrosso,Brescia (BS),Ingrosso accessori e bijoux,primo,2026-09-19-instagram-ricerca-lombardia.csv
2026-09-21,Patrick Sappa,@officinamadaschi,Officina Madaschi,Casnigo (BG),Officina autorizzata,primo,2026-09-19-instagram-ricerca-lombardia.csv
2026-09-21,Patrick Sappa,@officinameccanicagualco,Officina Meccanica Gualco,Erba (CO),Meccanica di precisione,primo,2026-09-19-instagram-ricerca-lombardia.csv
2026-09-21,Patrick Sappa,@ortofrutta.fapanni,Ortofrutta Fapanni Bruno Srl,Palazzolo sull'Oglio (BS),Ingrosso ortofrutta,primo,2026-09-19-instagram-ricerca-lombardia.csv
2026-09-21,Patrick Sappa,@ortofrutticolacasati,Ortofrutticola Casati Srl,Milano (MI),Ingrosso ortofrutta,primo,2026-09-19-instagram-ricerca-lombardia.csv
2026-09-21,Patrick Sappa,@pavimart_srl,Pavimart Srl,Bergamo (BG),Pavimenti in resina,primo,2026-09-19-instagram-ricerca-lombardia.csv
2026-09-21,Patrick Sappa,@piccolo.wholesale,Piccolo Wholesale,Rozzano (MI),Ingrosso abbigliamento,primo,2026-09-19-instagram-ricerca-lombardia.csv
2026-09-21,Patrick Sappa,@rachiele_carpenteria_metallica,Rachiele Carpenteria Metallica,Bareggio (MI),Carpenteria metallica,primo,2026-09-19-instagram-ricerca-lombardia.csv
2026-09-21,Patrick Sappa,@reman_impianti,Reman,Brescia (BS),Impianti di depurazione acqua,primo,2026-09-19-instagram-ricerca-lombardia.csv
2026-09-21,Patrick Sappa,@second_life_milano,Second Life Milano,Milano (MI),Ingrosso abbigliamento,primo,2026-09-19-instagram-ricerca-lombardia.csv
2026-09-21,Patrick Sappa,@simasrl_,Sima Srl - Waste Solution,Cornate d'Adda (MB),Impianti di riciclaggio,primo,2026-09-19-instagram-ricerca-lombardia.csv
2026-09-21,Patrick Sappa,@tecnocoperturesrl,Impresa Tecnocoperture Srl,Gorno (BG),Coperture civili e industriali,primo,2026-09-19-instagram-ricerca-lombardia.csv
2026-09-21,Patrick Sappa,@telex_bergamo,Telex Bergamo,Bergamo (BG),Ingrosso ortofrutta,primo,2026-09-19-instagram-ricerca-lombardia.csv
2026-09-21,Patrick Sappa,@texilia_srl,Texilia Srl,Solaro (MI),Tessuti e tendaggi,primo,2026-09-19-instagram-ricerca-lombardia.csv
2026-09-21,Patrick Sappa,@vagocostruzioni,Vago Costruzioni Srl,Cremona (CR),Costruzioni,primo,2026-09-19-instagram-ricerca-lombardia.csv
2026-09-21,Patrick Sappa,@vigevanobevande,Vigevano Bevande,Vigevano (PV),Distribuzione bevande,primo,2026-09-19-instagram-ricerca-lombardia.csv
2026-09-21,Patrick Sappa,@zanoni.snc_ortomercatobs,Zanoni Franco & Figli,Brescia (BS),Grossisti ortofrutticoli,primo,2026-09-19-instagram-ricerca-lombardia.csv
2026-09-22,Patrick Sappa,@3cserramenti,3C Serramenti,Ranica (BG),Serramenti e infissi,primo,2026-09-21-instagram-ricerca-lombardia
2026-09-22,Patrick Sappa,@__cercasi_cavie_umane__,Piercing Chieri - Torino,Chieri (TO),Piercing,primo,2026-09-21-instagram-siti-piemonte-tatuaggi
2026-09-22,Patrick Sappa,@_alaska_ink_,𝘼𝙡𝙖𝙨𝙠𝙖 𝙄𝙣𝙠 • Tattoo artist • Turin,Grugliasco (TO),Studio di tatuaggi,primo,2026-09-21-instagram-siti-piemonte-tatuaggi
2026-09-22,Patrick Sappa,@a.n.s._costruzioni,Arici Dario,Brescia (BS),Scavi e sottoservizi,primo,2026-09-21-instagram-ricerca-lombardia
2026-09-22,Patrick Sappa,@albanetattoostudio,albane tattoo studio,Torino (TO),Studio di tatuaggi,primo,2026-09-21-instagram-siti-piemonte-tatuaggi
2026-09-22,Patrick Sappa,@arona.ink,👑 ARONA INK TATTOO STUDIO,Arona (NO),Studio di tatuaggi,primo,2026-09-21-instagram-siti-piemonte-tatuaggi
2026-09-22,Patrick Sappa,@auto.officina.kolaj_varese,auto.officina.kolaj_varese,Varese (VA),Autofficina e vendita auto,primo,2026-09-21-instagram-ricerca-lombardia
2026-09-22,Patrick Sappa,@autofficinabonalume,Bonalume Autofficina,Milano (MI),Autofficina,primo,2026-09-21-instagram-ricerca-lombardia
2026-09-22,Patrick Sappa,@autofficinamax,Massimiliano Campanini,Cremona (CR),Autofficina e gommista,primo,2026-09-21-instagram-ricerca-lombardia
2026-09-22,Patrick Sappa,@autofficinascuratti,Autofficina Scuratti,Nova Milanese (MB),Autofficina e carrozzeria,primo,2026-09-21-instagram-ricerca-lombardia
2026-09-22,Patrick Sappa,@azienda_agricola_moroni,Azienda Agricola Moroni,Brescia (BS),Azienda agricola con vendita,primo,2026-09-21-instagram-ricerca-lombardia
2026-09-22,Patrick Sappa,@balam_tattoo_collegno,Balam Tattoo,Collegno (TO),Studio di tatuaggi,primo,2026-09-21-instagram-siti-piemonte-tatuaggi
2026-09-22,Patrick Sappa,@bassini.impianti,Bassini Impianti,Brescia (BS),Termoidraulica e impianti elettrici,primo,2026-09-21-instagram-ricerca-lombardia
2026-09-22,Patrick Sappa,@beautyandthebeast_tattoo,Beauty and the Beast Tattoo • Piercing • Nails Mondovì,Mondovi (CN),Studio di tatuaggi,primo,2026-09-21-instagram-siti-piemonte-tatuaggi
2026-09-22,Patrick Sappa,@beccari_azienda_agricola,Beccari azienda agricola,Commessaggio (MN),Azienda agricola,primo,2026-09-21-instagram-ricerca-lombardia
2026-09-22,Patrick Sappa,@benedettigroup,BENEDETTI GROUP | Costruzioni,Gallarate (VA),Impresa di costruzioni,primo,2026-09-21-instagram-ricerca-lombardia
2026-09-22,Patrick Sappa,@bp.srl,"Energia solare per casa, aziende e edile📍Bergamo e Piacenza",Bergamo (BG),Impianti fotovoltaici,primo,2026-09-21-instagram-ricerca-lombardia
2026-09-22,Patrick Sappa,@brianza_serramenti,Brianza Serramenti,Cesano Maderno (MB),Serramenti e infissi,primo,2026-09-21-instagram-ricerca-lombardia
2026-09-22,Patrick Sappa,@brightandbold_tortona,Bright&Bold | Tatuaggi e Piercing,Tortona (AL),Studio di tatuaggi,primo,2026-09-21-instagram-siti-piemonte-tatuaggi
2026-09-22,Patrick Sappa,@bully.tattoo.plug,BULLY TATTOO PLUG 🅱️🥷🏻💋🔪,Torino (TO),Studio di tatuaggi,primo,2026-09-21-instagram-siti-piemonte-tatuaggi
2026-09-22,Patrick Sappa,@carpenteriabonori,𝐂𝐚𝐫𝐩𝐞𝐧𝐭𝐞𝐫𝐢𝐚 𝐁𝐨𝐧𝐨𝐫𝐢 𝐒𝐭𝐞𝐟𝐚𝐧𝐨,Roe Volciano (BS),Carpenteria e fabbro,primo,2026-09-21-instagram-ricerca-lombardia
2026-09-22,Patrick Sappa,@carrozzeria.cerioli,Carrozzeria Cerioli Soncino,Soncino (CR),Carrozzeria e autofficina,primo,2026-09-21-instagram-ricerca-lombardia
2026-09-22,Patrick Sappa,@carrozzeria_ancora,Carrozzeria Ancora,Paderno Dugnano (MI),Carrozzeria e noleggio,primo,2026-09-21-instagram-ricerca-lombardia
2026-09-22,Patrick Sappa,@carrozzeria_brera_srl,Carrozzeria Brera Srl,Milano (MI),Carrozzeria,primo,2026-09-21-instagram-ricerca-lombardia
2026-09-22,Patrick Sappa,@carrozzeria_crotta,Carrozzeria Crotta,Desio (MB),Carrozzeria,primo,2026-09-21-instagram-ricerca-lombardia
2026-09-22,Patrick Sappa,@carrozzeria_f.o.p,Carrozzeria F.o.p,Brescia (BS),Carrozzeria,primo,2026-09-21-instagram-ricerca-lombardia
2026-09-22,Patrick Sappa,@carrozzeria_giugni,Carrozzeria Giugni snc,Sondrio (SO),Carrozzeria,primo,2026-09-21-instagram-ricerca-lombardia
2026-09-22,Patrick Sappa,@carrozzeria_pedrinazzi,Carrozzeria Pedrinazzi,Palazzo Pignano (CR),Carrozzeria,primo,2026-09-21-instagram-ricerca-lombardia
2026-09-22,Patrick Sappa,@carrozzeriacrippa,Carrozzeria Crippa,Arzago d Adda (BG),Carrozzeria,primo,2026-09-21-instagram-ricerca-lombardia
2026-09-22,Patrick Sappa,@carrozzeriamusesti,Carrozzeria Musesti,Brescia (BS),Carrozzeria,primo,2026-09-21-instagram-ricerca-lombardia
2026-09-22,Patrick Sappa,@carrozzeriaroscio,CARROZZERIA ROSCIO,Liscate (MI),Carrozzeria,primo,2026-09-21-instagram-ricerca-lombardia
2026-09-22,Patrick Sappa,@carrozzeriatreeffe,Carrozzeria Treeffe,Santa Maria Hoe (LC),Carrozzeria,primo,2026-09-21-instagram-ricerca-lombardia
2026-09-22,Patrick Sappa,@commerciale_edile_milano,🌀 l'edilizia a portata di 🤚 ♻️,Milano (MI),Commercio di materiale edile,primo,2026-09-21-instagram-ricerca-lombardia
2026-09-22,Patrick Sappa,@coopertattoo23,Cooper Tattoo Orbassano,Orbassano (TO),Studio di tatuaggi,primo,2026-09-21-instagram-siti-piemonte-tatuaggi
2026-09-22,Patrick Sappa,@crema_motor,OFFICINA.CREMA.MOTOR,Vaiano Cremasco (CR),Officina moto,primo,2026-09-21-instagram-ricerca-lombardia
2026-09-22,Patrick Sappa,@danibutk_tattoo,"Daniela | Tatuaggi fineline, micro e ornamentali | Torino",Collegno (TO),Studio di tatuaggi,primo,2026-09-21-instagram-siti-piemonte-tatuaggi
2026-09-22,Patrick Sappa,@de_pieri_carrozzeria_detailing,De Pieri carrozzeria e centro Detailing,Mantova (MN),Carrozzeria e detailing,primo,2026-09-21-instagram-ricerca-lombardia
2026-09-22,Patrick Sappa,@deeplinetattoocuneo,ＤＥＥＰＬＩＮＥ ＴＡＴＴＯＯ,Cuneo (CN),Studio di tatuaggi,primo,2026-09-21-instagram-siti-piemonte-tatuaggi
2026-09-22,Patrick Sappa,@desyderi_sulla_pelle,DesyderiSullaPelle | tattoo e piercing studio a Mondovì,Collegno (TO),Studio di tatuaggi,primo,2026-09-21-instagram-siti-piemonte-tatuaggi
2026-09-22,Patrick Sappa,@diegoskull_tattooist,diegoskull tattoo Torino,Torino (TO),Studio di tatuaggi,primo,2026-09-21-instagram-siti-piemonte-tatuaggi
2026-09-22,Patrick Sappa,@disagiomentale_tattoo,𝘿𝙄𝙎𝘼𝙂𝙄𝙊 | 𝙏𝙖𝙩𝙩𝙤𝙤 𝙏𝙤𝙧𝙞𝙣𝙤 | 𝙈𝙖𝙧𝙩𝙞𝙣𝙖 𝙍𝙤𝙘𝙘𝙖,Torino (TO),Studio di tatuaggi,primo,2026-09-21-instagram-siti-piemonte-tatuaggi
2026-09-22,Patrick Sappa,@distorttattoohouse,Tatuaggi & piercing | Tortona,Tortona (AL),Studio di tatuaggi,primo,2026-09-21-instagram-siti-piemonte-tatuaggi
2026-09-22,Patrick Sappa,@domusink_tattoo_piercing,Domus ink Tattoo&Piercing by PiercerFerrante,Collegno (TO),Studio di tatuaggi,primo,2026-09-21-instagram-siti-piemonte-tatuaggi
2026-09-22,Patrick Sappa,@eden_lab_tattoo_collective,Eden Lab Tatto Studio,Chieri (TO),Studio di tatuaggi,primo,2026-09-21-instagram-siti-piemonte-tatuaggi
2026-09-22,Patrick Sappa,@edildeltasas,Edildelta | Home Design Solutions,Milano (MI),Commercio edile e ristrutturazioni,primo,2026-09-21-instagram-ricerca-lombardia
2026-09-22,Patrick Sappa,@electric_tattoostudioasti,Electric Tattoo Studio,Asti (AT),PMU e trucco permanente,primo,2026-09-21-instagram-siti-piemonte-tatuaggi
2026-09-22,Patrick Sappa,@elettroimpiantimilano,Vittorio Taranto elettricista & impianti Milano,Milano (MI),Impianti elettrici e domotica,primo,2026-09-21-instagram-ricerca-lombardia
2026-09-22,Patrick Sappa,@end8_studio,Tattoo Novi Ligure,Novi Ligure (AL),Studio di tatuaggi,primo,2026-09-21-instagram-siti-piemonte-tatuaggi
2026-09-22,Patrick Sappa,@endlesslove_tattoostudio,Bosky ⚡Miusy,Torino (TO),Studio di tatuaggi,primo,2026-09-21-instagram-siti-piemonte-tatuaggi
2026-09-22,Patrick Sappa,@falegnameria_artelegno_,Cosimo Maiolo,Lumezzane (BS),Falegnameria,primo,2026-09-21-instagram-ricerca-lombardia
2026-09-22,Patrick Sappa,@falegnameriainvernizzi,Falegnameria Invernizzi s.r.l.,Bergamo (BG),Falegnameria,primo,2026-09-21-instagram-ricerca-lombardia
2026-09-22,Patrick Sappa,@fca_como,Facility Center Automotive,Lipomo (CO),Detailing e autoriparazione,primo,2026-09-21-instagram-ricerca-lombardia
2026-09-22,Patrick Sappa,@flli.gatti,Fratelli Gatti - Lavorazioni in Ferro,Brescia (BS),Carpenteria e lavorazioni in ferro,primo,2026-09-21-instagram-ricerca-lombardia
2026-09-22,Patrick Sappa,@gasgaragecarrozzeria,CarrozzeriaGASgarage,Asola (MN),Carrozzeria,primo,2026-09-21-instagram-ricerca-lombardia
2026-09-22,Patrick Sappa,@gligoink,••• gligoink •••,Asti (AT),Studio di tatuaggi,primo,2026-09-21-instagram-siti-piemonte-tatuaggi
2026-09-22,Patrick Sappa,@hapaxtattoo,HAPAX Tattoo - Torino,Torino (TO),Studio di tatuaggi,primo,2026-09-21-instagram-siti-piemonte-tatuaggi
2026-09-22,Patrick Sappa,@herbert.dotwork.torino,Herbert Tatuatore Dotwork Torino - 🇮🇹,Torino (TO),Studio di tatuaggi,primo,2026-09-21-instagram-siti-piemonte-tatuaggi
2026-09-22,Patrick Sappa,@ilcentroserramentimilano,Il Centro Serramenti Milano,Milano (MI),Serramenti e infissi,primo,2026-09-21-instagram-ricerca-lombardia
2026-09-22,Patrick Sappa,@inkbeautystudio.alba,Alba Abdushi,Collegno (TO),PMU e trucco permanente,primo,2026-09-21-instagram-siti-piemonte-tatuaggi
2026-09-22,Patrick Sappa,@inksidecuneo,Inksideprivatetattoohouse,Cuneo (CN),Studio di tatuaggi,primo,2026-09-21-instagram-siti-piemonte-tatuaggi
2026-09-22,Patrick Sappa,@jeytattoo.vmondovi,Jey Tattoo - Studio Tatuaggi Villanova Mondovì,Villanova Mondovi (CN),Studio di tatuaggi,primo,2026-09-21-instagram-siti-piemonte-tatuaggi
2026-09-22,Patrick Sappa,@kinkstudiotattoo,𝙺-𝙸𝙽𝙺 𝚂𝚃𝚄𝙳𝙸𝙾 𝚃𝙰𝚃𝚃𝙾𝙾 𝙻𝚄𝚇𝚄𝚁𝚈 🇮🇹 𝙸𝚃𝙰𝙻𝚈,Torino (TO),Studio di tatuaggi,primo,2026-09-21-instagram-siti-piemonte-tatuaggi
2026-09-22,Patrick Sappa,@korpus_domini_alba,ᴋᴏʀᴘᴜs ᴅᴏᴍɪɴɪ | ᴛᴀᴛᴛᴏᴏ ᴇ ᴘɪᴇʀᴄɪɴɢ,Alba (CN),Studio di tatuaggi,primo,2026-09-21-instagram-siti-piemonte-tatuaggi
2026-09-22,Patrick Sappa,@korpus_domini_saluzzo,ᴋᴏʀᴘᴜs ᴅᴏᴍɪɴɪ | ᴛᴀᴛᴛᴏᴏ ᴇ ᴘɪᴇʀᴄɪɴɢ,Saluzzo (CN),Studio di tatuaggi,primo,2026-09-21-instagram-siti-piemonte-tatuaggi
2026-09-22,Patrick Sappa,@lally.piercer,Laura || Piercing Torino ||,Torino (TO),Piercing,primo,2026-09-21-instagram-siti-piemonte-tatuaggi
2026-09-22,Patrick Sappa,@lavorazioneferrodbsnc,DB Dabenini S. - Bresciani R.,Brescia (BS),Lavorazione ferro per edilizia,primo,2026-09-21-instagram-ricerca-lombardia
2026-09-22,Patrick Sappa,@lbj_ricambi_noleggi_trasporti,Lbj Noleggi Trasporto Ornago,Ornago (MB),"Trasporti, noleggio e ricambi",primo,2026-09-21-instagram-ricerca-lombardia
2026-09-22,Patrick Sappa,@linos_tattoo,Samuele Lino,Venaria Reale (TO),Studio di tatuaggi,primo,2026-09-21-instagram-siti-piemonte-tatuaggi
2026-09-22,Patrick Sappa,@logantattoostudio,Logan Tattoo Studio,Valenza (AL),Studio di tatuaggi,primo,2026-09-21-instagram-siti-piemonte-tatuaggi
2026-09-22,Patrick Sappa,@louisstudio_,LOUIS STUDIO TORINO | tattoo & piercing walk-in,Torino (TO),Studio di tatuaggi,primo,2026-09-21-instagram-siti-piemonte-tatuaggi
2026-09-22,Patrick Sappa,@lumos.tattoostudio,LUMOS TATTOO STUDIO ☉ Tatuaggi Torino,Torino (TO),Studio di tatuaggi,primo,2026-09-21-instagram-siti-piemonte-tatuaggi
2026-09-22,Patrick Sappa,@maxinktattoo80,massimo iennaro,Torino (TO),Studio di tatuaggi,primo,2026-09-21-instagram-siti-piemonte-tatuaggi
2026-09-22,Patrick Sappa,@mint_tattoo_gallery,MINT TATTOO GALLERY,Torino (TO),Studio di tatuaggi,primo,2026-09-21-instagram-siti-piemonte-tatuaggi
2026-09-22,Patrick Sappa,@moli_costruzioni_brescia,Moli_Costruzioni,Montichiari (BS),Impresa edile,primo,2026-09-21-instagram-ricerca-lombardia
2026-09-22,Patrick Sappa,@mysticthorntattoo,⛓️𝕸𝖞𝖘𝖙𝖎𝖈 𝕿𝖍𝖔𝖗𝖓 𝕿𝖆𝖙𝖙𝖔𝖔⛓️,Torino (TO),Studio di tatuaggi,primo,2026-09-21-instagram-siti-piemonte-tatuaggi
2026-09-22,Patrick Sappa,@northlake.tattoo,North Lake Tattoo,Arona (NO),Studio di tatuaggi,primo,2026-09-21-instagram-siti-piemonte-tatuaggi
2026-09-22,Patrick Sappa,@nuovaedilcostruzioni1978,Nuova Edil Costruzioni dal 1978,Milano (MI),Impresa edile,primo,2026-09-21-instagram-ricerca-lombardia
2026-09-22,Patrick Sappa,@officina_loda,Officina Loda,Pandino (CR),Autofficina e preparazioni,primo,2026-09-21-instagram-ricerca-lombardia
2026-09-22,Patrick Sappa,@officinacucchi,🚗🚙🚛 Officina F.lli Cucchi - Pavia ☎️ 0382 559659🚗🚙🚚,San Martino Siccomario (PV),Officina meccanica e veicoli industriali,primo,2026-09-21-instagram-ricerca-lombardia
2026-09-22,Patrick Sappa,@officinagierre,Officina Gierre,Manerbio (BS),Autofficina,primo,2026-09-21-instagram-ricerca-lombardia
2026-09-22,Patrick Sappa,@officinemilano,Officine Milano,Milano (MI),Produzione accessori auto,primo,2026-09-21-instagram-ricerca-lombardia
2026-09-22,Patrick Sappa,@p0t_tattoo,Tattoo Anime & Cartoon – Collegno,Collegno (TO),Studio di tatuaggi,primo,2026-09-21-instagram-siti-piemonte-tatuaggi
2026-09-22,Patrick Sappa,@piercing_by_unique,PIERCING DOMODOSSOLA,Domodossola (VB),Piercing,primo,2026-09-21-instagram-siti-piemonte-tatuaggi
2026-09-22,Patrick Sappa,@pozzicase,POZZICASE Bioedilizia,Bregnano (CO),Costruzioni prefabbricate in legno,primo,2026-09-21-instagram-ricerca-lombardia
2026-09-22,Patrick Sappa,@putelliserramenti,Putelli,Provincia di Brescia (BS),Serramenti e porte,primo,2026-09-21-instagram-ricerca-lombardia
2026-09-22,Patrick Sappa,@rickyfamilytattoo,Realistico & Chicano Art| Tattoo Studio | Orbassano (TO)📍,Orbassano (TO),Studio di tatuaggi,primo,2026-09-21-instagram-siti-piemonte-tatuaggi
2026-09-22,Patrick Sappa,@rizzimpianti.brescia,Rizzi Impianti,Brescia (BS),Impianti elettrici e fotovoltaico,primo,2026-09-21-instagram-ricerca-lombardia
2026-09-22,Patrick Sappa,@rodiimpresaedilemilano,RO&DI IMPRESA EDILE MILANO,Milano (MI),Impresa edile,primo,2026-09-21-instagram-ricerca-lombardia
2026-09-22,Patrick Sappa,@roxtattoo.team,Rσx Tαƚƚσσ Team,Torino (TO),PMU e trucco permanente,primo,2026-09-21-instagram-siti-piemonte-tatuaggi
2026-09-22,Patrick Sappa,@sacrosanto_tattootorino,Sacrosanto Tattoo Studio Torino,Torino (TO),Studio di tatuaggi,primo,2026-09-21-instagram-siti-piemonte-tatuaggi
2026-09-22,Patrick Sappa,@saettaimpiantielettrici.milano,Saetta Impianti • Elettricista & Impianti Milano,Milano (MI),Impianti elettrici e domotica,primo,2026-09-21-instagram-ricerca-lombardia
2026-09-22,Patrick Sappa,@sancarlocascina,Cascina San Carlo | Azienda Agricola a Melzo,Melzo (MI),Azienda agricola con vendita,primo,2026-09-21-instagram-ricerca-lombardia
2026-09-22,Patrick Sappa,@soul_ink_torino_city,SOUL INK TORINO CITY,Torino (TO),Studio di tatuaggi,primo,2026-09-21-instagram-siti-piemonte-tatuaggi
2026-09-22,Patrick Sappa,@sovranus_tattoo_studio,sᴏᴠʀᴀɴᴜs ᴛᴀᴛᴛᴏᴏ sᴛᴜᴅɪᴏ | ᴛᴏʀɪɴᴏ,Torino (TO),Studio di tatuaggi,primo,2026-09-21-instagram-siti-piemonte-tatuaggi
2026-09-22,Patrick Sappa,@svit.tattoo,Tattoo Cuneo Italy🇮🇹,Cuneo (CN),Studio di tatuaggi,primo,2026-09-21-instagram-siti-piemonte-tatuaggi
2026-09-22,Patrick Sappa,@tattooalba,Tattoo and Body Piercing,Alba (CN),Studio di tatuaggi,primo,2026-09-21-instagram-siti-piemonte-tatuaggi
2026-09-22,Patrick Sappa,@thesunflowertattoo,The Sunflower Tattoo,Torino (TO),Studio di tatuaggi,primo,2026-09-21-instagram-siti-piemonte-tatuaggi
2026-09-22,Patrick Sappa,@trezzo_costruzioni,Trezzo Costruzioni,Trezzo sull Adda (MI),Impresa edile,primo,2026-09-21-instagram-ricerca-lombardia
2026-09-22,Patrick Sappa,@wildarttattoo,Wild Art Tattoo Studio dal 2008 a Torino in Corso Casale 104,Torino (TO),Studio di tatuaggi,primo,2026-09-21-instagram-siti-piemonte-tatuaggi
2026-09-22,Patrick Sappa,@ylemilitellopmu,Ylenia Militello 📍Natutal Ink Tattoo | PMU studio | Torino,Torino (TO),PMU e trucco permanente,primo,2026-09-21-instagram-siti-piemonte-tatuaggi
2026-09-24,Patrick Sappa,@2emmepose,2 Emme Pose,Seregno (MB),Posa pavimenti e rivestimenti,primo,2026-09-23-instagram-ricerca-lombardia
2026-09-24,Patrick Sappa,@_federicapassione,Federica Passione Truccatrice,Torino (TO),Make-up e negozio cosmetici,primo,2026-09-23-instagram-siti-piemonte-foto-makeup
2026-09-24,Patrick Sappa,@_img_traslochi,IMG Traslochi,Rho (MI),Traslochi Italia ed Europa,primo,2026-09-23-instagram-ricerca-lombardia
2026-09-24,Patrick Sappa,@ajpneussrl,AJ Pneus,Rozzano (MI),Gommista e officina meccanica,primo,2026-09-23-instagram-ricerca-lombardia
2026-09-24,Patrick Sappa,@alfagommebrescia,Alfa Gomme Brescia,Brescia (BS),"Gommista, revisioni e meccanica",primo,2026-09-23-instagram-ricerca-lombardia
2026-09-24,Patrick Sappa,@amritratti_wedding_photography,AM Ritratti Wedding Photography,Pinerolo (TO),Fotografi matrimoni,primo,2026-09-23-instagram-siti-piemonte-foto-makeup
2026-09-24,Patrick Sappa,@anastasiia.muah,Anastasiia Trucco Sposa,Torino (TO),Make-up sposa,primo,2026-09-23-instagram-siti-piemonte-foto-makeup
2026-09-24,Patrick Sappa,@anastassy.photo,Anastasia Photographer,Torino (TO),Fotografa ritratti e coppie,primo,2026-09-23-instagram-siti-piemonte-foto-makeup
2026-09-24,Patrick Sappa,@arimatea_wedding_studio,Arimatea Wedding Studio,Novara (NO),Fotografo matrimoni,primo,2026-09-23-instagram-siti-piemonte-foto-makeup
2026-09-24,Patrick Sappa,@autodiesel_s.r.l_,Autodiesel,Dalmine (BG),Officina autorizzata veicoli industriali,primo,2026-09-23-instagram-ricerca-lombardia
2026-09-24,Patrick Sappa,@bbc_soluzionienergetiche,BBC Soluzioni Energetiche,Besozzo (VA),Fotovoltaico,primo,2026-09-23-instagram-ricerca-lombardia
2026-09-24,Patrick Sappa,@beatricebonino.scattidamore,Beatrice Bonino Scatti d'Amore,Cortemilia (CN),Fotografa famiglie e matrimoni,primo,2026-09-23-instagram-siti-piemonte-foto-makeup
2026-09-24,Patrick Sappa,@bronzinfederico,Federico Bronzin Fotografo e Videomaker,Cuneo (CN),Fotografo e videomaker eventi,primo,2026-09-23-instagram-siti-piemonte-foto-makeup
2026-09-24,Patrick Sappa,@carrozzeria_sosio,Carrozzeria Sosio,Bormio (SO),"Carrozzeria, officina e gommista dal 1955",primo,2026-09-23-instagram-ricerca-lombardia
2026-09-24,Patrick Sappa,@casanovagardencenter,Casa Nova Garden,Dello (BS),Garden center con shop online,primo,2026-09-23-instagram-ricerca-lombardia
2026-09-24,Patrick Sappa,@caseificioginvernizzi,Caseificio Invernizzi,Pontirolo Nuovo (BG),"Caseificio, quattro generazioni",primo,2026-09-23-instagram-ricerca-lombardia
2026-09-24,Patrick Sappa,@catalina.mua.torino,Catalina Make-up Artist,Torino (TO),Make-up sposa ed eventi,primo,2026-09-23-instagram-siti-piemonte-foto-makeup
2026-09-24,Patrick Sappa,@cavannatraslochi_milano_1863,Cavanna Traslochi,Milano (MI),Traslochi dal 1863,primo,2026-09-23-instagram-ricerca-lombardia
2026-09-24,Patrick Sappa,@cbbosrl,CBBO Ambiente e Territorio,Ghedi (BS),Gestione rifiuti,primo,2026-09-23-instagram-ricerca-lombardia
2026-09-24,Patrick Sappa,@chiara_lumi_ph,Chiara Lumi Fotografa Sport,Alessandria (AL),Fotografa sport,primo,2026-09-23-instagram-siti-piemonte-foto-makeup
2026-09-24,Patrick Sappa,@chiaribrunosrl,Chiari Bruno,Chiari (BS),"Serramenti, verande e pergole",primo,2026-09-23-instagram-ricerca-lombardia
2026-09-24,Patrick Sappa,@cmg_grop,Carpenteria Metallica Grop,Paderno Dugnano (MI),Carpenteria metallica per architettura,primo,2026-09-23-instagram-ricerca-lombardia
2026-09-24,Patrick Sappa,@copesrl,Cope,Brescia (BS),Antincendio e antinfortunistica,primo,2026-09-23-instagram-ricerca-lombardia
2026-09-24,Patrick Sappa,@corina_acconciature_trucco,Corina Bridal Hair & Make-up,Torino (TO),Make-up e acconciature sposa,primo,2026-09-23-instagram-siti-piemonte-foto-makeup
2026-09-24,Patrick Sappa,@costruzionitestasrl,Costruzioni Testa,Samarate (VA),Impresa edile dal 1963,primo,2026-09-23-instagram-ricerca-lombardia
2026-09-24,Patrick Sappa,@cri.maeromua,Cristina Maero Make-up Artist,Torino (TO),Make-up sposa,primo,2026-09-23-instagram-siti-piemonte-foto-makeup
2026-09-24,Patrick Sappa,@ecaterina.ivanova.team,Ivanova Team Bridal Makeup,Torino (TO),Make-up sposa,primo,2026-09-23-instagram-siti-piemonte-foto-makeup
2026-09-24,Patrick Sappa,@elenati.ph,Elena Fotografa famiglie e imprese,Torino (TO),Fotografa famiglie e aziende,primo,2026-09-23-instagram-siti-piemonte-foto-makeup
2026-09-24,Patrick Sappa,@elettricamcdichecchettosrl,Elettrica M.C.,Vigevano (PV),Impianti elettrici,primo,2026-09-23-instagram-ricerca-lombardia
2026-09-24,Patrick Sappa,@elettrocalor_srl,Elettrocalor,Abbiategrasso (MI),Assistenza caldaie e condizionatori,primo,2026-09-23-instagram-ricerca-lombardia
2026-09-24,Patrick Sappa,@elisaalloacasale_photography,Elisa Alloa Casale Photography,Val Pellice (TO),Fotografa matrimoni e famiglie,primo,2026-09-23-instagram-siti-piemonte-foto-makeup
2026-09-24,Patrick Sappa,@elisabetta_menzio_fotografia,Elisabetta Menzio Fotografia,Moncalieri (TO),Fotografa neonati e famiglie,primo,2026-09-23-instagram-siti-piemonte-foto-makeup
2026-09-24,Patrick Sappa,@erremediateam,Erre Media Team,Torino (TO),Videomaker e fotografi eventi,primo,2026-09-23-instagram-siti-piemonte-foto-makeup
2026-09-24,Patrick Sappa,@fabioarimatea,Fabio Arimatea Fotografo,Cameri (NO),Fotografo wedding e newborn,primo,2026-09-23-instagram-siti-piemonte-foto-makeup
2026-09-24,Patrick Sappa,@fotografa.alba,Alba Ferraro Fotografa,Alba (CN),Fotografa eventi e ritratti,primo,2026-09-23-instagram-siti-piemonte-foto-makeup
2026-09-24,Patrick Sappa,@fotografa_em_torino,Kel Oliveira Fotografa,Torino (TO),Fotografa famiglie e maternità,primo,2026-09-23-instagram-siti-piemonte-foto-makeup
2026-09-24,Patrick Sappa,@gallettiandreasrl,Galletti Falegnameria,Cesano Maderno (MB),Falegnameria e arredi su misura dal 1960,primo,2026-09-23-instagram-ricerca-lombardia
2026-09-24,Patrick Sappa,@gdp.makeupartist,Giorgia De Paoli Make-up Artist,Bra (CN),Make-up sposa e cerimonia,primo,2026-09-23-instagram-siti-piemonte-foto-makeup
2026-09-24,Patrick Sappa,@gianlucafestafotografo,Gianluca Festa Fotografo,Biella (BI),Fotografo matrimoni,primo,2026-09-23-instagram-siti-piemonte-foto-makeup
2026-09-24,Patrick Sappa,@giorgiameronifotografia,Giorgia Meroni Fotografia,Asti (AT),Fotografa famiglie e newborn,primo,2026-09-23-instagram-siti-piemonte-foto-makeup
2026-09-24,Patrick Sappa,@giulia_truccatricetorino,Giulia Pizzitola Makeup Artist,Torino (TO),Make-up sposa,primo,2026-09-23-instagram-siti-piemonte-foto-makeup
2026-09-24,Patrick Sappa,@giuliaclaudio.makeup,Giulia Claudio Make-up Artist,Piemonte (TO),Make-up e hair sposa,primo,2026-09-23-instagram-siti-piemonte-foto-makeup
2026-09-24,Patrick Sappa,@guariscopavimenti,Guarisco Pavimenti,Como (CO),"Pavimenti e rivestimenti, posa",primo,2026-09-23-instagram-ricerca-lombardia
2026-09-24,Patrick Sappa,@icinepresi_saravolpevideomaker,iCinepresi Videomaker,Piemonte (TO),Videomaker matrimoni e spot,primo,2026-09-23-instagram-siti-piemonte-foto-makeup
2026-09-24,Patrick Sappa,@idealcontrol_piscine,IdealControl Piscine,Concorezzo (MB),Piscine private e pubbliche,primo,2026-09-23-instagram-ricerca-lombardia
2026-09-24,Patrick Sappa,@ilax.borgo,Ilaria Borgo Make-up Artist,Asti (AT),Make-up artist,primo,2026-09-23-instagram-siti-piemonte-foto-makeup
2026-09-24,Patrick Sappa,@ilverdediale_giardinaggio,Il Verde di Ale,Brescia (BS),Progettazione e manutenzione del verde,primo,2026-09-23-instagram-ricerca-lombardia
2026-09-24,Patrick Sappa,@impresa_palenga,Costruzioni Palenga,Olgiate Olona (VA),Impresa edile dal 1945,primo,2026-09-23-instagram-ricerca-lombardia
2026-09-24,Patrick Sappa,@insegne.milano.group,Insegne Milano Group,Milano (MI),Insegne luminose e vetrofanie,primo,2026-09-23-instagram-ricerca-lombardia
2026-09-24,Patrick Sappa,@insegneledmilano,Insegne Led Milano,Santo Stefano Ticino (MI),Insegne a led e lettere scatolate,primo,2026-09-23-instagram-ricerca-lombardia
2026-09-24,Patrick Sappa,@kristimake_up,Kristi Make up & Hair,Novara (NO),Make-up e hair sposa,primo,2026-09-23-instagram-siti-piemonte-foto-makeup
2026-09-24,Patrick Sappa,@laura.monticciolo.mua,Laura Monticciolo Make-up Artist,Alessandria (AL),Make-up sposa e fashion,primo,2026-09-23-instagram-siti-piemonte-foto-makeup
2026-09-24,Patrick Sappa,@lei_beauty_room_,Lei Beauty Room,Torino (TO),Centro estetico,primo,2026-09-23-instagram-siti-piemonte-foto-makeup
2026-09-24,Patrick Sappa,@lodagroupspa,Loda Group,Castiglione delle Stiviere (MN),Distribuzione prodotti siderurgici,primo,2026-09-23-instagram-ricerca-lombardia
2026-09-24,Patrick Sappa,@lyudmilakovtun.portraits,Lyudmila Kovtun Fotografa,Borgo Ticino (NO),Fotografa famiglie e pet,primo,2026-09-23-instagram-siti-piemonte-foto-makeup
2026-09-24,Patrick Sappa,@maguglianisrl,Magugliani dal 1800,Marcallo con Casone (MI),"Case in legno, porte e serramenti",primo,2026-09-23-instagram-ricerca-lombardia
2026-09-24,Patrick Sappa,@make_up_artist_cuneo,Make up artist Cuneo,Cuneo (CN),Make-up sposa,primo,2026-09-23-instagram-siti-piemonte-foto-makeup
2026-09-24,Patrick Sappa,@makeupartist_milano_torino,Truccatrice e Trainer Torino,Torino (TO),Make-up sposa e corsi,primo,2026-09-23-instagram-siti-piemonte-foto-makeup
2026-09-24,Patrick Sappa,@makeupasti__,Chiara Makeup Asti,Asti (AT),Make-up e hairstyle,primo,2026-09-23-instagram-siti-piemonte-foto-makeup
2026-09-24,Patrick Sappa,@makeupedacconciaturatorino,Make-up Artist e Hair-stylist Torino,Torino (TO),Make-up e acconciature,primo,2026-09-23-instagram-siti-piemonte-foto-makeup
2026-09-24,Patrick Sappa,@mariatrano_mua,Maria Trano Truccatrice,Torino (TO),Make-up sposa e moda,primo,2026-09-23-instagram-siti-piemonte-foto-makeup
2026-09-24,Patrick Sappa,@marinotoninellivivai,Marino Toninelli Vivai,Poncarale (BS),Produzione florovivaistica all'ingrosso,primo,2026-09-23-instagram-ricerca-lombardia
2026-09-24,Patrick Sappa,@marmibottinivaresemilano,Marmi Bottini,Busto Arsizio (VA),Marmista dal 1855,primo,2026-09-23-instagram-ricerca-lombardia
2026-09-24,Patrick Sappa,@martafusarophotography_,Marta Fusaro Photography,Vercelli (VC),Fotografa newborn,primo,2026-09-23-instagram-siti-piemonte-foto-makeup
2026-09-24,Patrick Sappa,@mgm_lamarmoteca,MGM La Marmoteca,Mariano Comense (CO),Marmo dal 1969,primo,2026-09-23-instagram-ricerca-lombardia
2026-09-24,Patrick Sappa,@minniminerva_make.up,Minerva Esposito MUA,Alessandria (AL),Make-up sposa ed eventi,primo,2026-09-23-instagram-siti-piemonte-foto-makeup
2026-09-24,Patrick Sappa,@mirko.mina,Mirko Mina Fotografo e Videomaker,Torino (TO),Fotografo food e brand,primo,2026-09-23-instagram-siti-piemonte-foto-makeup
2026-09-24,Patrick Sappa,@mollashots,Alessia Molina Fotografo Eventi,Torino (TO),Fotografa eventi e corporate,primo,2026-09-23-instagram-siti-piemonte-foto-makeup
2026-09-24,Patrick Sappa,@mottaarredare,Motta Arredare,Bernareggio (MB),Falegnameria dal 1946,primo,2026-09-23-instagram-ricerca-lombardia
2026-09-24,Patrick Sappa,@mulattieri_srl,Mulattieri,Colico (LC),Serramenti in alluminio e acciaio,primo,2026-09-23-instagram-ricerca-lombardia
2026-09-24,Patrick Sappa,@nataliportraits,Natali Portraits,Torino (TO),Fotografa ritratti,primo,2026-09-23-instagram-siti-piemonte-foto-makeup
2026-09-24,Patrick Sappa,@natalivolkova_ph,Natali Volkova Photographer,Torino (TO),Fotografa ritratti e gravidanza,primo,2026-09-23-instagram-siti-piemonte-foto-makeup
2026-09-24,Patrick Sappa,@nocloudsproduction,No Clouds Production,Biella (BI),Videomaker e fotografo,primo,2026-09-23-instagram-siti-piemonte-foto-makeup
2026-09-24,Patrick Sappa,@noemiavvedutoph,Noemi Avveduto Ph,Nichelino (TO),Fotografa maternità e famiglie,primo,2026-09-23-instagram-siti-piemonte-foto-makeup
2026-09-24,Patrick Sappa,@ohhanna_beauty,Ohhanna Beauty Truccatrice,Torino (TO),Make-up e hair,primo,2026-09-23-instagram-siti-piemonte-foto-makeup
2026-09-24,Patrick Sappa,@paola_motta_wedding_planner,Agenzia Paola Motta Wedding Planner,Torino (TO),Wedding planner,primo,2026-09-23-instagram-siti-piemonte-foto-makeup
2026-09-24,Patrick Sappa,@pathosartlecco,Pathos Art Lecco,Lecco (LC),Rivestimenti continui e showroom,primo,2026-09-23-instagram-ricerca-lombardia
2026-09-24,Patrick Sappa,@pavus_milano,Pavus,Milano (MI),Pavimenti e rivestimenti dal 1971,primo,2026-09-23-instagram-ricerca-lombardia
2026-09-24,Patrick Sappa,@petalidirosa_wedding,Petali di Rosa Floral Design,Langhe (CN),Floral design matrimoni,primo,2026-09-23-instagram-siti-piemonte-foto-makeup
2026-09-24,Patrick Sappa,@pftraslochi,PF Traslochi Brescia,Brescia (BS),Traslochi con deposito e autoscala,primo,2026-09-23-instagram-ricerca-lombardia
2026-09-24,Patrick Sappa,@photo.cristianoporelli,Cristiano Porelli Fotografo,Alba (CN),Fotografo matrimoni e aziende,primo,2026-09-23-instagram-siti-piemonte-foto-makeup
2026-09-24,Patrick Sappa,@professionepiscinepavia,Professione Piscine,Pavia (PV),Costruzione e manutenzione piscine,primo,2026-09-23-instagram-ricerca-lombardia
2026-09-24,Patrick Sappa,@rholltap,Rholltap Serramenti,Rho (MI),Produzione sistemi oscuranti e serramenti,primo,2026-09-23-instagram-ricerca-lombardia
2026-09-24,Patrick Sappa,@russo_traslochi,Russo Traslochi,Milano (MI),Traslochi e trasporti da mezzo secolo,primo,2026-09-23-instagram-ricerca-lombardia
2026-09-24,Patrick Sappa,@salinapubblicita,Salina Pubblicità,Desenzano del Garda (BS),Insegne e stampa grande formato,primo,2026-09-23-instagram-ricerca-lombardia
2026-09-24,Patrick Sappa,@salumificiobrianza,Salumificio Brianza,Brianza (MB),"Salumificio, prosciutto DOP",primo,2026-09-23-instagram-ricerca-lombardia
2026-09-24,Patrick Sappa,@sangiulianese_traslochi,Sangiulianese Traslochi,San Giuliano Milanese (MI),"Traslochi, opere d'arte e archivio",primo,2026-09-23-instagram-ricerca-lombardia
2026-09-24,Patrick Sappa,@sara_villa_event,Sara Villa Wedding Planner,Novara (NO),Wedding planner,primo,2026-09-23-instagram-siti-piemonte-foto-makeup
2026-09-24,Patrick Sappa,@serenasilviafotografie,Serena e Silvia Fotografe,Alessandria (AL),Fotografe newborn e wedding,primo,2026-09-23-instagram-siti-piemonte-foto-makeup
2026-09-24,Patrick Sappa,@sironi_marmi,Sironi Marmi,Monza (MB),"Lavorazione marmi e graniti, cento anni",primo,2026-09-23-instagram-ricerca-lombardia
2026-09-24,Patrick Sappa,@tanya_prof_pm_torino,Tetiana Trucco Permanente,Torino (TO),PMU e trucco permanente,primo,2026-09-23-instagram-siti-piemonte-foto-makeup
2026-09-24,Patrick Sappa,@tecnograniti,Tecnograniti,Bellusco (MB),Piani cucina e arredo in pietra,primo,2026-09-23-instagram-ricerca-lombardia
2026-09-24,Patrick Sappa,@traslochi.arundine,Traslochi Arundine,Vigevano (PV),Traslochi e noleggio piattaforme,primo,2026-09-23-instagram-ricerca-lombardia
2026-09-24,Patrick Sappa,@vallmar_srl,Vallmar,Meda (MB),Lavorazione marmi e graniti,primo,2026-09-23-instagram-ricerca-lombardia
2026-09-24,Patrick Sappa,@varlaro_srl,Varlaro,Arcisate (VA),Costruzioni metalliche e chiusure per box,primo,2026-09-23-instagram-ricerca-lombardia
2026-09-24,Patrick Sappa,@vivaiodelsolecrema,Vivaio del Sole,Crema (CR),Vivaio e progettazione giardini,primo,2026-09-23-instagram-ricerca-lombardia
2026-09-24,Patrick Sappa,@vivaiofranciacorta,Vivaio Franciacorta,Adro (BS),Vivaio e manutenzione giardini,primo,2026-09-23-instagram-ricerca-lombardia
2026-09-24,Patrick Sappa,@vivaiosaronno,Vivaio Saronno,Saronno (VA),Vivaio,primo,2026-09-23-instagram-ricerca-lombardia
2026-09-24,Patrick Sappa,@ydroterm_di_lenares_g,Ydroterm,Valmorea (CO),Impianti idraulici e piscine,primo,2026-09-23-instagram-ricerca-lombardia
2026-09-24,Patrick Sappa,@zanettivivai,Zanetti Vivai,Passirano (BS),Florovivaismo dal 1969,primo,2026-09-23-instagram-ricerca-lombardia
2026-09-28,Patrick Sappa,@__ap.the.barber__,Alessandro Porcu The Barber,Torino (TO),Barbiere,primo,2026-09-25-instagram-siti-piemonte-barbieri
2026-09-28,Patrick Sappa,@__gentlemens_barbershop__,Gentlemen's Barbershop,Settimo Torinese (TO),Barbiere,primo,2026-09-25-instagram-siti-piemonte-barbieri
2026-09-28,Patrick Sappa,@_adambarberiaroyal,Adam Barberia Royal,Settimo Torinese (TO),Barbiere,primo,2026-09-25-instagram-siti-piemonte-barbieri
2026-09-28,Patrick Sappa,@_barber_shop_rayane,Barber Shop Rayane,Cuneo (CN),Barbiere,primo,2026-09-25-instagram-siti-piemonte-barbieri
2026-09-28,Patrick Sappa,@_dinaro_barber,Dinaro Barber,Settimo Torinese (TO),Barbiere,primo,2026-09-25-instagram-siti-piemonte-barbieri
2026-09-28,Patrick Sappa,@_passionemoto23,Passione Moto 23,Bergamo (BG),"Moto: vendita, officina, soccorso e noleggio",primo,2026-09-25-instagram-ricerca-lombardia
2026-09-28,Patrick Sappa,@_teosbarbershop_,Teo's Barber Shop,Vercelli (VC),Barbiere,primo,2026-09-25-instagram-siti-piemonte-barbieri
2026-09-28,Patrick Sappa,@ab.barberlab,AB Barberlab,Chieri (TO),Barbiere,primo,2026-09-25-instagram-siti-piemonte-barbieri
2026-09-28,Patrick Sappa,@abicasa_vivere_stile_passione,Abicasa,Milano (MI),Ristrutturazione d'interni e arredo bagno,primo,2026-09-25-instagram-ricerca-lombardia
2026-09-28,Patrick Sappa,@acbsrl_autotrasporti,ACB Srl Logistica e Trasporto,Suisio (BG),Trasporti e logistica,primo,2026-09-25-instagram-ricerca-lombardia
2026-09-28,Patrick Sappa,@acconciature_lu_nico,Acconciature Lu e Nico Barber,Chieri (TO),Hairstylist e barbiere,primo,2026-09-25-instagram-siti-piemonte-barbieri
2026-09-28,Patrick Sappa,@acconciature_renato,Acconciature Renato,Acqui Terme (AL),Barbiere e parrucchiere,primo,2026-09-25-instagram-siti-piemonte-barbieri
2026-09-28,Patrick Sappa,@agustcoffee,Torrefazione Agust,Brescia (BS),Torrefazione di caffè,primo,2026-09-25-instagram-ricerca-lombardia
2026-09-28,Patrick Sappa,@alex_cosimo_barber,619 Barber Shop di Alex Corasaniti,Omegna (VB),Barbiere,primo,2026-09-25-instagram-siti-piemonte-barbieri
2026-09-28,Patrick Sappa,@alfribarbershop,Alfri Barbershop,Cuneo (CN),Barbiere,primo,2026-09-25-instagram-siti-piemonte-barbieri
2026-09-28,Patrick Sappa,@amimanera_barberia,Barberia A Mi Manera,Alessandria (AL),Barbiere,primo,2026-09-25-instagram-siti-piemonte-barbieri
2026-09-28,Patrick Sappa,@anas_ninos,Da Barber Anas,Pinerolo (TO),Barbiere,primo,2026-09-25-instagram-siti-piemonte-barbieri
2026-09-28,Patrick Sappa,@andrea_lamura_barber,Barber Garage di Andrea Lamura,Chivasso (TO),Barbiere,primo,2026-09-25-instagram-siti-piemonte-barbieri
2026-09-28,Patrick Sappa,@andres_enobarberia_official,Andrea's Enobarberia,Vercelli (VC),"Barbiere, vino e massaggi",primo,2026-09-25-instagram-siti-piemonte-barbieri
2026-09-28,Patrick Sappa,@antica_barberia_novara,Antica Barberia Novara,Novara (NO),Barbiere,primo,2026-09-25-instagram-siti-piemonte-barbieri
2026-09-28,Patrick Sappa,@antico_mestiere,L'antico Mestiere,Mondovì (CN),Parrucchiere uomo,primo,2026-09-25-instagram-siti-piemonte-barbieri
2026-09-28,Patrick Sappa,@antoniocioffi.barbershop,Antonio Cioffi Barber Shop,Banchette (TO),Barbiere e parrucchiere,primo,2026-09-25-instagram-siti-piemonte-barbieri
2026-09-28,Patrick Sappa,@archingegnosrl,Archingegno,Milano (MI),"Impresa edile: facciate, coperture, interni",primo,2026-09-25-instagram-ricerca-lombardia
2026-09-28,Patrick Sappa,@arte_della_barberia,L'arte della Barberia,Alba (CN),Barbiere,primo,2026-09-25-instagram-siti-piemonte-barbieri
2026-09-28,Patrick Sappa,@atlas_barbershop_grugliasco,Atlas Barbershop,Grugliasco (TO),Barbiere,primo,2026-09-25-instagram-siti-piemonte-barbieri
2026-09-28,Patrick Sappa,@autocicognara,AutoCicognara,Milano (MI),Auto usate,primo,2026-09-25-instagram-ricerca-lombardia
2026-09-28,Patrick Sappa,@autocityelle_srl,Autocityelle,Milano (MI),Officina autorizzata Hyundai,primo,2026-09-25-instagram-ricerca-lombardia
2026-09-28,Patrick Sappa,@autofficinasottile,Autofficina Sottile,Milano (MI),Officina meccatronica,primo,2026-09-25-instagram-ricerca-lombardia
2026-09-28,Patrick Sappa,@autoscuolaformula_1,Autoscuola Formula 1,Arcore (MB),Autoscuola con più sedi,primo,2026-09-25-instagram-ricerca-lombardia
2026-09-28,Patrick Sappa,@autotrasportiimberti,Autotrasporti Imberti,Casnigo (BG),"Trasporti, gru, logistica e depositi",primo,2026-09-25-instagram-ricerca-lombardia
2026-09-28,Patrick Sappa,@aziz_barbershop_alba,Barber Shop Aziz,Alba (CN),Barbiere,primo,2026-09-25-instagram-siti-piemonte-barbieri
2026-09-28,Patrick Sappa,@bandido_youssef,Bandido Barber Shop,Acqui Terme (AL),Barbiere,primo,2026-09-25-instagram-siti-piemonte-barbieri
2026-09-28,Patrick Sappa,@barb.one_alba,Barb.One di Lorenzo Gilestro,Alba (CN),Barbiere,primo,2026-09-25-instagram-siti-piemonte-barbieri
2026-09-28,Patrick Sappa,@barber.crew111,Barber Crew 111,Asti (AT),Barbiere,primo,2026-09-25-instagram-siti-piemonte-barbieri
2026-09-28,Patrick Sappa,@barber.dave.c,Davide Caterisano,Asti (AT),Barbiere ed educator,primo,2026-09-25-instagram-siti-piemonte-barbieri
2026-09-28,Patrick Sappa,@barber.shop_costa,Barber Shop Costa,Ivrea (TO),Barbiere,primo,2026-09-25-instagram-siti-piemonte-barbieri
2026-09-28,Patrick Sappa,@barber26_,Barber 26 di Marco Lalomia,Chieri (TO),Barbiere e academy,primo,2026-09-25-instagram-siti-piemonte-barbieri
2026-09-28,Patrick Sappa,@barber_shop_di_samuele,Barbershop di Samuele,Alessandria (AL),Barbiere,primo,2026-09-25-instagram-siti-piemonte-barbieri
2026-09-28,Patrick Sappa,@barber_shop_monim,Barber Fashion Monim,Trecate (NO),Barbiere,primo,2026-09-25-instagram-siti-piemonte-barbieri
2026-09-28,Patrick Sappa,@barberclubmondovi,Barber Club Mondovì,Mondovì (CN),Barbiere,primo,2026-09-25-instagram-siti-piemonte-barbieri
2026-09-28,Patrick Sappa,@barberia___13,B_13 Barberia,Tortona (AL),Barbiere,primo,2026-09-25-instagram-siti-piemonte-barbieri
2026-09-28,Patrick Sappa,@barberia_el_cholo,Barberia El Cholo,Rivoli (TO),Barbiere,primo,2026-09-25-instagram-siti-piemonte-barbieri
2026-09-28,Patrick Sappa,@barberiacortese,Barberia Cortese,Borgomanero (NO),Barbiere,primo,2026-09-25-instagram-siti-piemonte-barbieri
2026-09-28,Patrick Sappa,@barberniego,Barber Niego,Borgofranco d'Ivrea (TO),Barbiere,primo,2026-09-25-instagram-siti-piemonte-barbieri
2026-09-28,Patrick Sappa,@barbershop_brothers_10064,Barber Shop Said & Aziz,Pinerolo (TO),Barbiere,primo,2026-09-25-instagram-siti-piemonte-barbieri
2026-09-28,Patrick Sappa,@barbershopdasalah,Barbershop da Salah,Cuneo (CN),Barbiere,primo,2026-09-25-instagram-siti-piemonte-barbieri
2026-09-28,Patrick Sappa,@barbershopnino,Nino Barber Shop,Novara (NO),Barbiere,primo,2026-09-25-instagram-siti-piemonte-barbieri
2026-09-28,Patrick Sappa,@barbershoptommy_collegno,Tommy dal 1988,Collegno (TO),Barbiere,primo,2026-09-25-instagram-siti-piemonte-barbieri
2026-09-28,Patrick Sappa,@barbiere_rosario_dal_1962,Barbiere Rosario dal 1962,Grugliasco (TO),Barbiere,primo,2026-09-25-instagram-siti-piemonte-barbieri
2026-09-28,Patrick Sappa,@barneysbarberstudio,Barney's Barber Studio,Carmagnola (TO),Barbiere,primo,2026-09-25-instagram-siti-piemonte-barbieri
2026-09-28,Patrick Sappa,@bastiansalonemaschile,Bastian Salone Maschile,Torino (TO),Barbiere,primo,2026-09-25-instagram-siti-piemonte-barbieri
2026-09-28,Patrick Sappa,@belbrutitrasporti,Autotrasporti Belbruti Alessandro,Castelli Calepio (BG),Autotrasporti,primo,2026-09-25-instagram-ricerca-lombardia
2026-09-28,Patrick Sappa,@benny.barber.and.more,Benny Barber and More,Cossato (BI),Barbiere,primo,2026-09-25-instagram-siti-piemonte-barbieri
2026-09-28,Patrick Sappa,@berlinbarbershop2025,Berlin Barbershop,Ceva (CN),Barbiere,primo,2026-09-25-instagram-siti-piemonte-barbieri
2026-09-28,Patrick Sappa,@borgospurghi,Borgo Spurghi,Castenedolo (BS),"Spurghi, bonifiche e servizi ambientali",primo,2026-09-25-instagram-ricerca-lombardia
2026-09-28,Patrick Sappa,@br3_italia,BR3,San Zeno Naviglio (BS),Trasporti e logistica,primo,2026-09-25-instagram-ricerca-lombardia
2026-09-28,Patrick Sappa,@brianzanautica,Brianza Nautica,Cantù (CO),Concessionaria nautica e officina,primo,2026-09-25-instagram-ricerca-lombardia
2026-09-28,Patrick Sappa,@caffecarissimi,Carissimi Torrefazione,Orio al Serio (BG),Torrefazione di caffè,primo,2026-09-25-instagram-ricerca-lombardia
2026-09-28,Patrick Sappa,@carozziformaggi,Carozzi Formaggi,Pasturo (LC),Formaggi: stagionatura e vendita,primo,2026-09-25-instagram-ricerca-lombardia
2026-09-28,Patrick Sappa,@carrozzeria.industriale.algeri,Carrozzeria Industriale Algeri,Pedrengo (BG),Carrozzeria industriale,primo,2026-09-25-instagram-ricerca-lombardia
2026-09-28,Patrick Sappa,@carrozzeria_paronzini,Carrozzeria e Meccanica Paronzini,Marchirolo (VA),"Carrozzeria, meccanica, soccorso stradale",primo,2026-09-25-instagram-ricerca-lombardia
2026-09-28,Patrick Sappa,@cascinaalberona,Cascina Alberona,Mortara (PV),Azienda risicola con riseria e vendita,primo,2026-09-25-instagram-ricerca-lombardia
2026-09-28,Patrick Sappa,@caseificio_sociale_valsabbino,Caseificio Sociale Valsabbino,Sabbio Chiese (BS),Caseificio cooperativo,primo,2026-09-25-instagram-ricerca-lombardia
2026-09-28,Patrick Sappa,@cavalieriropes,Cavalieri Rag. Cesare,Sale Marasino (BS),Corderia: corde e trecce sintetiche,primo,2026-09-25-instagram-ricerca-lombardia
2026-09-28,Patrick Sappa,@centrorevisionimastercar,Centro Revisioni Master Car,Milano (MI),"Revisioni, officina, carrozzeria",primo,2026-09-25-instagram-ricerca-lombardia
2026-09-28,Patrick Sappa,@cesc.artigiani.barbieri,Cesc Artigiani Barbieri,Asti (AT),Barbiere,primo,2026-09-25-instagram-siti-piemonte-barbieri
2026-09-28,Patrick Sappa,@chawa_hairstyle,Chawa Hairstyle,Novara (NO),Barbiere,primo,2026-09-25-instagram-siti-piemonte-barbieri
2026-09-28,Patrick Sappa,@clover_barber_club,Clover Barber Club,Casale Monferrato (AL),Barbiere,primo,2026-09-25-instagram-siti-piemonte-barbieri
2026-09-28,Patrick Sappa,@cognata_hair_style,Cognata Hair Style,Fossano (CN),Barbiere,primo,2026-09-25-instagram-siti-piemonte-barbieri
2026-09-28,Patrick Sappa,@contiriso_riseria,ContiRiso,Candia Lomellina (PV),Riseria di famiglia,primo,2026-09-25-instagram-ricerca-lombardia
2026-09-28,Patrick Sappa,@cos.barber.shop,Il tuo barbiere di fiducia,Cuneo (CN),Barbiere,primo,2026-09-25-instagram-siti-piemonte-barbieri
2026-09-28,Patrick Sappa,@da_mimmobarber,Da Mimmo Barber Shop,Verbania (VB),Barbiere,primo,2026-09-25-instagram-siti-piemonte-barbieri
2026-09-28,Patrick Sappa,@davighifratelli,Davighi,Casalmaggiore (CR),Concessionaria auto,primo,2026-09-25-instagram-ricerca-lombardia
2026-09-28,Patrick Sappa,@delo_hair_studio,Delo Hair Studio,Casale Monferrato (AL),Barbiere,primo,2026-09-25-instagram-siti-piemonte-barbieri
2026-09-28,Patrick Sappa,@dieselcalcinato,Diesel Calcinato,Calcinato (BS),"Officina auto e autocarri, soccorso stradale",primo,2026-09-25-instagram-ricerca-lombardia
2026-09-28,Patrick Sappa,@dodici_hairlab_barber,Dodici Hair Lab,Ivrea (TO),Barbiere e haircolor,primo,2026-09-25-instagram-siti-piemonte-barbieri
2026-09-28,Patrick Sappa,@domidea.it,Domidea Ristrutturazioni,Milano (MI),Impresa di ristrutturazioni,primo,2026-09-25-instagram-ricerca-lombardia
2026-09-28,Patrick Sappa,@drdmotomilano,DRD Moto Milano,Milano (MI),Concessionaria moto,primo,2026-09-25-instagram-ricerca-lombardia
2026-09-28,Patrick Sappa,@edilceramicheberetta,Edil Ceramiche Beretta,Bonate Sotto (BG),"Materiali edili, pavimenti e ristrutturazioni",primo,2026-09-25-instagram-ricerca-lombardia
2026-09-28,Patrick Sappa,@edilstrade_srl,Edilstrade,Peia (BG),Costruzioni e lavori stradali,primo,2026-09-25-instagram-ricerca-lombardia
2026-09-28,Patrick Sappa,@eredibaitellispa,Eredi Baitelli,Erbusco (BS),Tornitura metallica di precisione,primo,2026-09-25-instagram-ricerca-lombardia
2026-09-28,Patrick Sappa,@eredicornaggia,Torneria Eredi Cornaggia,Abbadia Lariana (LC),Torneria,primo,2026-09-25-instagram-ricerca-lombardia
2026-09-28,Patrick Sappa,@esibiskoatelier,Esibisko Atelier,Vercelli (VC),Hair salon e barber shop,primo,2026-09-25-instagram-siti-piemonte-barbieri
2026-09-28,Patrick Sappa,@espressioneparrucchieri,Espressione Parrucchieri,Mondovì (CN),Barbiere,primo,2026-09-25-instagram-siti-piemonte-barbieri
2026-09-28,Patrick Sappa,@esse_hair_cut,Esse Haircut,Torino (TO),Catena di barbieri,primo,2026-09-25-instagram-siti-piemonte-barbieri
2026-09-28,Patrick Sappa,@fashionn_blackk,Youby Hairstyle,Mondovì (CN),Barbiere e parrucchiere uomo e donna,primo,2026-09-25-instagram-siti-piemonte-barbieri
2026-09-28,Patrick Sappa,@figaro_barberia_grugliasco,Figaro Barberia,Grugliasco (TO),Barbiere,primo,2026-09-25-instagram-siti-piemonte-barbieri
2026-09-28,Patrick Sappa,@flyoriginalofficial,Fly Original,Milano (MI),Lavori in quota su funi,primo,2026-09-25-instagram-ricerca-lombardia
2026-09-28,Patrick Sappa,@fmk.salon,FMK Salon,Collegno (TO),"Parrucchiere uomo e donna, barber shop",primo,2026-09-25-instagram-siti-piemonte-barbieri
2026-09-28,Patrick Sappa,@formaggisalumisrocco,Formaggi Salumi S. Rocco,Brescia (BS),Distribuzione formaggi e salumi per la ristorazione,primo,2026-09-25-instagram-ricerca-lombardia
2026-09-28,Patrick Sappa,@franaspurghi,Frana Spurghi,Madone (BG),Spurghi civili e industriali,primo,2026-09-25-instagram-ricerca-lombardia
2026-09-28,Patrick Sappa,@francotagliouomo,Franco Taglio Uomo,Torino (TO),Barbiere,primo,2026-09-25-instagram-siti-piemonte-barbieri
2026-09-28,Patrick Sappa,@frigeriospa,Frigerio,Orio al Serio (BG),"Produzione scale, ponteggi e trabattelli",primo,2026-09-25-instagram-ricerca-lombardia
2026-09-28,Patrick Sappa,@ghoststudio_gs,Ghost Studio,Casale Monferrato (AL),Barbiere,primo,2026-09-25-instagram-siti-piemonte-barbieri
2026-09-28,Patrick Sappa,@glb_stampi,G.L.B. Stampi,Lumezzane (BS),Costruzione stampi e lavorazioni meccaniche,primo,2026-09-25-instagram-ricerca-lombardia
2026-09-28,Patrick Sappa,@gottabarbieri,Gotta Barbieri,Alessandria (AL),Barbiere,primo,2026-09-25-instagram-siti-piemonte-barbieri
2026-09-28,Patrick Sappa,@gringosbarberia,Gringo's Barberia,Bra (CN),Barbiere,primo,2026-09-25-instagram-siti-piemonte-barbieri
2026-09-28,Patrick Sappa,@gruppo_locatelli,Gruppo Locatelli,Bergamo (BG),Autoservizi e viaggi in autobus,primo,2026-09-25-instagram-ricerca-lombardia
2026-09-28,Patrick Sappa,@grupposoldi,Gruppo Soldi,Botticino (BS),Costruzioni e general contractor,primo,2026-09-25-instagram-ricerca-lombardia
2026-09-28,Patrick Sappa,@hooligans_barberia,Hooligan's Barberia,Novi Ligure (AL),Barbiere,primo,2026-09-25-instagram-siti-piemonte-barbieri
2026-09-28,Patrick Sappa,@hugo_barbershop_6.8,Hugo Barber Shop,Orbassano (TO),Barbiere e formazione,primo,2026-09-25-instagram-siti-piemonte-barbieri
2026-09-28,Patrick Sappa,@i_barbarucchieri,I Barbarucchieri,Fossano (CN),Barbiere e parrucchiere,primo,2026-09-25-instagram-siti-piemonte-barbieri
2026-09-28,Patrick Sappa,@iconbarberhairstyle,Icon Barber Hairstyle,Cuneo (CN),Barbiere e parrucchiere,primo,2026-09-25-instagram-siti-piemonte-barbieri
2026-09-28,Patrick Sappa,@ikibeautysalonnbarber,Iki Barber Shop,Casale Monferrato (AL),Barbiere,primo,2026-09-25-instagram-siti-piemonte-barbieri
2026-09-28,Patrick Sappa,@il_maestro_4_di_trecate,Il Maestro 4,Trecate (NO),Barbiere,primo,2026-09-25-instagram-siti-piemonte-barbieri
2026-09-28,Patrick Sappa,@ilbarbiere_disiviglia,Il Barbiere di Siviglia,Novara (NO),Barbiere,primo,2026-09-25-instagram-siti-piemonte-barbieri
2026-09-28,Patrick Sappa,@ilgeometradeicapelli,Il Geometra dei Capelli,Acqui Terme (AL),Barbiere e parrucchiere uomo donna,primo,2026-09-25-instagram-siti-piemonte-barbieri
2026-09-28,Patrick Sappa,@ilpelu_barbershop,Il Pelu Barbershop,Asti (AT),Barbiere,primo,2026-09-25-instagram-siti-piemonte-barbieri
2026-09-28,Patrick Sappa,@iltuotaglio_barbershop,Il Tuo Taglio Barbershop,Borgomanero (NO),Barbiere,primo,2026-09-25-instagram-siti-piemonte-barbieri
2026-09-28,Patrick Sappa,@impresaguiso,Impresa Guiso,Lecco (LC),"Serramenti per tetti, installatore Velux",primo,2026-09-25-instagram-ricerca-lombardia
2026-09-28,Patrick Sappa,@interno___,Interno Decorazione d'interni,Brescia (BS),Decorazione d'interni: carte da parati e finiture,primo,2026-09-25-instagram-ricerca-lombardia
2026-09-28,Patrick Sappa,@intestabarbershop,InTesta Barbershop,Chivasso (TO),Barbiere,primo,2026-09-25-instagram-siti-piemonte-barbieri
2026-09-28,Patrick Sappa,@karisma__barbershop_,Karisma Barbershop,Domodossola (VB),Barbiere,primo,2026-09-25-instagram-siti-piemonte-barbieri
2026-09-28,Patrick Sappa,@la_barberia_di_velotti_mario,La Barberia di Velotti Mario,Moncalieri (TO),Barbiere,primo,2026-09-25-instagram-siti-piemonte-barbieri
2026-09-28,Patrick Sappa,@lagrandebellezzabarbershop,La Grande Bellezza Barber Shop,Asti (AT),Barbiere,primo,2026-09-25-instagram-siti-piemonte-barbieri
2026-09-28,Patrick Sappa,@lal3pi,Pilosophy Barber,Biella (BI),Barbiere,primo,2026-09-25-instagram-siti-piemonte-barbieri
2026-09-28,Patrick Sappa,@lello.barber.shop,Lello Barber Shop,Casale Monferrato (AL),Barbiere,primo,2026-09-25-instagram-siti-piemonte-barbieri
2026-09-28,Patrick Sappa,@lineauomobarberia,Linea Uomo Barberia,Settimo Torinese (TO),Barbiere,primo,2026-09-25-instagram-siti-piemonte-barbieri
2026-09-28,Patrick Sappa,@marco_barb3r,Air Barber di Marco Zito,Grugliasco (TO),Barbiere,primo,2026-09-25-instagram-siti-piemonte-barbieri
2026-09-28,Patrick Sappa,@maschiolatino__barbershop,Maschio Latino Barber Shop,Rivoli (TO),Barbiere,primo,2026-09-25-instagram-siti-piemonte-barbieri
2026-09-28,Patrick Sappa,@matteobarber,Matteo Barber Torino,Torino (TO),Barbiere,primo,2026-09-25-instagram-siti-piemonte-barbieri
2026-09-28,Patrick Sappa,@mecamotor_ktm_kawasaki,Mecamotor,Mozzate (CO),Concessionaria moto KTM e Kawasaki,primo,2026-09-25-instagram-ricerca-lombardia
2026-09-28,Patrick Sappa,@mentalitabarbershop,Mentalità Barber Shop,Verbania (VB),Barbiere,primo,2026-09-25-instagram-siti-piemonte-barbieri
2026-09-28,Patrick Sappa,@mgcarrelli,MG Carrelli,Verdello (BG),Noleggio carrelli elevatori e logistica,primo,2026-09-25-instagram-ricerca-lombardia
2026-09-28,Patrick Sappa,@michaelcosta.mchair,MC Hair di Michael Costa,Nichelino (TO),Men's hairstylist,primo,2026-09-25-instagram-siti-piemonte-barbieri
2026-09-28,Patrick Sappa,@minellibarberia,Minelli Barberia,Vercelli (VC),Barbiere,primo,2026-09-25-instagram-siti-piemonte-barbieri
2026-09-28,Patrick Sappa,@miss.didi_barber,Miss Didì Barber Edition,Alessandria (AL),Lady barber,primo,2026-09-25-instagram-siti-piemonte-barbieri
2026-09-28,Patrick Sappa,@mr_freshcut,Fresh Cut da Guly,Ivrea (TO),Barbiere,primo,2026-09-25-instagram-siti-piemonte-barbieri
2026-09-28,Patrick Sappa,@nauticamassimo,Nautica Massimo,Ponte San Pietro (BG),"Nautica: vendita, assistenza e rimessaggio",primo,2026-09-25-instagram-ricerca-lombardia
2026-09-28,Patrick Sappa,@nicobarbershoptorino,Nico Barber Shop Torino,Torino (TO),Barbiere,primo,2026-09-25-instagram-siti-piemonte-barbieri
2026-09-28,Patrick Sappa,@papagomme,Papa Gomme,Milano (MI),Gommista e officina,primo,2026-09-25-instagram-ricerca-lombardia
2026-09-28,Patrick Sappa,@parrucchiere_jabran_torino,Jabran Barbiere,Torino (TO),Barbiere,primo,2026-09-25-instagram-siti-piemonte-barbieri
2026-09-28,Patrick Sappa,@passionemotosrl,Passione Moto,Lallio (BG),Officina moto BMW e special,primo,2026-09-25-instagram-ricerca-lombardia
2026-09-28,Patrick Sappa,@passioniemotori_,Passioni e Motori,Valmorea (CO),Autofficina,primo,2026-09-25-instagram-ricerca-lombardia
2026-09-28,Patrick Sappa,@pesta_barber,Pesta Barber,Novi Ligure (AL),Barbiere,primo,2026-09-25-instagram-siti-piemonte-barbieri
2026-09-28,Patrick Sappa,@piero_e_erik_1969,Barber Shop Piero ed Erik,Carmagnola (TO),Barbiere,primo,2026-09-25-instagram-siti-piemonte-barbieri
2026-09-28,Patrick Sappa,@ranielllima,Raniel Lima,Torino (TO),Barbiere,primo,2026-09-25-instagram-siti-piemonte-barbieri
2026-09-28,Patrick Sappa,@raviolificio_beretta,Raviolificio Beretta,Caselle Lurani (LO),Pastificio: pasta fresca,primo,2026-09-25-instagram-ricerca-lombardia
2026-09-28,Patrick Sappa,@robysgarage,Roby's Garage,Treviolo (BG),"Concessionaria moto, assistenza e revisioni",primo,2026-09-25-instagram-ricerca-lombardia
2026-09-28,Patrick Sappa,@rossetti__srl,Rossetti Srl,Senago (MI),Scavi e movimento terra,primo,2026-09-25-instagram-ricerca-lombardia
2026-09-28,Patrick Sappa,@rosta_barber_shop,Rosta Barber Shop,Saluzzo (CN),Barbiere,primo,2026-09-25-instagram-siti-piemonte-barbieri
2026-09-28,Patrick Sappa,@rota_fioriere_1950,Rota Fioriere,Milano (MI),Lattoneria e fioriere in metallo,primo,2026-09-25-instagram-ricerca-lombardia
2026-09-28,Patrick Sappa,@salsabarber_torino,Salsa Barber,Torino (TO),Barbiere,primo,2026-09-25-instagram-siti-piemonte-barbieri
2026-09-28,Patrick Sappa,@salumificio_cavalleri,Salumificio Cavalleri,Paitone (BS),Salumificio con consegne a domicilio,primo,2026-09-25-instagram-ricerca-lombardia
2026-09-28,Patrick Sappa,@salumificio_gamba_edoardo,Salumificio Edoardo Gamba,Villa d'Almè (BG),Salumificio e carni pregiate,primo,2026-09-25-instagram-ricerca-lombardia
2026-09-28,Patrick Sappa,@salumificiobonalumi,Salumificio Bonalumi,Mozzo (BG),Salumificio: produzione e ingrosso,primo,2026-09-25-instagram-ricerca-lombardia
2026-09-28,Patrick Sappa,@sestabarbershop,Sesta Barber Shop,Asti (AT),Barbiere,primo,2026-09-25-instagram-siti-piemonte-barbieri
2026-09-28,Patrick Sappa,@shaqbarber24,Shaqbarber24,Torino (TO),Barbiere,primo,2026-09-25-instagram-siti-piemonte-barbieri
2026-09-28,Patrick Sappa,@spaccio_agr._da_nonno_mario,Spaccio Agricolo da Nonno Mario,Dovera (CR),Azienda agricola con spaccio,primo,2026-09-25-instagram-ricerca-lombardia
2026-09-28,Patrick Sappa,@spurghi_idroservice_srls_,Spurghi Idroservice,Cologno Monzese (MI),Spurghi e servizi idraulici,primo,2026-09-25-instagram-ricerca-lombardia
2026-09-28,Patrick Sappa,@styleservicesrl,Style Service,Milano (MI),Impresa edile,primo,2026-09-25-instagram-ricerca-lombardia
2026-09-28,Patrick Sappa,@the.barbers.simo,Simo Barber Fossano,Fossano (CN),Barbiere,primo,2026-09-25-instagram-siti-piemonte-barbieri
2026-09-28,Patrick Sappa,@the_lord_andrew_barber_shop,The Lord Andrew Barber Shop,Trecate (NO),Barbiere,primo,2026-09-25-instagram-siti-piemonte-barbieri
2026-09-28,Patrick Sappa,@torneria.porro,Torneria Automatica Porro,Canzo (CO),Torneria meccanica di precisione,primo,2026-09-25-instagram-ricerca-lombardia
2026-09-28,Patrick Sappa,@torrefazioneelmiguel,Torrefazione El Miguel,Varese (VA),Torrefazione di caffè,primo,2026-09-25-instagram-ricerca-lombardia
2026-09-28,Patrick Sappa,@trasporti_arcieri,Trasporti e Spedizioni Arcieri,Medolago (BG),Autotrasporti conto terzi,primo,2026-09-25-instagram-ricerca-lombardia
2026-09-28,Patrick Sappa,@triumphvarese,Triumph Varese,Gallarate (VA),Concessionaria moto Triumph,primo,2026-09-25-instagram-ricerca-lombardia
2026-09-28,Patrick Sappa,@tuo_styletortona,Tuo Style Tortona,Tortona (AL),Barbiere,primo,2026-09-25-instagram-siti-piemonte-barbieri
2026-09-28,Patrick Sappa,@vasta.s.r.l,Vasta,Milano (MI),"Centro auto: carrozzeria, meccanica, gomme, lavaggio",primo,2026-09-25-instagram-ricerca-lombardia
2026-09-28,Patrick Sappa,@vitacar_toyota,Vitacar,Peschiera Borromeo (MI),Concessionaria e assistenza auto,primo,2026-09-25-instagram-ricerca-lombardia
2026-09-28,Patrick Sappa,@warberstudio,Warber Studio,Pinerolo (TO),Barbiere,primo,2026-09-25-instagram-siti-piemonte-barbieri
2026-09-28,Patrick Sappa,@zaak_barber_novara_1,Zaak Barber,Novara (NO),Barbiere,primo,2026-09-25-instagram-siti-piemonte-barbieri
2026-09-28,Patrick Sappa,@zoobarber_,Zoo Barber,Settimo Torinese (TO),Barbiere,primo,2026-09-25-instagram-siti-piemonte-barbieri
2026-09-29,Patrick Sappa,@2a_impianti_srl,2A Impianti Srl,Rogno (BG),Impianti elettrici industriali e fotovoltaici,primo,2026-09-29-instagram-ricerca-lombardia
2026-09-29,Patrick Sappa,@3c_falegnameria,3C Falegnameria,Bernareggio (MB),Arredi interni e arredi per negozi,primo,2026-09-29-instagram-ricerca-lombardia
2026-09-29,Patrick Sappa,@_noemilashstudio_,Noemi Lash Studio,Torino (TO),Extension e laminazione ciglia,primo,2026-09-29-instagram-siti-piemonte-ciglia-sopracciglia
2026-09-29,Patrick Sappa,@agricola.bertolotti,Azienda Agricola Bertolotti,Sumirago (VA),"Allevamento, macelleria km0 e consegne",primo,2026-09-29-instagram-ricerca-lombardia
2026-09-29,Patrick Sappa,@agriturismorossi_puntovendita,Agriturismo Rossi,Suzzara (MN),"Allevamento, agriturismo e punto vendita",primo,2026-09-29-instagram-ricerca-lombardia
2026-09-29,Patrick Sappa,@ali.cigliatorino,Alicja Lashmaker,Torino (TO),Extension ciglia e corsi,primo,2026-09-29-instagram-siti-piemonte-ciglia-sopracciglia
2026-09-29,Patrick Sappa,@alida.permanent_makeup,Alida Barbin Permanent Makeup,Valenza (AL),Trucco permanente ed extension,primo,2026-09-29-instagram-siti-piemonte-ciglia-sopracciglia
2026-09-29,Patrick Sappa,@anastasia_brows_up,Anastasia Brows Up,Torino (TO),Sopracciglia e laminazione ciglia,primo,2026-09-29-instagram-siti-piemonte-ciglia-sopracciglia
2026-09-29,Patrick Sappa,@andreea_extensionciglia,Andreea Extension Ciglia,Saluzzo (CN),Extension ciglia e PMU,primo,2026-09-29-instagram-siti-piemonte-ciglia-sopracciglia
2026-09-29,Patrick Sappa,@anitaviero_phi,Anita Viero,Gozzano (NO),Laminazione e microblading,primo,2026-09-29-instagram-siti-piemonte-ciglia-sopracciglia
2026-09-29,Patrick Sappa,@anna_lash_brows_artist,Anna Fiorile Lash & Brows,Stresa (VB),Laminazione ciglia e sopracciglia,primo,2026-09-29-instagram-siti-piemonte-ciglia-sopracciglia
2026-09-29,Patrick Sappa,@annamarialashstudio,Annamaria Lash Studio,Poirino (TO),Extension e laminazione ciglia,primo,2026-09-29-instagram-siti-piemonte-ciglia-sopracciglia
2026-09-29,Patrick Sappa,@ariannaraimondipmu,Arianna Raimondi PMU,Torino (TO),Dermopigmentazione e laminazione,primo,2026-09-29-instagram-siti-piemonte-ciglia-sopracciglia
2026-09-29,Patrick Sappa,@az.agr.cortedeimonaci,Corte dei Monaci,Crema (CR),Salumi e spaccio aziendale,primo,2026-09-29-instagram-ricerca-lombardia
2026-09-29,Patrick Sappa,@az_agr_marsetti,Azienda Agricola Marsetti,Romagnese (PV),"Ortaggi, frutta antica, agriturismo e spaccio",primo,2026-09-29-instagram-ricerca-lombardia
2026-09-29,Patrick Sappa,@azagricolabarelligabriele,Azienda Agricola Barelli Gabriele,Samolaco (SO),Prodotti caseari con spaccio aziendale,primo,2026-09-29-instagram-ricerca-lombardia
2026-09-29,Patrick Sappa,@aziendaagricolabaronchelli,Azienda Agricola Baronchelli,Lodigiano (LO),Allevamento bovino da latte,primo,2026-09-29-instagram-ricerca-lombardia
2026-09-29,Patrick Sappa,@aziendaagricolamuffatti_,Azienda Agricola Muffatti,Cantù (CO),Ortaggi con vendita diretta,primo,2026-09-29-instagram-ricerca-lombardia
2026-09-29,Patrick Sappa,@aziendaagricolanava,Azienda Agricola Nava,Roncello (MB),Allevamento suini e vendita diretta,primo,2026-09-29-instagram-ricerca-lombardia
2026-09-29,Patrick Sappa,@beautylab.anny,Beauty Lab Anny Rodrigues,Casale Monferrato (AL),"Ciglia, PMU e hydralips",primo,2026-09-29-instagram-siti-piemonte-ciglia-sopracciglia
2026-09-29,Patrick Sappa,@bebebeauty_pmu,Bebe Beauty Rebecca Gambale,Omegna (VB),Microblading e PMU,primo,2026-09-29-instagram-siti-piemonte-ciglia-sopracciglia
2026-09-29,Patrick Sappa,@bianca_vlad_lashmaker,Bianca Vlad Lashmaker,Saluzzo (CN),Extension e laminazione ciglia,primo,2026-09-29-instagram-siti-piemonte-ciglia-sopracciglia
2026-09-29,Patrick Sappa,@big_hop_distribuzione_,Big Hop Distribuzione,Como (CO),Distribuzione birra artigianale,primo,2026-09-29-instagram-ricerca-lombardia
2026-09-29,Patrick Sappa,@blossom_studio_2.0,Blossom Studio,Pinerolo (TO),Extension ciglia,primo,2026-09-29-instagram-siti-piemonte-ciglia-sopracciglia
2026-09-29,Patrick Sappa,@bosi_srl,Bosi Srl,Gonzaga (MN),Impianti elettrici e fotovoltaico per aziende,primo,2026-09-29-instagram-ricerca-lombardia
2026-09-29,Patrick Sappa,@bricalli_fbf,Fratelli Bricalli Falegnameria,Berbenno di Valtellina (SO),Serramenti artigianali e arredo d'interni,primo,2026-09-29-instagram-ricerca-lombardia
2026-09-29,Patrick Sappa,@carola.lashes.torino,Carola Lashes,Torino (TO),Extension e laminazione ciglia,primo,2026-09-29-instagram-siti-piemonte-ciglia-sopracciglia
2026-09-29,Patrick Sappa,@cascinasbianca,Cascina Sbianca,Besana in Brianza (MB),"Allevamento di capre, caseificio e negozio",primo,2026-09-29-instagram-ricerca-lombardia
2026-09-29,Patrick Sappa,@cascinavallazza,Cascina Vallazza,Broni (PV),Frutta e verdura con vendita diretta,primo,2026-09-29-instagram-ricerca-lombardia
2026-09-29,Patrick Sappa,@cda_centrodistribuzione,CDA Cash & Carry,Lozza (VA),Ingrosso alimentare per Ho.Re.Ca.,primo,2026-09-29-instagram-ricerca-lombardia
2026-09-29,Patrick Sappa,@chiarastefania.pmu,Chiara Stefania PMU,Torino (TO),Microblading sopracciglia,primo,2026-09-29-instagram-siti-piemonte-ciglia-sopracciglia
2026-09-29,Patrick Sappa,@cieb_elettroforniture,CIEB Elettroforniture Spa,Brescia (BS),Distribuzione materiale elettrico,primo,2026-09-29-instagram-ricerca-lombardia
2026-09-29,Patrick Sappa,@ciglia.biella,Dani Lashmaker,Biella (BI),Extension ciglia,primo,2026-09-29-instagram-siti-piemonte-ciglia-sopracciglia
2026-09-29,Patrick Sappa,@ciglia.di.luiza_,Luiza Lash Artist,Torino (TO),Extension ciglia,primo,2026-09-29-instagram-siti-piemonte-ciglia-sopracciglia
2026-09-29,Patrick Sappa,@ciglia_alessandria,Ciglia Alessandria,Alessandria (AL),Extension e laminazione,primo,2026-09-29-instagram-siti-piemonte-ciglia-sopracciglia
2026-09-29,Patrick Sappa,@cocoulashesarona,Cocou Lashes,Arona (NO),Extension ciglia e unghie,primo,2026-09-29-instagram-siti-piemonte-ciglia-sopracciglia
2026-09-29,Patrick Sappa,@comettifalegnameria,Cometti Falegnameria,Romano di Lombardia (BG),Serramenti e porte in legno,primo,2026-09-29-instagram-ricerca-lombardia
2026-09-29,Patrick Sappa,@cristina_blaja_lashes,Cristina Blaja Lash & Brow,Nichelino (TO),Extension ciglia e formazione,primo,2026-09-29-instagram-siti-piemonte-ciglia-sopracciglia
2026-09-29,Patrick Sappa,@cristina_lashess.ink,Cristina Lashes Ink,Torino (TO),PMU ed extension ciglia,primo,2026-09-29-instagram-siti-piemonte-ciglia-sopracciglia
2026-09-29,Patrick Sappa,@daria_lash_permanent_makeup,Daria Barberis PMU,Cuneo (CN),Trucco permanente ed extension,primo,2026-09-29-instagram-siti-piemonte-ciglia-sopracciglia
2026-09-29,Patrick Sappa,@domus.ing.arch,DOMUS ing&arch Srl,Bergamo (BG),Studio di architettura e ingegneria,primo,2026-09-29-instagram-ricerca-lombardia
2026-09-29,Patrick Sappa,@dorianacoli_pmu,Doriana Coli PMU,Arona (NO),Trucco permanente e laminazione,primo,2026-09-29-instagram-siti-piemonte-ciglia-sopracciglia
2026-09-29,Patrick Sappa,@dulcediaz136,Dulce Diaz Microblading,Torino (TO),Microblading e lip blush,primo,2026-09-29-instagram-siti-piemonte-ciglia-sopracciglia
2026-09-29,Patrick Sappa,@eda_estetica_avanzata,Eda Estetica Avanzata,Borgosesia (VC),Microblading ed extension,primo,2026-09-29-instagram-siti-piemonte-ciglia-sopracciglia
2026-09-29,Patrick Sappa,@ek_splendidaseitu,Splendida Sei Tu,Cameri (NO),"PMU, laminazione e skincare",primo,2026-09-29-instagram-siti-piemonte-ciglia-sopracciglia
2026-09-29,Patrick Sappa,@elena_ciglia_biella,Elena Extension Ciglia,Biella (BI),"Extension, laminazione e henné",primo,2026-09-29-instagram-siti-piemonte-ciglia-sopracciglia
2026-09-29,Patrick Sappa,@emanuelepanzerifalegnameria,Emanuele Panzeri Falegnameria,Lecco (LC),"Falegnameria: arredi per case, negozi e uffici",primo,2026-09-29-instagram-ricerca-lombardia
2026-09-29,Patrick Sappa,@esteticamente_ana,Esteticamente Ana,Galliate (NO),Ciglia ed estetica,primo,2026-09-29-instagram-siti-piemonte-ciglia-sopracciglia
2026-09-29,Patrick Sappa,@eurocemi_impianti_tecnologici,Eurocemi Impianti Tecnologici,Agrate Brianza (MB),Impianti elettrici industriali e cabine MT/BT,primo,2026-09-29-instagram-ricerca-lombardia
2026-09-29,Patrick Sappa,@extension.ciglia.torino,Alena Extension Ciglia,Torino (TO),Extension ciglia,primo,2026-09-29-instagram-siti-piemonte-ciglia-sopracciglia
2026-09-29,Patrick Sappa,@extension.cigliatorino,Lash by Lara,Torino (TO),Extension e laminazione ciglia,primo,2026-09-29-instagram-siti-piemonte-ciglia-sopracciglia
2026-09-29,Patrick Sappa,@extension_ciglia_rivoli,Noemi Extension Ciglia Rivoli,Rivoli (TO),Extension e laminazione ciglia,primo,2026-09-29-instagram-siti-piemonte-ciglia-sopracciglia
2026-09-29,Patrick Sappa,@extensionciglia_by_anastasia,Anastasia PMU ed Extension,Alessandria (AL),Trucco permanente ed extension,primo,2026-09-29-instagram-siti-piemonte-ciglia-sopracciglia
2026-09-29,Patrick Sappa,@extensionciglia_byolga,Extension Ciglia byOlga,Villanova Mondovì (CN),Extension ciglia,primo,2026-09-29-instagram-siti-piemonte-ciglia-sopracciglia
2026-09-29,Patrick Sappa,@extensioncigliatorino,DB Beauty Lash Bar,Torino (TO),Extension ciglia e PMU,primo,2026-09-29-instagram-siti-piemonte-ciglia-sopracciglia
2026-09-29,Patrick Sappa,@extensioncigliatrecate,Extension Ciglia Trecate,Trecate (NO),Extension ciglia,primo,2026-09-29-instagram-siti-piemonte-ciglia-sopracciglia
2026-09-29,Patrick Sappa,@extensions_ciglia_roe,Extensions Ciglia Savigliano,Savigliano (CN),Extension ciglia,primo,2026-09-29-instagram-siti-piemonte-ciglia-sopracciglia
2026-09-29,Patrick Sappa,@extensionscigliaverbania,Extensions Ciglia Verbania,Verbania (VB),Extension ciglia,primo,2026-09-29-instagram-siti-piemonte-ciglia-sopracciglia
2026-09-29,Patrick Sappa,@faisrl.materialelettrico,FAI srl,Misano di Gera d'Adda (BG),Materiale elettrico e illuminazione LED,primo,2026-09-29-instagram-ricerca-lombardia
2026-09-29,Patrick Sappa,@falegnameria_debernardi,Falegnameria De Bernardi srl,Faedo Valtellino (SO),"Falegnameria: cucine, arredi, serramenti",primo,2026-09-29-instagram-ricerca-lombardia
2026-09-29,Patrick Sappa,@falegnameria_f.lli_maestri,Falegnameria Fratelli Maestri,Castenedolo (BS),Arredamento e serramenti in legno,primo,2026-09-29-instagram-ricerca-lombardia
2026-09-29,Patrick Sappa,@falegnameria_gerna,Falegnameria Gerna snc,Chiuro (SO),"Arredamento, serramenti, interior design",primo,2026-09-29-instagram-ricerca-lombardia
2026-09-29,Patrick Sappa,@falegnameria_zaninelli,Falegnameria Zaninelli,Dovera (CR),Arredo e serramenti,primo,2026-09-29-instagram-ricerca-lombardia
2026-09-29,Patrick Sappa,@falegnameriaadda.serramenti,Falegnameria Adda srl,Suisio (BG),"Serramenti in legno, legno-alluminio e PVC",primo,2026-09-29-instagram-ricerca-lombardia
2026-09-29,Patrick Sappa,@falegnameriadelloca,Falegnameria dell'Oca,Morbegno (SO),"Serramenti, arredamenti, porte interne",primo,2026-09-29-instagram-ricerca-lombardia
2026-09-29,Patrick Sappa,@falegnameriamele,Falegnameria Mele,Cuveglio (VA),Serramenti e arredamenti in legno,primo,2026-09-29-instagram-ricerca-lombardia
2026-09-29,Patrick Sappa,@fanari.felicia,Beauty Studio Felicia Fanari,Casale Monferrato (AL),"Ciglia, sopracciglia e formazione",primo,2026-09-29-instagram-siti-piemonte-ciglia-sopracciglia
2026-09-29,Patrick Sappa,@gaya_fernandes_pmu,Gaya Fernandes PMU,Torino e provincia (TO),Trucco permanente,primo,2026-09-29-instagram-siti-piemonte-ciglia-sopracciglia
2026-09-29,Patrick Sappa,@gecotec_di_bassani_flavio,Gecotec,Lecco (LC),Studio tecnico: edilizia industriale e carpenteria,primo,2026-09-29-instagram-ricerca-lombardia
2026-09-29,Patrick Sappa,@giorgiatalarico_pmu_beautylab,GT Beauty Lab,Torino (TO),PMU e microblading,primo,2026-09-29-instagram-siti-piemonte-ciglia-sopracciglia
2026-09-29,Patrick Sappa,@gislaine.avancini,Gislaine Avancini,Novara (NO),Microblading e laminazione,primo,2026-09-29-instagram-siti-piemonte-ciglia-sopracciglia
2026-09-29,Patrick Sappa,@giulia_pmu_lashes_to,Giulia PMU Lashes,Piossasco (TO),"PMU, extension e laminazione",primo,2026-09-29-instagram-siti-piemonte-ciglia-sopracciglia
2026-09-29,Patrick Sappa,@giulietta.lashmaker,Giulietta Lashmaker,Novara (NO),Extension ciglia,primo,2026-09-29-instagram-siti-piemonte-ciglia-sopracciglia
2026-09-29,Patrick Sappa,@glbstudio.pmu,GLB Studio Giulia Larizza,Torino (TO),PMU e laminazione,primo,2026-09-29-instagram-siti-piemonte-ciglia-sopracciglia
2026-09-29,Patrick Sappa,@gmg_studiotecnico,GMG Studio Tecnico,Milano (MI),"Studio tecnico: pratiche, ristrutturazioni, direzione lavori",primo,2026-09-29-instagram-ricerca-lombardia
2026-09-29,Patrick Sappa,@grupponulli,Gruppo Nulli,Iseo (BS),Tetti in legno,primo,2026-09-29-instagram-ricerca-lombardia
2026-09-29,Patrick Sappa,@iamgiuliaandrealashbar,Studio Visagistico Giulia Andrea,Torino (TO),"Ciglia, sopracciglia e viso",primo,2026-09-29-instagram-siti-piemonte-ciglia-sopracciglia
2026-09-29,Patrick Sappa,@idrokalor_srl,Idrokalor Srl,Pescarolo ed Uniti (CR),"Termoidraulica, caldaie e condizionamento",primo,2026-09-29-instagram-ricerca-lombardia
2026-09-29,Patrick Sappa,@iltruccodiroby,Roberta Fasano Dermopigmentista,Valenza (AL),Dermopigmentazione e laminazione,primo,2026-09-29-instagram-siti-piemonte-ciglia-sopracciglia
2026-09-29,Patrick Sappa,@ingrossosavoldelli,Ingrosso Savoldelli,Pian Camuno (BS),"Ingrosso incarti, carta e detergenza",primo,2026-09-29-instagram-ricerca-lombardia
2026-09-29,Patrick Sappa,@ioana_beauty,Ioana Beauty,Oleggio (NO),"Extension, laminazione e microblading",primo,2026-09-29-instagram-siti-piemonte-ciglia-sopracciglia
2026-09-29,Patrick Sappa,@jackelin.pmu_lashes,Jackelin PMU Lashes,Vercelli (VC),PMU ed extension ciglia,primo,2026-09-29-instagram-siti-piemonte-ciglia-sopracciglia
2026-09-29,Patrick Sappa,@jessy_lashmaker,Jessy Lashmaker,Rivoli (TO),Ciglia e PMU,primo,2026-09-29-instagram-siti-piemonte-ciglia-sopracciglia
2026-09-29,Patrick Sappa,@jusymaniscalco_lash,Jusy Maniscalco Lash,Novara (NO),Laminazione ed extension ciglia,primo,2026-09-29-instagram-siti-piemonte-ciglia-sopracciglia
2026-09-29,Patrick Sappa,@kate.laminazione.torino,Kate Laminazione Torino,Torino (TO),Laminazione ciglia e sopracciglia,primo,2026-09-29-instagram-siti-piemonte-ciglia-sopracciglia
2026-09-29,Patrick Sappa,@keka_permanent_makeup,Keka Permanent,Torino (TO),PMU sopracciglia e lash lift,primo,2026-09-29-instagram-siti-piemonte-ciglia-sopracciglia
2026-09-29,Patrick Sappa,@kg_estetica.dermopigmentazione,KG Estetica e Dermopigmentazione,Cuneo (CN),"Dermopigmentazione, extension e laminazione",primo,2026-09-29-instagram-siti-piemonte-ciglia-sopracciglia
2026-09-29,Patrick Sappa,@ks_lash_room,KS Lash Room,Oleggio (NO),Extension ciglia,primo,2026-09-29-instagram-siti-piemonte-ciglia-sopracciglia
2026-09-29,Patrick Sappa,@l.a.s.h.italy,L.A.S.H. Italy,Biella (BI),Extension ciglia,primo,2026-09-29-instagram-siti-piemonte-ciglia-sopracciglia
2026-09-29,Patrick Sappa,@ladoblembeautyspecialist,La Doble M,Bra (CN),Ciglia e unghie,primo,2026-09-29-instagram-siti-piemonte-ciglia-sopracciglia
2026-09-29,Patrick Sappa,@lady_lashes_torino,Lady Lashes Torino,Torino (TO),Extension ciglia,primo,2026-09-29-instagram-siti-piemonte-ciglia-sopracciglia
2026-09-29,Patrick Sappa,@ladylash_manuela,Lady Lash Manuela,Grugliasco (TO),Extension e laminazione ciglia,primo,2026-09-29-instagram-siti-piemonte-ciglia-sopracciglia
2026-09-29,Patrick Sappa,@lamontagnola_aziendaagricola,La Montagnola Soc. Agricola,Brallo di Pregola (PV),"Patate di montagna, gnocchi, uova, zafferano",primo,2026-09-29-instagram-ricerca-lombardia
2026-09-29,Patrick Sappa,@lash_torino,Extension ciglia Torino,Torino (TO),Extension e laminazione ciglia,primo,2026-09-29-instagram-siti-piemonte-ciglia-sopracciglia
2026-09-29,Patrick Sappa,@lashbrowexpert_alessandria,Nadia Arbuz Lash & Brow,Alessandria (AL),Extension e microblading,primo,2026-09-29-instagram-siti-piemonte-ciglia-sopracciglia
2026-09-29,Patrick Sappa,@lashed.by.led1,Lashed by Ledina,Asti (AT),Extension ciglia,primo,2026-09-29-instagram-siti-piemonte-ciglia-sopracciglia
2026-09-29,Patrick Sappa,@lashes_ciglia_alessandria,Extension Ciglia Alessandria,Alessandria (AL),Extension e laminazione,primo,2026-09-29-instagram-siti-piemonte-ciglia-sopracciglia
2026-09-29,Patrick Sappa,@lashes_torino_iuliana,Iuliana Lashes Torino,Torino (TO),Extension ciglia e unghie,primo,2026-09-29-instagram-siti-piemonte-ciglia-sopracciglia
2026-09-29,Patrick Sappa,@lashesbyerika_trecate,Lashes By Erika,Trecate (NO),Laminazione ed extension ciglia,primo,2026-09-29-instagram-siti-piemonte-ciglia-sopracciglia
2026-09-29,Patrick Sappa,@lashesstudio.lc,Lashes Studio,Rivalta di Torino (TO),Extension ciglia e formazione,primo,2026-09-29-instagram-siti-piemonte-ciglia-sopracciglia
2026-09-29,Patrick Sappa,@lashextension4passionasti,Lash Extension 4 Passion,Asti (AT),Extension e laminazione ciglia,primo,2026-09-29-instagram-siti-piemonte-ciglia-sopracciglia
2026-09-29,Patrick Sappa,@lashmaker_asti,Lashmaker Asti,Asti (AT),Extension ciglia e PMU,primo,2026-09-29-instagram-siti-piemonte-ciglia-sopracciglia
2026-09-29,Patrick Sappa,@lashmaker_mari_torino,Maria Borodina Lashmaker,Rivoli (TO),Extension e laminazione ciglia,primo,2026-09-29-instagram-siti-piemonte-ciglia-sopracciglia
2026-09-29,Patrick Sappa,@lashstudioalessandria,Lash Studio Violeta Bosneag,Alessandria (AL),"Lash lift, PMU e viso",primo,2026-09-29-instagram-siti-piemonte-ciglia-sopracciglia
2026-09-29,Patrick Sappa,@lazaralba_pmu,Lazar Alba PMU,Leinì (TO),Trucco permanente e laminazione,primo,2026-09-29-instagram-siti-piemonte-ciglia-sopracciglia
2026-09-29,Patrick Sappa,@leonitek,Leonitek,Pavia (PV),Studio di ingegneria edile e architettura,primo,2026-09-29-instagram-ricerca-lombardia
2026-09-29,Patrick Sappa,@lgimpiantielettrici,LG Impianti Elettrici Srl,Vergiate (VA),Impianti elettrici,primo,2026-09-29-instagram-ricerca-lombardia
2026-09-29,Patrick Sappa,@lidraulicosrl,L'idraulico SRL,Lecco (LC),"Idraulica, caldaie e rifacimento bagni",primo,2026-09-29-instagram-ricerca-lombardia
2026-09-29,Patrick Sappa,@lortobrianzolo,L'Orto Brianzolo,Montevecchia (LC),Orticoltura con vendita ai mercati,primo,2026-09-29-instagram-ricerca-lombardia
2026-09-29,Patrick Sappa,@luxury_lashes_by_irina,Luxury Lashes by Irina,Biella (BI),Extension ciglia,primo,2026-09-29-instagram-siti-piemonte-ciglia-sopracciglia
2026-09-29,Patrick Sappa,@magstudio_stp,MAG-STUDIO SRL,Merate (LC),Studio tecnico e interior design,primo,2026-09-29-instagram-ricerca-lombardia
2026-09-29,Patrick Sappa,@manzoniarchitetti,Manzoni Architetti,Bergamo (BG),"Architettura, paesaggio, urbanistica",primo,2026-09-29-instagram-ricerca-lombardia
2026-09-29,Patrick Sappa,@maria_lash_maker_,Maria Lash Maker,Biella (BI),Extension e laminazione coreana,primo,2026-09-29-instagram-siti-piemonte-ciglia-sopracciglia
2026-09-29,Patrick Sappa,@martina.eyelashes,Martina Adelchi Eyelashes,Saluzzo (CN),Laminazione ed extension ciglia,primo,2026-09-29-instagram-siti-piemonte-ciglia-sopracciglia
2026-09-29,Patrick Sappa,@maxigelsrlbs,Maxigel Srl,Torbole Casaglia (BS),Distribuzione Ho.Re.Ca. di surgelati e alimentari,primo,2026-09-29-instagram-ricerca-lombardia
2026-09-29,Patrick Sappa,@md.impianti,MD Impianti,Misinto (MB),"Impianti elettrici, automazioni e impianti speciali",primo,2026-09-29-instagram-ricerca-lombardia
2026-09-29,Patrick Sappa,@michelapalombo_artist,Michela Palombo,Torino (TO),"Ciglia, sopracciglia e unghie",primo,2026-09-29-instagram-siti-piemonte-ciglia-sopracciglia
2026-09-29,Patrick Sappa,@missagliaangelosnc,Missaglia Angelo snc,Galbiate (LC),Impianti elettrici civili e industriali,primo,2026-09-29-instagram-ricerca-lombardia
2026-09-29,Patrick Sappa,@mottiniline,Mottini Line,Sondrio (SO),Falegnameria e serramenti,primo,2026-09-29-instagram-ricerca-lombardia
2026-09-29,Patrick Sappa,@mr.faggio,Mr Faggio,Mariano Comense (CO),"Distribuzione legna, pellet e tronchetti",primo,2026-09-29-instagram-ricerca-lombardia
2026-09-29,Patrick Sappa,@nati_laminazione,Nati Laminazione,Novi Ligure (AL),Laminazione e architettura sopracciglia,primo,2026-09-29-instagram-siti-piemonte-ciglia-sopracciglia
2026-09-29,Patrick Sappa,@niky.lashmaker,Niky Lashmaker,Torino (TO),Extension ciglia e brow lamination,primo,2026-09-29-instagram-siti-piemonte-ciglia-sopracciglia
2026-09-29,Patrick Sappa,@nina_sciurba_microblading,Nina Sciurba Microblading,Torino (TO),Microblading e PMU,primo,2026-09-29-instagram-siti-piemonte-ciglia-sopracciglia
2026-09-29,Patrick Sappa,@occhiolino.browandlashes,Occhiolino di Roberta Dorzi,Cossato (BI),"Nanoblading, lash e brow",primo,2026-09-29-instagram-siti-piemonte-ciglia-sopracciglia
2026-09-29,Patrick Sappa,@olia.lashartist,Olia Lash Artist,Savigliano (CN),Extension ciglia,primo,2026-09-29-instagram-siti-piemonte-ciglia-sopracciglia
2026-09-29,Patrick Sappa,@pesentiserviziobevande,Pesenti Servizio Bevande,Pognano (BG),Distribuzione bevande e alimentari a domicilio,primo,2026-09-29-instagram-ricerca-lombardia
2026-09-29,Patrick Sappa,@pmu.lashes_alessandria,PMU Alessandria Shchokotova,Alessandria (AL),PMU ed extension,primo,2026-09-29-instagram-siti-piemonte-ciglia-sopracciglia
2026-09-29,Patrick Sappa,@process_impianti,Process Impianti srl,Costa di Mezzate (BG),"Impianti elettrici e meccanici, quadri BT e MT",primo,2026-09-29-instagram-ricerca-lombardia
2026-09-29,Patrick Sappa,@rachy.lashes,Rachele Sabarino,Vercelli (VC),"Ciglia, sopracciglia e unghie",primo,2026-09-29-instagram-siti-piemonte-ciglia-sopracciglia
2026-09-29,Patrick Sappa,@raima_permanent_makeup,Raimonda PMU & Removal,Cuneo (CN),Trucco permanente e rimozioni,primo,2026-09-29-instagram-siti-piemonte-ciglia-sopracciglia
2026-09-29,Patrick Sappa,@reghina.stetco_lashes,Reghina Stetco Lash & Brow,Torino (TO),"Extension, laminazione e formazione",primo,2026-09-29-instagram-siti-piemonte-ciglia-sopracciglia
2026-09-29,Patrick Sappa,@roberta__lashmaker,Roberta Extension Ciglia,Vercelli (VC),Extension e laminazione,primo,2026-09-29-instagram-siti-piemonte-ciglia-sopracciglia
2026-09-29,Patrick Sappa,@rstimpianti,Rst Impianti,Como (CO),Impianti elettrici e fotovoltaico,primo,2026-09-29-instagram-ricerca-lombardia
2026-09-29,Patrick Sappa,@satermoidraulica,SA Termoidraulica,Samarate (VA),"Termoidraulica, climatizzazione e impianti elettrici",primo,2026-09-29-instagram-ricerca-lombardia
2026-09-29,Patrick Sappa,@senfei_hu_beautylash,Senfei Hu Beauty Lash,Torino (TO),Extension ciglia,primo,2026-09-29-instagram-siti-piemonte-ciglia-sopracciglia
2026-09-29,Patrick Sappa,@sharon_ciglia_asti,Sharon Lashmaker PMU,Asti (AT),Extension ciglia e PMU,primo,2026-09-29-instagram-siti-piemonte-ciglia-sopracciglia
2026-09-29,Patrick Sappa,@silvia.lashextension,Silvia Lash Extension,Torino (TO),"Ciglia, sopracciglia e sugaring",primo,2026-09-29-instagram-siti-piemonte-ciglia-sopracciglia
2026-09-29,Patrick Sappa,@spaccio_agricolo_scalvini,Spaccio Agricolo Scalvini,Cumignano sul Naviglio (CR),"Allevamento bovini e suini, macelleria e spaccio",primo,2026-09-29-instagram-ricerca-lombardia
2026-09-29,Patrick Sappa,@stalletti_studio_tetti,Studio Tetti Stalletti srl,Rancio Valcuvia (VA),Tetti e strutture in legno,primo,2026-09-29-instagram-ricerca-lombardia
2026-09-29,Patrick Sappa,@stefaniabeautyskin,SM Skin Suite,Torino (TO),Laminazione sopracciglia e viso,primo,2026-09-29-instagram-siti-piemonte-ciglia-sopracciglia
2026-09-29,Patrick Sappa,@studio19_fossano,Studio 19 di Allison,Fossano (CN),Sopracciglia e unghie,primo,2026-09-29-instagram-siti-piemonte-ciglia-sopracciglia
2026-09-29,Patrick Sappa,@studiocrp,Studio Tecnico CRP,Brembate di Sopra (BG),Ingegneria civile ed edile,primo,2026-09-29-instagram-ricerca-lombardia
2026-09-29,Patrick Sappa,@studiooranger,Studio Tecnico Oranger,Bisuschio (VA),Studio tecnico e consulenza immobiliare,primo,2026-09-29-instagram-ricerca-lombardia
2026-09-29,Patrick Sappa,@tania_rivoli_lashesandbrows,Tania Lashes and Brows,Rivoli (TO),Laminazione ciglia e sopracciglia,primo,2026-09-29-instagram-siti-piemonte-ciglia-sopracciglia
2026-09-29,Patrick Sappa,@tanya_savina_lashmaker_acqui,Tanya Savina Lashmaker,Acqui Terme (AL),Ciglia e sopracciglia,primo,2026-09-29-instagram-siti-piemonte-ciglia-sopracciglia
2026-09-29,Patrick Sappa,@termoidraulica2msrl,Termoidraulica 2M Srl,Brescia (BS),Impianti idraulici e centro assistenza caldaie,primo,2026-09-29-instagram-ricerca-lombardia
2026-09-29,Patrick Sappa,@termoidraulicachindamo.srl,Termoidraulica Chindamo,Fino Mornasco (CO),Impianti termoidraulici e bagni chiavi in mano,primo,2026-09-29-instagram-ricerca-lombardia
2026-09-29,Patrick Sappa,@termoidraulicavilla1983,Termoidraulica Villa,Arcore (MB),Impianti termoidraulici civili e industriali,primo,2026-09-29-instagram-ricerca-lombardia
2026-09-29,Patrick Sappa,@thalia_lash_italia,Thalia Lash,Biella (BI),Extension ciglia e sopracciglia,primo,2026-09-29-instagram-siti-piemonte-ciglia-sopracciglia
2026-09-29,Patrick Sappa,@touche.torino,Touchè Nails & Lashes,Torino (TO),"Ciglia, sopracciglia e unghie",primo,2026-09-29-instagram-siti-piemonte-ciglia-sopracciglia
2026-09-29,Patrick Sappa,@unique_by_alina,Unique by Alina,Domodossola (VB),Estetica avanzata e PMU,primo,2026-09-29-instagram-siti-piemonte-ciglia-sopracciglia
2026-09-29,Patrick Sappa,@unique_lash_torino,Unique Lash,Torino (TO),Extension ciglia,primo,2026-09-29-instagram-siti-piemonte-ciglia-sopracciglia
2026-09-29,Patrick Sappa,@vale_lamiroom,Vale Lami Room,Asti (AT),Laminazione ed extension,primo,2026-09-29-instagram-siti-piemonte-ciglia-sopracciglia
2026-09-29,Patrick Sappa,@valentina_rifici,Valentina Rifici Lashmaker,Verbania (VB),Extension e laminazione coreana,primo,2026-09-29-instagram-siti-piemonte-ciglia-sopracciglia
2026-09-29,Patrick Sappa,@valery.lashtrainer,Valery Lash Trainer,Torino (TO),Laminazione coreana ed extension,primo,2026-09-29-instagram-siti-piemonte-ciglia-sopracciglia
2026-09-29,Patrick Sappa,@verdi_lash_and_brows,Verdiana Lash & Brows,Acqui Terme (AL),"Ciglia, sopracciglia e PMU",primo,2026-09-29-instagram-siti-piemonte-ciglia-sopracciglia
2026-09-29,Patrick Sappa,@volpi_claudio_bevande,Volpi Claudio Ingrosso Bevande,Zogno (BG),Ingrosso bevande e punti vendita,primo,2026-09-29-instagram-ricerca-lombardia
2026-09-29,Patrick Sappa,@yoana.microblading,Yoana Ghinghes Microblading,Torino (TO),Microblading sopracciglia,primo,2026-09-29-instagram-siti-piemonte-ciglia-sopracciglia
2026-09-29,Patrick Sappa,@zabaglio_arredamenti,Zabaglio Arredamenti,Codogno (LO),"Arredamento: progettazione, produzione e posa",primo,2026-09-29-instagram-ricerca-lombardia
2026-09-29,Patrick Sappa,@zanaboni_spaccioagricolo,Spaccio Agricolo Zanaboni,Corte Palasio (LO),"Suini, salumi e spaccio aziendale",primo,2026-09-29-instagram-ricerca-lombardia
2026-09-30,Patrick Sappa,@bagno_di_fido,Il Bagno di Fido,Brugherio (MB),toelettature e dog trainer,primo,2026-09-29-instagram-siti-mb
2026-09-30,Patrick Sappa,@brianzagarage,Brianza Garage,Monza (MB),officine e carrozzerie,primo,2026-09-29-instagram-ricerca-mb
2026-09-30,Patrick Sappa,@edspetstore,Ed's Pet,Monza (MB),toelettature e dog trainer,primo,2026-09-29-instagram-siti-mb
2026-09-30,Patrick Sappa,@emmeci3_sas,Emmeci3,Lissone (MB),officine e carrozzerie,primo,2026-09-29-instagram-ricerca-mb
2026-09-30,Patrick Sappa,@giuffridacarservice,Giuffrida Car Service,Lissone (MB),officine e carrozzerie,primo,2026-09-29-instagram-ricerca-mb
2026-09-30,Patrick Sappa,@lacasarosa.toelettatura,La Casa Rosa Toelettatura,Seregno (MB),toelettature e dog trainer,primo,2026-09-29-instagram-siti-mb
2026-09-30,Patrick Sappa,@petlivingtoelettatura,Pet Living Toelettatura,Giussano (MB),toelettature e dog trainer,primo,2026-09-29-instagram-siti-mb
2026-09-30,Patrick Sappa,@realcardesio,Real Car S.r.l.,Desio (MB),officine e carrozzerie,primo,2026-09-29-instagram-ricerca-mb
2026-09-30,Patrick Sappa,@scodinzolandotoelettatura,Scodinzolando,Limbiate (MB),toelettature e dog trainer,primo,2026-09-29-instagram-siti-mb
2026-09-30,Patrick Sappa,@tagliabuepneumatici,Tagliabue Pneumatici & Autofficina,Monza (MB),officine e carrozzerie,primo,2026-09-29-instagram-ricerca-mb
2026-09-30,Patrick Sappa,@toe_dei_bei_bagai,Toelettatura Dei Bei Bagai,Desio (MB),toelettature e dog trainer,primo,2026-09-29-instagram-siti-mb
2026-09-30,Patrick Sappa,@unicar_service_monza,Unicar Service,Monza (MB),officine e carrozzerie,primo,2026-09-29-instagram-ricerca-mb
2026-10-01,Patrick Sappa,@__martyyoga,"Marta, insegnante di yoga",Lecco (LC),"personal trainer singoli, istruttori di pilates e yoga",primo,2026-09-30-instagram-siti-lc
2026-10-01,Patrick Sappa,@_idolcidieli_,"I Dolci di Eli, Elisa Aurina",Como (CO),pasticcerie e cake designer,primo,2026-09-30-instagram-siti-co
2026-10-01,Patrick Sappa,@acasadilori_bar,"A casa di Lori, brunch colazioni e aperitivi",Albese con Cassano (CO),ristorazione piccola,primo,2026-09-30-instagram-siti-co
2026-10-01,Patrick Sappa,@agriturismo_brusignone,Azienda Agricola Bio e Agriturismo Brusignone,Besana in Brianza (MB),aziende agricole con vendita,primo,2026-09-29-instagram-ricerca-mb
2026-10-01,Patrick Sappa,@agriturismocascinamagana,Agriturismo Cascina Magana,Burago di Molgora (MB),aziende agricole con vendita,primo,2026-09-29-instagram-ricerca-mb
2026-10-01,Patrick Sappa,@ai24cannoli,Ai 24 Cannoli,Olgiate Comasco (CO),pasticcerie e cake designer,primo,2026-09-30-instagram-siti-co
2026-10-01,Patrick Sappa,@akamaisrl,Akamai S.r.l.,Vimercate (MB),edilizia e serramenti,primo,2026-09-29-instagram-ricerca-mb
2026-10-01,Patrick Sappa,@aksanapavlova_yoga,Aksana Pavlova Yoga,Villasanta (MB),personal trainer e istruttori pilates/yoga,primo,2026-09-29-instagram-siti-mb
2026-10-01,Patrick Sappa,@ala.tattoo_,Ala Tattoo di Manuela Cremonesi,Cermenate (CO),tatuatori e piercing,primo,2026-09-30-instagram-siti-co
2026-10-01,Patrick Sappa,@amare.pescheria,Amare - Dalla rete alla tavola,Desio (MB),ingrossi e distribuzione,primo,2026-09-29-instagram-ricerca-mb
2026-10-01,Patrick Sappa,@amvsrl_serramenti,AMV S.r.l.,Desio (MB),edilizia e serramenti,primo,2026-09-29-instagram-ricerca-mb
2026-10-01,Patrick Sappa,@anastasia.venezia,"Anastasia Stopkina, sarta su misura",Como (CO),"sartorie, atelier e tappezzieri",primo,2026-09-30-instagram-siti-co
2026-10-01,Patrick Sappa,@andreyogalecco,"Andrea Villanueva, YogaLecco",Lecco (LC),"personal trainer singoli, istruttori di pilates e yoga",primo,2026-09-30-instagram-siti-lc
2026-10-01,Patrick Sappa,@angolodolce_bosisio,"L'Angolo Dolce, Pasticceria Fumagalli",Bosisio Parini (LC),pasticcerie e cake designer,primo,2026-09-30-instagram-siti-lc
2026-10-01,Patrick Sappa,@anna.bloomatelier,Anna Bloom Atelier,Monza (MB),fioristi e wedding planner,primo,2026-09-29-instagram-siti-mb
2026-10-01,Patrick Sappa,@arredamenti_arosio,3A Arredamenti Arosio,Lissone (MB),falegnamerie,primo,2026-09-29-instagram-ricerca-mb
2026-10-01,Patrick Sappa,@atelier_como_studio11,"La Spoletta Studio 11, sartoria di Ruslana Rusnak",Appiano Gentile (CO),"sartorie, atelier e tappezzieri",primo,2026-09-30-instagram-siti-co
2026-10-01,Patrick Sappa,@autosportcantu,Autosport S.r.l.,Cantù (CO),officine e carrozzerie,primo,2026-09-30-instagram-ricerca-co
2026-10-01,Patrick Sappa,@autotrasportilentini,Corrieri Autotrasporti Lentini S.n.c.,Seregno (MB),trasporti e logistica,primo,2026-09-29-instagram-ricerca-mb
2026-10-01,Patrick Sappa,@autovittani,Autovittani,Como (CO),officine e carrozzerie,primo,2026-09-30-instagram-ricerca-co
2026-10-01,Patrick Sappa,@avantifrutta,Avanti Frutta,Cornate d'Adda (MB),aziende agricole con vendita,primo,2026-09-29-instagram-ricerca-mb
2026-10-01,Patrick Sappa,@az_agr_villa_licia,Villa Licia azienda agricola,Bernareggio (MB),aziende agricole con vendita,primo,2026-09-29-instagram-ricerca-mb
2026-10-01,Patrick Sappa,@aziendagricola_frigerioaugusto,Azienda Agricola Frigerio Augusto,Vimercate (MB),aziende agricole con vendita,primo,2026-09-29-instagram-ricerca-mb
2026-10-01,Patrick Sappa,@barcrazy_1996,Bar Crazy,Albese con Cassano (CO),ristorazione piccola,primo,2026-09-30-instagram-siti-co
2026-10-01,Patrick Sappa,@basilico_e_mozzarella_erba,Pizzeria Basilico e Mozzarella,Erba (CO),ristorazione piccola,primo,2026-09-30-instagram-siti-co
2026-10-01,Patrick Sappa,@birradelcarrobiolo,Birra del Carrobiolo,Monza (MB),alimentari artigianali,primo,2026-09-29-instagram-ricerca-mb
2026-10-01,Patrick Sappa,@birrificio_hibu,Birrificio Hibu,Burago di Molgora (MB),alimentari artigianali,primo,2026-09-29-instagram-ricerca-mb
2026-10-01,Patrick Sappa,@birrificiomenaresta,Birrificio Menaresta S.r.l.,Carate Brianza (MB),alimentari artigianali,primo,2026-09-29-instagram-ricerca-mb
2026-10-01,Patrick Sappa,@birrificiorurale,Birrificio Rurale,Desio (MB),alimentari artigianali,primo,2026-09-29-instagram-ricerca-mb
2026-10-01,Patrick Sappa,@bistrot_22079,Bistrot 22079,Villa Guardia (CO),ristorazione piccola,primo,2026-09-30-instagram-siti-co
2026-10-01,Patrick Sappa,@bmonzabistrot,B. Monza Bistrot,Monza (MB),ristorazione piccola,primo,2026-09-29-instagram-siti-mb
2026-10-01,Patrick Sappa,@brianza_profili,Brianza Profili S.r.l.,Agrate Brianza (MB),meccanica e carpenterie,primo,2026-09-29-instagram-ricerca-mb
2026-10-01,Patrick Sappa,@buratticonfetti,Buratti Confetti S.r.l.,Vimercate (MB),alimentari artigianali,primo,2026-09-29-instagram-ricerca-mb
2026-10-01,Patrick Sappa,@cadamurocostruzioni,Cadamuro Costruzioni,Seregno (MB),edilizia e serramenti,primo,2026-09-29-instagram-ricerca-mb
2026-10-01,Patrick Sappa,@caffegelateriacecchinett,"Cecchinett, bar gelateria pasticceria",Appiano Gentile (CO),pasticcerie e cake designer,primo,2026-09-30-instagram-siti-co
2026-10-01,Patrick Sappa,@carrozzeriacorti,Carrozzeria Corti S.r.l.,Mariano Comense (CO),officine e carrozzerie,primo,2026-09-30-instagram-ricerca-co
2026-10-01,Patrick Sappa,@cascina_bressanella,Cascina Bressanella,Besana in Brianza (MB),aziende agricole con vendita,primo,2026-09-29-instagram-ricerca-mb
2026-10-01,Patrick Sappa,@cavaldoro_rovellasca,Caval D'Oro Pizza Club,Rovellasca (CO),ristorazione piccola,primo,2026-09-30-instagram-siti-co
2026-10-01,Patrick Sappa,@chocolat_turate,Bar Pasticceria Chocolat,Turate (CO),pasticcerie e cake designer,primo,2026-09-30-instagram-siti-co
2026-10-01,Patrick Sappa,@civico21homerestaurant,Civico 21 home restaurant,Mozzate (CO),ristorazione piccola,primo,2026-09-30-instagram-siti-co
2026-10-01,Patrick Sappa,@clericiauto,Clerici Auto,Olgiate Comasco (CO),officine e carrozzerie,primo,2026-09-30-instagram-ricerca-co
2026-10-01,Patrick Sappa,@confession.como,"Confession, dolci e cioccolato",Como (CO),pasticcerie e cake designer,primo,2026-09-30-instagram-siti-co
2026-10-01,Patrick Sappa,@cordel_arredamenti_artigianali,Cordel S.r.l. arredamenti artigianali,Meda (MB),falegnamerie,primo,2026-09-29-instagram-ricerca-mb
2026-10-01,Patrick Sappa,@crycake4you,Crycake4you di Cristina Decataldo,Bernareggio (MB),pasticcerie e cake designer,primo,2026-09-29-instagram-siti-mb
2026-10-01,Patrick Sappa,@deliziabakery_calolziocorte,"Delizia Bakery, pasticceria tradizionale e gluten free",Calolziocorte (LC),pasticcerie e cake designer,primo,2026-09-30-instagram-siti-lc
2026-10-01,Patrick Sappa,@diddaztattoo,"Diana Noseda, Mirror Six Tattoo",Como (CO),tatuatori e piercing,primo,2026-09-30-instagram-siti-co
2026-10-01,Patrick Sappa,@dogsitter_tata_lecco,"Mara, la Tata dog sitter",Lecco (LC),toelettature e dog trainer,primo,2026-09-30-instagram-siti-lc
2026-10-01,Patrick Sappa,@dolcicreazionicomo,"DolciCreazioniComo, home bakery",Como (CO),pasticcerie e cake designer,primo,2026-09-30-instagram-siti-co
2026-10-01,Patrick Sappa,@ebimotors,Ebimotors S.r.l.,Cermenate (CO),officine e carrozzerie,primo,2026-09-30-instagram-ricerca-co
2026-10-01,Patrick Sappa,@erika_yoga_oggiono,"Erika Mantovani, insegnante di yoga e pilates",Oggiono (LC),"personal trainer singoli, istruttori di pilates e yoga",primo,2026-09-30-instagram-siti-lc
2026-10-01,Patrick Sappa,@eugindistilleria,Eugin Distilleria Indipendente,Meda (MB),alimentari artigianali,primo,2026-09-29-instagram-ricerca-mb
2026-10-01,Patrick Sappa,@eurobar_gravedona,Euro Bar,Gravedona ed Uniti (CO),ristorazione piccola,primo,2026-09-30-instagram-siti-co
2026-10-01,Patrick Sappa,@euroflorasrl,Euroflora S.r.l.,Carate Brianza (MB),ingrossi e distribuzione,primo,2026-09-29-instagram-ricerca-mb
2026-10-01,Patrick Sappa,@fattoria_vertemara,Azienda Agricola Vertemara,Usmate Velate (MB),aziende agricole con vendita,primo,2026-09-29-instagram-ricerca-mb
2026-10-01,Patrick Sappa,@foeh.tattoo,"Foeh Tattoo, Fabio Marinetti",Como (CO),tatuatori e piercing,primo,2026-09-30-instagram-siti-co
2026-10-01,Patrick Sappa,@fondobrugarolo,Fondo Brugarolo,Sulbiate (MB),aziende agricole con vendita,primo,2026-09-29-instagram-ricerca-mb
2026-10-01,Patrick Sappa,@fotografiamo_mariano_comense_,FOTOgrafiamo di Gianluca Buian,Mariano Comense (CO),fotografi e videomaker,primo,2026-09-30-instagram-siti-co
2026-10-01,Patrick Sappa,@gattiseregno,Gatti S.a.s.,Seregno (MB),officine e carrozzerie,primo,2026-09-29-instagram-ricerca-mb
2026-10-01,Patrick Sappa,@gelateria_ciao,Gelateria CIAO (Gelateria Nuova Ciao),Como (CO),ristorazione piccola,primo,2026-09-30-instagram-siti-co
2026-10-01,Patrick Sappa,@gelateriadabeppe1978,Gelateria da Beppe,Asso (CO),ristorazione piccola,primo,2026-09-30-instagram-siti-co
2026-10-01,Patrick Sappa,@gelateriarossofragola,Gelateria Rossofragola,Uggiate con Ronago (CO),ristorazione piccola,primo,2026-09-30-instagram-siti-co
2026-10-01,Patrick Sappa,@gentilerizzato,Gentile & Rizzato,Olgiate Comasco (CO),officine e carrozzerie,primo,2026-09-30-instagram-ricerca-co
2026-10-01,Patrick Sappa,@giuly_caffe,Giuly Caffè,Cermenate (CO),ristorazione piccola,primo,2026-09-30-instagram-siti-co
2026-10-01,Patrick Sappa,@gruppomeregalli,Gruppo Meregalli,Monza (MB),ingrossi e distribuzione,primo,2026-09-29-instagram-ricerca-mb
2026-10-01,Patrick Sappa,@homelab_lecco,"Laura Buzzi, HomeLaB Pilates",Lecco (LC),"personal trainer singoli, istruttori di pilates e yoga",primo,2026-09-30-instagram-siti-lc
2026-10-01,Patrick Sappa,@i_fiori_di_lorien,I fiori di Lórien di Andrea Leonardi,Monza (MB),fioristi e wedding planner,primo,2026-09-29-instagram-siti-mb
2026-10-01,Patrick Sappa,@il_fef_,"Federico, personal trainer e coach di calisthenics",Como (CO),"personal trainer singoli, istruttori di pilates e yoga",primo,2026-09-30-instagram-siti-co
2026-10-01,Patrick Sappa,@ilfornobakerycafe,IL FORNO Bakery & Café,Cantù (CO),pasticcerie e cake designer,primo,2026-09-30-instagram-siti-co
2026-10-01,Patrick Sappa,@iltappezzieredibrivio,"Il Tappezziere di Brivio, Sonia Zamuner",Brivio (LC),"sartorie, atelier e tappezzieri",primo,2026-09-30-instagram-siti-lc
2026-10-01,Patrick Sappa,@impresaedilespolti,Impresa Edile Spolti,Macherio (MB),edilizia e serramenti,primo,2026-09-29-instagram-ricerca-mb
2026-10-01,Patrick Sappa,@impresaepis,Impresa Epis & C.,Concorezzo (MB),edilizia e serramenti,primo,2026-09-29-instagram-ricerca-mb
2026-10-01,Patrick Sappa,@in_e_out_beregazzo,In&Out Cafè & Bistrot,Beregazzo con Figliaro (CO),ristorazione piccola,primo,2026-09-30-instagram-siti-co
2026-10-01,Patrick Sappa,@incartare_srl,Incartare S.r.l.,Seregno (MB),ingrossi e distribuzione,primo,2026-09-29-instagram-ricerca-mb
2026-10-01,Patrick Sappa,@kimeratattooshop,Kimera Tattoo Shop,Alzate Brianza (CO),tatuatori e piercing,primo,2026-09-30-instagram-siti-co
2026-10-01,Patrick Sappa,@labotanica_official,Azienda Agricola La Botanica,Lentate sul Seveso (MB),aziende agricole con vendita,primo,2026-09-29-instagram-ricerca-mb
2026-10-01,Patrick Sappa,@lacamillaconcorezzo,Agriturismo La Camilla,Concorezzo (MB),aziende agricole con vendita,primo,2026-09-29-instagram-ricerca-mb
2026-10-01,Patrick Sappa,@lafattorianelverde,La Fattoria nel Verde,Triuggio (MB),aziende agricole con vendita,primo,2026-09-29-instagram-ricerca-mb
2026-10-01,Patrick Sappa,@langolodiviola,L'Angolo di Viola,Lurago Marinone (CO),fioristi e wedding planner,primo,2026-09-30-instagram-siti-co
2026-10-01,Patrick Sappa,@lapasteria_besana_merate,La Pasteria,Besana in Brianza (MB),alimentari artigianali,primo,2026-09-29-instagram-ricerca-mb
2026-10-01,Patrick Sappa,@laperlabargelateria,Bar Gelateria La Perla,Olgiate Comasco (CO),ristorazione piccola,primo,2026-09-30-instagram-siti-co
2026-10-01,Patrick Sappa,@laurasicali.fotografie,Laura Sicali Fotografie,Monza (MB),fotografi e videomaker,primo,2026-09-29-instagram-siti-mb
2026-10-01,Patrick Sappa,@lautospa_volkswagen,L'Auto,Cantù (CO),officine e carrozzerie,primo,2026-09-30-instagram-ricerca-co
2026-10-01,Patrick Sappa,@le_banane_dog_trainers,"Le banane dog trainers, educazione cinofila",Milano (MI),toelettature e dog trainer,primo,2026-09-30-instagram-siti-mi
2026-10-01,Patrick Sappa,@limpronta_di_simo,"L'impronta di Simo, toelettatura di Simona Pirovano",Oggiono (LC),toelettature e dog trainer,primo,2026-09-30-instagram-siti-lc
2026-10-01,Patrick Sappa,@liquorificiomariani,Liquorificio Mariani,Concorezzo (MB),alimentari artigianali,primo,2026-09-29-instagram-ricerca-mb
2026-10-01,Patrick Sappa,@lobiettivodisara,L'obiettivo di Sara - Sara Trussardi Fotografia,Concorezzo (MB),fotografi e videomaker,primo,2026-09-29-instagram-siti-mb
2026-10-01,Patrick Sappa,@loyogasemplice,Lo Yoga Semplice di Valeria,Bernareggio (MB),personal trainer e istruttori pilates/yoga,primo,2026-09-29-instagram-siti-mb
2026-10-01,Patrick Sappa,@luna.cernobbio,Bar Pasticceria Gelateria Luna,Cernobbio (CO),pasticcerie e cake designer,primo,2026-09-30-instagram-siti-co
2026-10-01,Patrick Sappa,@luxuryflowers.cb,Luxury Flowers,Carate Brianza (MB),fioristi e wedding planner,primo,2026-09-29-instagram-siti-mb
2026-10-01,Patrick Sappa,@magic_car_carrozzeria,Magic Car,Veniano (CO),officine e carrozzerie,primo,2026-09-30-instagram-ricerca-co
2026-10-01,Patrick Sappa,@malacrida_renault_dacia,Concessionaria Malacrida,Arcore (MB),officine e carrozzerie,primo,2026-09-29-instagram-ricerca-mb
2026-10-01,Patrick Sappa,@martagrimoldiphoto_studio,Marta Grimoldi Photo,Lomazzo (CO),fotografi e videomaker,primo,2026-09-30-instagram-siti-co
2026-10-01,Patrick Sappa,@marti_gae,"Martina Gaeta, insegnante di yoga e pilates",Lecco (LC),"personal trainer singoli, istruttori di pilates e yoga",primo,2026-09-30-instagram-siti-lc
2026-10-01,Patrick Sappa,@matisse._.toelettatura,Matisse Toelettatura Professionale,Barzanò (LC),toelettature e dog trainer,primo,2026-09-30-instagram-siti-lc
2026-10-01,Patrick Sappa,@max_fotografo_desio,Max il Fotografo - Massimiliano Pandullo,Desio (MB),fotografi e videomaker,primo,2026-09-29-instagram-siti-mb
2026-10-01,Patrick Sappa,@messa.t_spa,Messa T. S.p.A.,Monza (MB),officine e carrozzerie,primo,2026-09-29-instagram-ricerca-mb
2026-10-01,Patrick Sappa,@mirko.salvagnin.fotografo,Mirko Salvagnin Photographer,Misinto (MB),fotografi e videomaker,primo,2026-09-29-instagram-siti-mb
2026-10-01,Patrick Sappa,@myosotis_fiorista_monza,Myosotis di Barzaghi Maria Antonella,Monza (MB),fioristi e wedding planner,primo,2026-09-29-instagram-siti-mb
2026-10-01,Patrick Sappa,@nazionale_trasporti_srl,Nazionale Trasporti S.r.l.,Giussano (MB),trasporti e logistica,primo,2026-09-29-instagram-ricerca-mb
2026-10-01,Patrick Sappa,@nonsolobargelateria,NonSoloBar Gelateria di Paraboni Palmira,Albese con Cassano (CO),ristorazione piccola,primo,2026-09-30-instagram-siti-co
2026-10-01,Patrick Sappa,@nonsolopane_limidocomasco,Non Solo Pane di Zago,Limido Comasco (CO),ristorazione piccola,primo,2026-09-30-instagram-siti-co
2026-10-01,Patrick Sappa,@odakayogalecco,"Odaka Yoga Lecco, Anna Dell'Era e Cecilia Corti",Lecco (LC),"personal trainer singoli, istruttori di pilates e yoga",primo,2026-09-30-instagram-siti-lc
2026-10-01,Patrick Sappa,@oksana.groomermilan,"Oksana, Toelettatura Professionale Milano",Milano (MI),toelettature e dog trainer,primo,2026-09-30-instagram-siti-mi
2026-10-01,Patrick Sappa,@one_love_tattoo_studio,One Love Tattoo & Piercing studio,Cermenate (CO),tatuatori e piercing,primo,2026-09-30-instagram-siti-co
2026-10-01,Patrick Sappa,@orecchie_al_vento,"Orecchie al Vento, Erika Colombo educatrice cinofila",Villa Guardia (CO),toelettature e dog trainer,primo,2026-09-30-instagram-siti-co
2026-10-01,Patrick Sappa,@orlando_pasticceria,Orlando Pasticceria,Olgiate Molgora (LC),pasticcerie e cake designer,primo,2026-09-30-instagram-siti-lc
2026-10-01,Patrick Sappa,@panama_cafe_porlezza,Panama Cafè & More,Porlezza (CO),ristorazione piccola,primo,2026-09-30-instagram-siti-co
2026-10-01,Patrick Sappa,@pannaefragola_arosio,Panna & Fragola,Arosio (CO),ristorazione piccola,primo,2026-09-30-instagram-siti-co
2026-10-01,Patrick Sappa,@paoloagolini,"AP-Photo Como, Paolo Agolini",Oltrona di San Mamette (CO),fotografi e videomaker,primo,2026-09-30-instagram-siti-co
2026-10-01,Patrick Sappa,@pasticceria_casartelli,Pasticceria Casartelli,Albese con Cassano (CO),pasticcerie e cake designer,primo,2026-09-30-instagram-siti-co
2026-10-01,Patrick Sappa,@pasticceria_corti,Pasticceria Corti,Calolziocorte (LC),pasticcerie e cake designer,primo,2026-09-30-instagram-siti-lc
2026-10-01,Patrick Sappa,@pasticceria_milena_robbiate,Bar Pasticceria Milena,Robbiate (LC),pasticcerie e cake designer,primo,2026-09-30-instagram-siti-lc
2026-10-01,Patrick Sappa,@pasticceria_su_misura,Pasticceria Su Misura,Lecco (LC),pasticcerie e cake designer,primo,2026-09-30-instagram-siti-lc
2026-10-01,Patrick Sappa,@pasticceriacentralemeda,Pasticceria Centrale,Meda (MB),pasticcerie e cake designer,primo,2026-09-29-instagram-siti-mb
2026-10-01,Patrick Sappa,@pasticceriacis,Pasticceria CIS,Albavilla (CO),pasticcerie e cake designer,primo,2026-09-30-instagram-siti-co
2026-10-01,Patrick Sappa,@pasticcerialorla,Pasticceria Lorla Café Haus,Bellano (LC),pasticcerie e cake designer,primo,2026-09-30-instagram-siti-lc
2026-10-01,Patrick Sappa,@pasticcerialucianobrugherio,Pasticceria Luciano,Brugherio (MB),pasticcerie e cake designer,primo,2026-09-29-instagram-siti-mb
2026-10-01,Patrick Sappa,@pasticceriarovagnati,Pasticceria Rovagnati,Mariano Comense (CO),pasticcerie e cake designer,primo,2026-09-30-instagram-siti-co
2026-10-01,Patrick Sappa,@pastry_home_danico,Pastry Home DaNico di Nicoleta Danescu,Lambrugo (CO),pasticcerie e cake designer,primo,2026-09-30-instagram-siti-co
2026-10-01,Patrick Sappa,@pilates_colico,"Anna Muffatti, istruttrice di pilates",Colico (LC),"personal trainer singoli, istruttori di pilates e yoga",primo,2026-09-30-instagram-siti-lc
2026-10-01,Patrick Sappa,@pinkopallino_fecchio,Pinko Pallino,Cantù (CO),pasticcerie e cake designer,primo,2026-09-30-instagram-siti-co
2026-10-01,Patrick Sappa,@pizzamore.carimate,PizzAmore,Carimate (CO),ristorazione piccola,primo,2026-09-30-instagram-siti-co
2026-10-01,Patrick Sappa,@pizzeriadonnarummacomo,Pizzeria Donnarumma,Como (CO),ristorazione piccola,primo,2026-09-30-instagram-siti-co
2026-10-01,Patrick Sappa,@pontiggiapasticceria,Pasticceria Pontiggia,Lecco (LC),pasticcerie e cake designer,primo,2026-09-30-instagram-siti-lc
2026-10-01,Patrick Sappa,@rb_falegnameria,R.B. Falegnameria s.a.s.,Brugherio (MB),falegnamerie,primo,2026-09-29-instagram-ricerca-mb
2026-10-01,Patrick Sappa,@remigardenbar,REMI Garden Bar,Como (CO),ristorazione piccola,primo,2026-09-30-instagram-siti-co
2026-10-01,Patrick Sappa,@ritalia1495,"Rita Lia, corsi di sartoria e cucito",Lecco (LC),"sartorie, atelier e tappezzieri",primo,2026-09-30-instagram-siti-lc
2026-10-01,Patrick Sappa,@rivauto,Rivauto,Como (CO),officine e carrozzerie,primo,2026-09-30-instagram-ricerca-co
2026-10-01,Patrick Sappa,@roby_dogtrainermilano,"Roberto Gurgone, educatore cinofilo",Milano (MI),toelettature e dog trainer,primo,2026-09-30-instagram-siti-mi
2026-10-01,Patrick Sappa,@rs_auto_como,RS Auto S.r.l.,Montano Lucino (CO),officine e carrozzerie,primo,2026-09-30-instagram-ricerca-co
2026-10-01,Patrick Sappa,@sadun_srl,Sadun S.r.l.,Seregno (MB),ingrossi e distribuzione,primo,2026-09-29-instagram-ricerca-mb
2026-10-01,Patrick Sappa,@salumificio.terruzzi,Salumificio Antonio Terruzzi S.a.s.,Triuggio (MB),alimentari artigianali,primo,2026-09-29-instagram-ricerca-mb
2026-10-01,Patrick Sappa,@sarah_dog_sitter,"Sarah, educatrice cinofila e dog sitter",Lecco (LC),toelettature e dog trainer,primo,2026-09-30-instagram-siti-lc
2026-10-01,Patrick Sappa,@sartoria_lecco,Sartoria AndreAna,Lecco (LC),"sartorie, atelier e tappezzieri",primo,2026-09-30-instagram-siti-lc
2026-10-01,Patrick Sappa,@simonedeangelis_coach,"Simone De Angelis, personal trainer",Como (CO),"personal trainer singoli, istruttori di pilates e yoga",primo,2026-09-30-instagram-siti-co
2026-10-01,Patrick Sappa,@stelmoka_1964,Stelmoka S.n.c.,Besana in Brianza (MB),alimentari artigianali,primo,2026-09-29-instagram-ricerca-mb
2026-10-01,Patrick Sappa,@sydney2000.pasticceria.gelato,Bar Pasticceria Gelateria Sydney 2000,Bulgarograsso (CO),pasticcerie e cake designer,primo,2026-09-30-instagram-siti-co
2026-10-01,Patrick Sappa,@system_cars_meda,System Cars S.r.l.,Meda (MB),officine e carrozzerie,primo,2026-09-29-instagram-ricerca-mb
2026-10-01,Patrick Sappa,@tatiscakesdolcicreazioni,Tati's Cakes Dolci Creazioni,Canzo (CO),pasticcerie e cake designer,primo,2026-09-30-instagram-siti-co
2026-10-01,Patrick Sappa,@techneimpianti,Techne Impianti S.r.l.,Desio (MB),impiantisti elettrici e termoidraulici,primo,2026-09-29-instagram-ricerca-mb
2026-10-01,Patrick Sappa,@top_service_carrozzeria,Carrozzeria Top Service S.r.l.,Casnate con Bernate (CO),officine e carrozzerie,primo,2026-09-30-instagram-ricerca-co
2026-10-01,Patrick Sappa,@valeria.davolio_petsitter,"Valeria d'Avolio, educatrice cinofila e pet sitter",Lecco (LC),toelettature e dog trainer,primo,2026-09-30-instagram-siti-lc
2026-10-01,Patrick Sappa,@vero_cakelab,"Veronica, Vero Cakelab",Lecco (LC),pasticcerie e cake designer,primo,2026-09-30-instagram-siti-lc
2026-10-01,Patrick Sappa,@vibe_tattoo_atelier,VIBE Tattoo Atelier,Lecco (LC),tatuatori e piercing,primo,2026-09-30-instagram-siti-lc
2026-10-01,Patrick Sappa,@vibestudiopilates,Vibe Studio Pilates,Lissone (MB),personal trainer e istruttori pilates/yoga,primo,2026-09-29-instagram-siti-mb
2026-10-01,Patrick Sappa,@vicla_macchine_per_lamiera,VICLA S.r.l.,Albavilla (CO),meccanica e carpenterie,primo,2026-09-30-instagram-ricerca-co
2026-10-01,Patrick Sappa,@vimercate_gomme,Vimercate Gomme,Vimercate (MB),officine e carrozzerie,primo,2026-09-29-instagram-ricerca-mb
2026-10-01,Patrick Sappa,@vorace_pizzeria,Vorace Pizzeria d'Asporto,Albavilla (CO),ristorazione piccola,primo,2026-09-30-instagram-siti-co
2026-10-01,Patrick Sappa,@woodyrockbistrot,Woody Rock Bistrot,Monza (MB),ristorazione piccola,primo,2026-09-29-instagram-siti-mb
2026-10-05,Patrick Sappa,@_lucatanti,"Luca Tantimonaco, fotografo e videomaker",Nibionno (LC),fotografi e videomaker,primo,2026-10-02-instagram-siti-lc-fotografi
2026-10-05,Patrick Sappa,@accademia_official,Accademia More than Tattoo,Rozzano (MI),tatuatori e piercing,primo,2026-10-02-instagram-siti-mi-tatuatori
2026-10-05,Patrick Sappa,@aleplato_photographer,"Ale Plato, fotografa",Milano (MI),fotografi e videomaker,primo,2026-10-02-instagram-siti-mi-sartorie
2026-10-05,Patrick Sappa,@alessandro_neri_tattoostudio,Neri Tattoo Studio,Trezzano sul Naviglio (MI),tatuatori e piercing,primo,2026-10-02-instagram-siti-mi-tatuatori
2026-10-05,Patrick Sappa,@alessiafrancescamuoiophoto,"Alessia Francesca Muoio, fotografa",Milano (MI),fotografi e videomaker,primo,2026-10-02-instagram-siti-mi-sartorie
2026-10-05,Patrick Sappa,@allevamento.ovetto,Azienda agricola L'Ovetto,Motta Visconti (MI),aziende agricole con vendita,primo,2026-10-02-instagram-ricerca-mi-alimentari
2026-10-05,Patrick Sappa,@amico_valentina,"Valentina Amico, fotografa",Cassago Brianza (LC),fotografi e videomaker,primo,2026-10-02-instagram-siti-lc-fotografi
2026-10-05,Patrick Sappa,@arredamentiazzolina,Arredamenti Azzolina,Milano (MI),falegnamerie,primo,2026-10-02-instagram-ricerca-mi-falegnamerie
2026-10-05,Patrick Sappa,@artea4zampe_toelettatura,"L'arte a 4 zampe, toelettatura",Novara (NO),toelettature e dog trainer,primo,2026-10-02-instagram-siti-bs-toelettature
2026-10-05,Patrick Sappa,@arzuffi_srl,Arzuffi Serramenti,Bizzarone (CO),edilizia e serramenti,primo,2026-10-02-instagram-ricerca-co-edilizia
2026-10-05,Patrick Sappa,@badalocum,Badalocum Tattoo Co.,Milano (MI),tatuatori e piercing,primo,2026-10-02-instagram-siti-mi-tatuatori
2026-10-05,Patrick Sappa,@birradelparco,Birra del Parco,Abbiategrasso (MI),birrifici,primo,2026-10-02-instagram-ricerca-mi-alimentari
2026-10-05,Patrick Sappa,@birramuttnik,Birra Muttnik,Sesto San Giovanni (MI),birrifici,primo,2026-10-02-instagram-ricerca-mi-alimentari
2026-10-05,Patrick Sappa,@birrificiomartesana,Birrificio Martesana,Cernusco sul Naviglio (MI),birrifici,primo,2026-10-02-instagram-ricerca-mi-alimentari
2026-10-05,Patrick Sappa,@blackh0letattoo,Black Hole Tattoo,Binasco (MI),tatuatori e piercing,primo,2026-10-02-instagram-siti-mi-tatuatori
2026-10-05,Patrick Sappa,@botta1950,Botta 1950,Lurate Caccivio (CO),edilizia e serramenti,primo,2026-10-02-instagram-ricerca-co-edilizia
2026-10-05,Patrick Sappa,@branco_tattoo_282,Branco Tattoo,Milano (MI),tatuatori e piercing,primo,2026-10-02-instagram-siti-mi-tatuatori
2026-10-05,Patrick Sappa,@butticostruzioni,Butti Costruzioni,San Fermo della Battaglia (CO),edilizia e serramenti,primo,2026-10-02-instagram-ricerca-co-edilizia
2026-10-05,Patrick Sappa,@cafezal.milano,Cafezal Specialty Coffee Roasters,Milano (MI),torrefazioni,primo,2026-10-02-instagram-ricerca-mi-alimentari
2026-10-05,Patrick Sappa,@caffeottolinaspa,Caffè Ottolina,Milano (MI),torrefazioni,primo,2026-10-02-instagram-ricerca-mi-alimentari
2026-10-05,Patrick Sappa,@candymora.photo,Candy Mora Photo,Legnano (MI),fotografi e videomaker,primo,2026-10-02-instagram-siti-mi-sartorie
2026-10-05,Patrick Sappa,@caricanidic.giulia,"Cari Cani di Giulia, toelettatura",Novara (NO),toelettature e dog trainer,primo,2026-10-02-instagram-siti-bs-toelettature
2026-10-05,Patrick Sappa,@carima.serramenti,Ca.Ri.Ma. Serramenti,Casnate con Bernate (CO),edilizia e serramenti,primo,2026-10-02-instagram-ricerca-co-edilizia
2026-10-05,Patrick Sappa,@carolina.dogstylist,Toelettatura AcquAzzurra,Cerano (NO),toelettature e dog trainer,primo,2026-10-02-instagram-siti-bs-toelettature
2026-10-05,Patrick Sappa,@cascina_guzzafame,Cascina Guzzafame,Gaggiano (MI),aziende agricole con vendita,primo,2026-10-02-instagram-ricerca-mi-alimentari
2026-10-05,Patrick Sappa,@cascina_malpaga,Cascina Malpaga,Rosate (MI),aziende agricole con vendita,primo,2026-10-02-instagram-ricerca-mi-alimentari
2026-10-05,Patrick Sappa,@cascinacaremma,Cascina Caremma,Besate (MI),aziende agricole con vendita,primo,2026-10-02-instagram-ricerca-mi-alimentari
2026-10-05,Patrick Sappa,@cascinamorosina,Birrificio Agricolo Morosina,Abbiategrasso (MI),birrifici,primo,2026-10-02-instagram-ricerca-mi-alimentari
2026-10-05,Patrick Sappa,@cascinasantabrera,Cascina Santa Brera,San Giuliano Milanese (MI),aziende agricole con vendita,primo,2026-10-02-instagram-ricerca-mi-alimentari
2026-10-05,Patrick Sappa,@cascinet_agrohub,CasciNet,Milano (MI),aziende agricole con vendita,primo,2026-10-02-instagram-ricerca-mi-alimentari
2026-10-05,Patrick Sappa,@centrodelserramento,Centro del Serramento srl,Milano (MI),edilizia e serramenti,primo,2026-10-02-instagram-ricerca-mi-edilizia
2026-10-05,Patrick Sappa,@cesanalikephoto,"Cesana Like Photo, studio fotografico e grafico",Cesana Brianza (LC),fotografi e videomaker,primo,2026-10-02-instagram-siti-lc-fotografi
2026-10-05,Patrick Sappa,@ciao_maurizio,"Maurizio San Martin, filmmaker",Milano (MI),fotografi e videomaker,primo,2026-10-02-instagram-siti-mi-sartorie
2026-10-05,Patrick Sappa,@cloetoelettatura,Cloe Toelettatura,Darfo Boario Terme (BS),toelettature e dog trainer,primo,2026-10-02-instagram-siti-bs-toelettature
2026-10-05,Patrick Sappa,@comedilmanginosrl,Comedil Mangino S.r.l.,Olgiate Comasco (CO),edilizia e serramenti,primo,2026-10-02-instagram-ricerca-co-edilizia
2026-10-05,Patrick Sappa,@componedil_snc,Componedil snc di Losa Daniele e Stefano,Vittuone (MI),edilizia e serramenti,primo,2026-10-02-instagram-ricerca-mi-edilizia
2026-10-05,Patrick Sappa,@cormeum.tattoo,Cor Meum Tattoo,Magenta (MI),tatuatori e piercing,primo,2026-10-02-instagram-siti-mi-tatuatori
2026-10-05,Patrick Sappa,@costruzioniazetasrl,Azeta Costruzioni S.r.l.,Caslino d'Erba (CO),edilizia e serramenti,primo,2026-10-02-instagram-ricerca-co-edilizia
2026-10-05,Patrick Sappa,@davidebernardelli,"Davide Bernardelli, fotografo",Sesto San Giovanni (MI),fotografi e videomaker,primo,2026-10-02-instagram-siti-mi-sartorie
2026-10-05,Patrick Sappa,@davidemilan.ph,"Davide Milan, fotografo eventi",Milano (MI),fotografi e videomaker,primo,2026-10-02-instagram-siti-mi-sartorie
2026-10-05,Patrick Sappa,@debora.photographer,"Debora, fotografa",Milano (MI),fotografi e videomaker,primo,2026-10-02-instagram-siti-mi-sartorie
2026-10-05,Patrick Sappa,@dietattoomilano,Diè Tattoo Milano,Milano (MI),tatuatori e piercing,primo,2026-10-02-instagram-siti-mi-tatuatori
2026-10-05,Patrick Sappa,@dnlln.m,"Lina Daniel, fotografa",Milano (MI),fotografi e videomaker,primo,2026-10-02-instagram-siti-mi-sartorie
2026-10-05,Patrick Sappa,@doggycare_vale_,"Valeria Cara, Dog Care",Novara (NO),toelettature e dog trainer,primo,2026-10-02-instagram-siti-bs-toelettature
2026-10-05,Patrick Sappa,@dontmoveandsmile,"Liya Kandratsyeva, fotografa",Milano (MI),fotografi e videomaker,primo,2026-10-02-instagram-siti-mi-sartorie
2026-10-05,Patrick Sappa,@duca.sartoria.milano,"Duca Sartoria, Roberto Girombelli",Milano (MI),"sartorie, atelier e tappezzieri",primo,2026-10-02-instagram-siti-mi-sartorie
2026-10-05,Patrick Sappa,@eduardaluminis,"Eduarda Luminis, fotografa",Milano (MI),fotografi e videomaker,primo,2026-10-02-instagram-siti-mi-sartorie
2026-10-05,Patrick Sappa,@ethos_costruzioni,Ethos Costruzioni,Milano (MI),edilizia e serramenti,primo,2026-10-02-instagram-ricerca-mi-edilizia
2026-10-05,Patrick Sappa,@fairytails_toelettatura,FairyTails Toelettatura,Polpenazze del Garda (BS),toelettature e dog trainer,primo,2026-10-02-instagram-siti-bs-toelettature
2026-10-05,Patrick Sappa,@falegnameria_comi,Falegnameria Comi,Cernusco sul Naviglio (MI),falegnamerie,primo,2026-10-02-instagram-ricerca-mi-falegnamerie
2026-10-05,Patrick Sappa,@falegnameriacm,Falegnameria C.M. s.a.s. di Olmo Cristiano & C.,Arconate (MI),falegnamerie,primo,2026-10-02-instagram-ricerca-mi-falegnamerie
2026-10-05,Patrick Sappa,@falegnameriadimartino,Falegnameria F.lli Di Martino,Milano (MI),falegnamerie,primo,2026-10-02-instagram-ricerca-mi-falegnamerie
2026-10-05,Patrick Sappa,@falpeerba,Falpe,Erba (CO),edilizia e serramenti,primo,2026-10-02-instagram-ricerca-co-edilizia
2026-10-05,Patrick Sappa,@fgs_serramenti,FGS Serramenti,Gravedona ed Uniti (CO),edilizia e serramenti,primo,2026-10-02-instagram-ricerca-co-edilizia
2026-10-05,Patrick Sappa,@fineline_minimal_tattoo_milano,Fineline Tattoo Milano,Milano (MI),tatuatori e piercing,primo,2026-10-02-instagram-siti-mi-tatuatori
2026-10-05,Patrick Sappa,@fit205.studiopersonal,FiT205 Studio Personal Trainer,Milano (MI),"personal trainer, pilates e yoga",primo,2026-10-02-instagram-siti-mi-personal-trainer
2026-10-05,Patrick Sappa,@fotogiudici,"Foto Giudici, studio fotografico",Lecco (LC),fotografi e videomaker,primo,2026-10-02-instagram-siti-lc-fotografi
2026-10-05,Patrick Sappa,@fotografo_milano_videografo,"Maksym, fotografo e videografo",Milano (MI),fotografi e videomaker,primo,2026-10-02-instagram-siti-mi-sartorie
2026-10-05,Patrick Sappa,@fp.costruzioni.srl_milano,FP Costruzioni S.r.l.,Milano (MI),edilizia e serramenti,primo,2026-10-02-instagram-ricerca-mi-edilizia
2026-10-05,Patrick Sappa,@fqserramentisrl,FQ Serramenti srl,Settala (MI),edilizia e serramenti,primo,2026-10-02-instagram-ricerca-mi-edilizia
2026-10-05,Patrick Sappa,@francescaeducatricecinofila,"Francesca, educatrice cinofila",Ome (BS),toelettature e dog trainer,primo,2026-10-02-instagram-siti-bs-toelettature
2026-10-05,Patrick Sappa,@francescasandoliphotographer,Francesca Sandoli Fotografie,Merate (LC),fotografi e videomaker,primo,2026-10-02-instagram-siti-lc-fotografi
2026-10-05,Patrick Sappa,@frayoga_milano,"FraYoga, Francesca Giancotti",Milano (MI),"personal trainer, pilates e yoga",primo,2026-10-02-instagram-siti-mi-personal-trainer
2026-10-05,Patrick Sappa,@gdm_progetti,GDM Progetti,Mariano Comense (CO),edilizia e serramenti,primo,2026-10-02-instagram-ricerca-co-edilizia
2026-10-05,Patrick Sappa,@gemaserramenti,Gema Serramenti,Bareggio (MI),edilizia e serramenti,primo,2026-10-02-instagram-ricerca-mi-edilizia
2026-10-05,Patrick Sappa,@giada_tempo,GiaDaTempo Tattoo Studio,Abbiategrasso (MI),tatuatori e piercing,primo,2026-10-02-instagram-siti-mi-tatuatori
2026-10-05,Patrick Sappa,@giadacalamidafotografa,"Giada Calamida, fotografa di eventi e matrimoni",Imbersago (LC),fotografi e videomaker,primo,2026-10-02-instagram-siti-lc-fotografi
2026-10-05,Patrick Sappa,@gingerstoelettatura,Ginger's Toelettatura,Calcinato (BS),toelettature e dog trainer,primo,2026-10-02-instagram-siti-bs-toelettature
2026-10-05,Patrick Sappa,@giulia_dogtrainer,"Giulia, Good Dog scuola per cani",Mazzano (BS),toelettature e dog trainer,primo,2026-10-02-instagram-siti-bs-toelettature
2026-10-05,Patrick Sappa,@grecocostruzionisrl_official,Greco Costruzioni S.r.l.,Menaggio (CO),edilizia e serramenti,primo,2026-10-02-instagram-ricerca-co-edilizia
2026-10-05,Patrick Sappa,@grkserramenti,GRK Serramenti Srl,Trezzano sul Naviglio (MI),edilizia e serramenti,primo,2026-10-02-instagram-ricerca-mi-edilizia
2026-10-05,Patrick Sappa,@gruppoalpe_materiali_edili,Gruppo Alpe,Mariano Comense (CO),edilizia e serramenti,primo,2026-10-02-instagram-ricerca-co-edilizia
2026-10-05,Patrick Sappa,@happyshavasana,Manuela Drusiani Yoga,Milano (MI),"personal trainer, pilates e yoga",primo,2026-10-02-instagram-siti-mi-personal-trainer
2026-10-05,Patrick Sappa,@icontattoomilano,ICON Tattoo Studio,Segrate (MI),tatuatori e piercing,primo,2026-10-02-instagram-siti-mi-tatuatori
2026-10-05,Patrick Sappa,@idccostruzioni,IDC Costruzioni s.r.l.,Legnano (MI),edilizia e serramenti,primo,2026-10-02-instagram-ricerca-mi-edilizia
2026-10-05,Patrick Sappa,@ilfalegnamesottocasa.it,Il Falegname Sottocasa,Milano (MI),falegnamerie,primo,2026-10-02-instagram-ricerca-mi-falegnamerie
2026-10-05,Patrick Sappa,@ilfornaiocolombo,Il Fornaio - F.lli Colombo,Bellinzago Lombardo (MI),panifici con laboratorio,primo,2026-10-02-instagram-ricerca-mi-alimentari
2026-10-05,Patrick Sappa,@iltatuaggiotattoostudio,Il Tatuaggio Tattoo Studio,Milano (MI),tatuatori e piercing,primo,2026-10-02-instagram-siti-mi-tatuatori
2026-10-05,Patrick Sappa,@imperialcoperture,Imperial Coperture S.R.L.,Bareggio (MI),edilizia e serramenti,primo,2026-10-02-instagram-ricerca-mi-edilizia
2026-10-05,Patrick Sappa,@impresarizzuti,Impresa Edile Rizzuti,Brenna (CO),edilizia e serramenti,primo,2026-10-02-instagram-ricerca-co-edilizia
2026-10-05,Patrick Sappa,@infissi.dintorni,Infissi e Dintorni,Cantù (CO),edilizia e serramenti,primo,2026-10-02-instagram-ricerca-co-edilizia
2026-10-05,Patrick Sappa,@joshtattoomilano,Josh Tattooer Milano,Milano (MI),tatuatori e piercing,primo,2026-10-02-instagram-siti-mi-tatuatori
2026-10-05,Patrick Sappa,@jppmerate,"Studio fotografico JPP, Just Pure Portraits",Merate (LC),fotografi e videomaker,primo,2026-10-02-instagram-siti-lc-fotografi
2026-10-05,Patrick Sappa,@juriferrar,"Juri Ferrari, fotografo",Milano (MI),fotografi e videomaker,primo,2026-10-02-instagram-siti-mi-sartorie
2026-10-05,Patrick Sappa,@la_lela_photographer,La Lela Photographer,Colico (LC),fotografi e videomaker,primo,2026-10-02-instagram-siti-lc-fotografi
2026-10-05,Patrick Sappa,@la_toelettatura_di_ambra,La Toelettatura di Ambra Boifava,Rezzato (BS),toelettature e dog trainer,primo,2026-10-02-instagram-siti-bs-toelettature
2026-10-05,Patrick Sappa,@lacontadina1983,Caseificio La Contadina,Milano (MI),caseifici,primo,2026-10-02-instagram-ricerca-mi-alimentari
2026-10-05,Patrick Sappa,@laforestina,Cascina Forestina,Cisliano (MI),aziende agricole con vendita,primo,2026-10-02-instagram-ricerca-mi-alimentari
2026-10-05,Patrick Sappa,@lagricolainate,L'Agricola,Lainate (MI),aziende agricole con vendita,primo,2026-10-02-instagram-ricerca-mi-alimentari
2026-10-05,Patrick Sappa,@latoelettatrice.melissa,La Toelettatrice Melissa,Brescia (BS),toelettature e dog trainer,primo,2026-10-02-instagram-siti-bs-toelettature
2026-10-05,Patrick Sappa,@lemillebollebau,Le Mille Bolle Bau di Gloria,Palazzolo sull'Oglio (BS),toelettature e dog trainer,primo,2026-10-02-instagram-siti-bs-toelettature
2026-10-05,Patrick Sappa,@lemilleeunacoccola,"Le Mille e una Coccola, toelettatura",Verolavecchia (BS),toelettature e dog trainer,primo,2026-10-02-instagram-siti-bs-toelettature
2026-10-05,Patrick Sappa,@love_letters_tattoostudio,Love Letters Tattoo Studio,Milano (MI),tatuatori e piercing,primo,2026-10-02-instagram-siti-mi-tatuatori
2026-10-05,Patrick Sappa,@lucadifazio_,"Luca Di Fazio, fotografo e videomaker",Milano (MI),fotografi e videomaker,primo,2026-10-02-instagram-siti-mi-sartorie
2026-10-05,Patrick Sappa,@luxserr,Lux Serr,Mariano Comense (CO),edilizia e serramenti,primo,2026-10-02-instagram-ricerca-co-edilizia
2026-10-05,Patrick Sappa,@marghefotomilano,"Margherita, fotografa a Milano",Milano (MI),fotografi e videomaker,primo,2026-10-02-instagram-siti-mi-sartorie
2026-10-05,Patrick Sappa,@masasabry,Masa Tattoo (Sabrina Cattaneo),Inveruno (MI),tatuatori e piercing,primo,2026-10-02-instagram-siti-mi-tatuatori
2026-10-05,Patrick Sappa,@maurodimeo,"Mauro Di Meo, videomaker e fotografo",Milano (MI),fotografi e videomaker,primo,2026-10-02-instagram-siti-mi-sartorie
2026-10-05,Patrick Sappa,@melinoe.tattoo,Melinoë Tattoo,Milano (MI),tatuatori e piercing,primo,2026-10-02-instagram-siti-mi-tatuatori
2026-10-05,Patrick Sappa,@mgrluxury_como,MGR Luxury,Como (CO),edilizia e serramenti,primo,2026-10-02-instagram-ricerca-co-edilizia
2026-10-05,Patrick Sappa,@milanphotoshoots,"Daria, Photographer Milan",Milano (MI),fotografi e videomaker,primo,2026-10-02-instagram-siti-mi-sartorie
2026-10-05,Patrick Sappa,@miriamtoson_photography,Miriam Toson Photography,Milano (MI),fotografi e videomaker,primo,2026-10-02-instagram-siti-mi-sartorie
2026-10-05,Patrick Sappa,@monamijolietoelettatura,Mon Ami Jolie Toelettatura,Castel Mella (BS),toelettature e dog trainer,primo,2026-10-02-instagram-siti-bs-toelettature
2026-10-05,Patrick Sappa,@mt_arredamenti_resina,MT Arredamenti,Cantù (CO),falegnamerie,primo,2026-10-02-instagram-ricerca-mi-falegnamerie
2026-10-05,Patrick Sappa,@musetto_perfetto_toelettatura,Musetto Perfetto Toelettatura,Gardone Val Trompia (BS),toelettature e dog trainer,primo,2026-10-02-instagram-siti-bs-toelettature
2026-10-05,Patrick Sappa,@naimascuolacinofila,Naima Scuola Cinofila di Giulia Crescenti,Calvisano (BS),toelettature e dog trainer,primo,2026-10-02-instagram-siti-bs-toelettature
2026-10-05,Patrick Sappa,@nessi_majocchi,Nessi & Majocchi,Como (CO),edilizia e serramenti,primo,2026-10-02-instagram-ricerca-co-edilizia
2026-10-05,Patrick Sappa,@nettare_dei_santi,Nettare dei Santi,San Colombano al Lambro (MI),aziende agricole con vendita,primo,2026-10-02-instagram-ricerca-mi-alimentari
2026-10-05,Patrick Sappa,@newconcept_tattoo,Mary Grace Tattoo & PMU,Legnano (MI),tatuatori e piercing,primo,2026-10-02-instagram-siti-mi-tatuatori
2026-10-05,Patrick Sappa,@nobiliserramenti,Nobili Serramenti,Cabiate (CO),edilizia e serramenti,primo,2026-10-02-instagram-ricerca-co-edilizia
2026-10-05,Patrick Sappa,@notog_costruzioni,Noto G Costruzioni,Como (CO),edilizia e serramenti,primo,2026-10-02-instagram-ricerca-co-edilizia
2026-10-05,Patrick Sappa,@nowherecafe.milano,Nowhere Future Coffee Roasters,Milano (MI),torrefazioni,primo,2026-10-02-instagram-ricerca-mi-alimentari
2026-10-05,Patrick Sappa,@panificiodavidelongoni,Panificio Davide Longoni,Milano (MI),panifici con laboratorio,primo,2026-10-02-instagram-ricerca-mi-alimentari
2026-10-05,Patrick Sappa,@petrelli.tattoo,Petrelli Tattoo,Cinisello Balsamo (MI),tatuatori e piercing,primo,2026-10-02-instagram-siti-mi-tatuatori
2026-10-05,Patrick Sappa,@photography_byxheni,Photography by Xheni,Garbagnate Milanese (MI),fotografi e videomaker,primo,2026-10-02-instagram-siti-mi-sartorie
2026-10-05,Patrick Sappa,@piccoloranchclaudia,"Piccolo Ranch di Claudia, toelettatura",Brescia (BS),toelettature e dog trainer,primo,2026-10-02-instagram-siti-bs-toelettature
2026-10-05,Patrick Sappa,@pilates.training.lab,Pilates Training Lab,Cinisello Balsamo (MI),"personal trainer, pilates e yoga",primo,2026-10-02-instagram-siti-mi-personal-trainer
2026-10-05,Patrick Sappa,@pilates_district,Pilates District di Alessandro Manzo,Buccinasco (MI),"personal trainer, pilates e yoga",primo,2026-10-02-instagram-siti-mi-personal-trainer
2026-10-05,Patrick Sappa,@pilates_vale,Pilates Vale Studio,Cologno Monzese (MI),"personal trainer, pilates e yoga",primo,2026-10-02-instagram-siti-mi-personal-trainer
2026-10-05,Patrick Sappa,@popup_photoeballoon,PopUp Photo & Balloon,Cassago Brianza (LC),fotografi e videomaker,primo,2026-10-02-instagram-siti-lc-fotografi
2026-10-05,Patrick Sappa,@posturallab_,Posturallab di Laura Lazzati,San Donato Milanese (MI),"personal trainer, pilates e yoga",primo,2026-10-02-instagram-siti-mi-personal-trainer
2026-10-05,Patrick Sappa,@puntounoarreda,Puntounoarreda,Cantù (CO),falegnamerie,primo,2026-10-02-instagram-ricerca-mi-falegnamerie
2026-10-05,Patrick Sappa,@salvo_noise_art,Salvo Noise Art Tattoo,Garbagnate Milanese (MI),tatuatori e piercing,primo,2026-10-02-instagram-siti-mi-tatuatori
2026-10-05,Patrick Sappa,@sartoriamora,Sartoria Mora Milano,Milano (MI),"sartorie, atelier e tappezzieri",primo,2026-10-02-instagram-siti-mi-sartorie
2026-10-05,Patrick Sappa,@sartoriasportivamilano,Sartoria Sportiva Milano,Milano (MI),"sartorie, atelier e tappezzieri",primo,2026-10-02-instagram-siti-mi-sartorie
2026-10-05,Patrick Sappa,@scribblestattoo,Scribbles Tattoo,Castano Primo (MI),tatuatori e piercing,primo,2026-10-02-instagram-siti-mi-tatuatori
2026-10-05,Patrick Sappa,@serramentipellegrino,Serramenti Pellegrino,Cologno Monzese (MI),edilizia e serramenti,primo,2026-10-02-instagram-ricerca-mi-edilizia
2026-10-05,Patrick Sappa,@silvia.menegon,"Silvia Menegon, fotografa",Milano (MI),fotografi e videomaker,primo,2026-10-02-instagram-siti-mi-sartorie
2026-10-05,Patrick Sappa,@silviapoli_ph,"Silvia Poli, studio fotografico",Lecco (LC),fotografi e videomaker,primo,2026-10-02-instagram-siti-lc-fotografi
2026-10-05,Patrick Sappa,@sistemacostruzioni,Sistema Costruzioni,Erba (CO),edilizia e serramenti,primo,2026-10-02-instagram-ricerca-co-edilizia
2026-10-05,Patrick Sappa,@skinking_tattoo,Skinking Tattooshop,Novate Milanese (MI),tatuatori e piercing,primo,2026-10-02-instagram-siti-mi-tatuatori
2026-10-05,Patrick Sappa,@tabatattoo,Tabatattoo,Milano (MI),tatuatori e piercing,primo,2026-10-02-instagram-siti-mi-tatuatori
2026-10-05,Patrick Sappa,@theproject.cantu,The Project,Cantù (CO),edilizia e serramenti,primo,2026-10-02-instagram-ricerca-co-edilizia
2026-10-05,Patrick Sappa,@thiago.sabadini,Thiago Sabadini Tattoo,Milano (MI),tatuatori e piercing,primo,2026-10-02-instagram-siti-mi-tatuatori
2026-10-05,Patrick Sappa,@toelettatura_cristina,Sala Toelettatura Cristina,Brescia (BS),toelettature e dog trainer,primo,2026-10-02-instagram-siti-bs-toelettature
2026-10-05,Patrick Sappa,@toelettatura_simona,Toelettatura Simona,Brescia (BS),toelettature e dog trainer,primo,2026-10-02-instagram-siti-bs-toelettature
2026-10-05,Patrick Sappa,@toptaglio,A.T. Toptaglio S.r.l.,Milano (MI),edilizia e serramenti,primo,2026-10-02-instagram-ricerca-mi-edilizia
2026-10-05,Patrick Sappa,@tra_naso_e_coda,"Tra Naso e Coda, educazione cinofila",Chiari (BS),toelettature e dog trainer,primo,2026-10-02-instagram-siti-bs-toelettature
2026-10-05,Patrick Sappa,@traceofgracetattoo,Trace of Grace Tattoo,Canegrate (MI),tatuatori e piercing,primo,2026-10-02-instagram-siti-mi-tatuatori
2026-10-05,Patrick Sappa,@wakantankatattoo,Wakan Tanka Tattoo,Melegnano (MI),tatuatori e piercing,primo,2026-10-02-instagram-siti-mi-tatuatori
2026-10-05,Patrick Sappa,@whitestone_tattoostudio,White Stone Tattoo Studio,Vimodrone (MI),tatuatori e piercing,primo,2026-10-02-instagram-siti-mi-tatuatori
2026-10-05,Patrick Sappa,@yulanda.om,"Yulia Potatueva, fotografa",Milano (MI),fotografi e videomaker,primo,2026-10-02-instagram-siti-mi-sartorie
2026-10-05,Patrick Sappa,@zampamore.toelettatura,ZampAmore Toelettatura,Pisogne (BS),toelettature e dog trainer,primo,2026-10-02-instagram-siti-bs-toelettature
2026-10-05,Patrick Sappa,@zipo_dovelemucchesonofelici,Azienda Agricola ZIPO,Zibido San Giacomo (MI),aziende agricole con vendita,primo,2026-10-02-instagram-ricerca-mi-alimentari
2026-10-07,Patrick Sappa,@_happy_moments_milano,"Happy Moments Milano, Lana fotografa di famiglia",Milano (MI),fotografi di famiglia,primo,2026-10-05-instagram-siti-mi-fotografi
2026-10-07,Patrick Sappa,@agriturismocascinamadonnina,Agriturismo Cascina Madonnina,Pregnana Milanese (MI),azienda agricola con allevamento e agriturismo,primo,2026-10-05-instagram-ricerca-mi-agricole
2026-10-07,Patrick Sappa,@ale_artink,Art Ink Tattoo,Erbusco (BS),tatuatori e piercing,primo,2026-10-05-instagram-siti-bs-tatuatori
2026-10-07,Patrick Sappa,@alice.educatrice.cinofila,Centro Cinofilo Alice'n'dogs,Ranica (BG),toelettature e dog trainer,primo,2026-10-05-instagram-siti-bg-toelettature
2026-10-07,Patrick Sappa,@alphadogtoelettatura,Alpha Dog toelettatura,Trescore Balneario (BG),toelettature e dog trainer,primo,2026-10-05-instagram-siti-bg-toelettature
2026-10-07,Patrick Sappa,@amicidibenji2,Amici di Benji 2,Cologno al Serio (BG),toelettature e dog trainer,primo,2026-10-05-instagram-siti-bg-toelettature
2026-10-07,Patrick Sappa,@animalhousepontenossa,Animal House,Ponte Nossa (BG),toelettature e dog trainer,primo,2026-10-05-instagram-siti-bg-toelettature
2026-10-07,Patrick Sappa,@antheafiori_padernodadda,Anthea Fiori,Paderno d'Adda (LC),fioristi e wedding planner,primo,2026-10-05-instagram-siti-lc-fioristi
2026-10-07,Patrick Sappa,@antikorpotattooshop,Antikorpo Tattoo Studio,Orzinuovi (BS),tatuatori e piercing,primo,2026-10-05-instagram-siti-bs-tatuatori
2026-10-07,Patrick Sappa,@anubitattoo,Anubi Tattoo,Piancogno (BS),tatuatori e piercing,primo,2026-10-05-instagram-siti-bs-tatuatori
2026-10-07,Patrick Sappa,@artecasa.cernusco,Artecasa,Cernusco Lombardone (LC),edilizia e serramenti,primo,2026-10-05-instagram-ricerca-lc-edilizia
2026-10-07,Patrick Sappa,@asd_scintilla_cinofila_bergamo,Scintilla Cinofila ASD,Valbrembo (BG),toelettature e dog trainer,primo,2026-10-05-instagram-siti-bg-toelettature
2026-10-07,Patrick Sappa,@attimi_in_cornice,"Attimi in Cornice, Simona fotografa di famiglia",Milano (MI),fotografi di famiglia e newborn,primo,2026-10-05-instagram-siti-mi-fotografi
2026-10-07,Patrick Sappa,@b_line_toelettatura,B-line Toelettatura,Bollate (MI),toelettature e dog trainer,primo,2026-10-05-instagram-siti-mi-toelettature
2026-10-07,Patrick Sappa,@baitan_serramenti,Baitan Serramenti,Rodengo Saiano (BS),serramenti,primo,2026-10-05-instagram-ricerca-bs-edilizia
2026-10-07,Patrick Sappa,@barba_e_zampa,Barba e Zampa Toelettatura e Spa,Romano di Lombardia (BG),toelettature e dog trainer,primo,2026-10-05-instagram-siti-bg-toelettature
2026-10-07,Patrick Sappa,@baubello_toelettatura,"Baubello, toelettatura",Pioltello (MI),toelettature e dog trainer,primo,2026-10-05-instagram-siti-mi-toelettature
2026-10-07,Patrick Sappa,@baustyle_bustogarolfo.10,"Bau Style, toelettatura",Busto Garolfo (MI),toelettature e dog trainer,primo,2026-10-05-instagram-siti-mi-toelettature
2026-10-07,Patrick Sappa,@bellezzacanina.toelettatura,"Bellezza Canina, toelettatura",Corsico (MI),toelettature e dog trainer,primo,2026-10-05-instagram-siti-mi-toelettature
2026-10-07,Patrick Sappa,@bellipelosisarnico,Belli Pelosi,Sarnico (BG),toelettature e dog trainer,primo,2026-10-05-instagram-siti-bg-toelettature
2026-10-07,Patrick Sappa,@bevyexpress,Bevy Express,Milano (MI),distribuzione bevande e acqua a domicilio,primo,2026-10-05-instagram-ricerca-mi-ingrossi
2026-10-07,Patrick Sappa,@bigmat_merate,BigMat Gilardi Edilizia S.r.l.,Merate (LC),edilizia e serramenti,primo,2026-10-05-instagram-ricerca-lc-edilizia
2026-10-07,Patrick Sappa,@borellafiori,Fiorista Borella,Cinisello Balsamo (MI),fioristi e wedding planner,primo,2026-10-05-instagram-siti-mi-fioristi
2026-10-07,Patrick Sappa,@boscofiorito_magenta,Bosco Fiorito,Magenta (MI),fioristi e wedding planner,primo,2026-10-05-instagram-siti-mi-fioristi
2026-10-07,Patrick Sappa,@boutique_del_barboncino,La Boutique del Barboncino,Bergamo (BG),toelettature e dog trainer,primo,2026-10-05-instagram-siti-bg-toelettature
2026-10-07,Patrick Sappa,@bresciaparquet,Brescia Parquet,Puegnago del Garda (BS),parquet e pavimenti,primo,2026-10-05-instagram-ricerca-bs-edilizia
2026-10-07,Patrick Sappa,@briciole.di.cuore,Briciole di Cuore di Vicidomini Fabiana,Trezzano sul Naviglio (MI),fioristi e allestimenti,primo,2026-10-05-instagram-siti-mi-fioristi
2026-10-07,Patrick Sappa,@brusadelli_costruzioni_srl,Brusadelli Costruzioni S.r.l.,Cesana Brianza (LC),edilizia e serramenti,primo,2026-10-05-instagram-ricerca-lc-edilizia
2026-10-07,Patrick Sappa,@bsproduzioni,"BS Produzioni, Benedetta fotografa di famiglia",Legnano (MI),fotografi di famiglia,primo,2026-10-05-instagram-siti-mi-fotografi
2026-10-07,Patrick Sappa,@canforutensili73,Canfor Utensili Srl,Milano (MI),forniture per impiantisti elettrici,primo,2026-10-05-instagram-ricerca-mi-ingrossi
2026-10-07,Patrick Sappa,@carni_nobili,Carni Nobili,Milano (MI),ingrosso carni per la ristorazione,primo,2026-10-05-instagram-ricerca-mi-ingrossi
2026-10-07,Patrick Sappa,@cascina_carlotta,Cascina Carlotta,San Giuliano Milanese (MI),azienda agricola con spaccio,primo,2026-10-05-instagram-ricerca-mi-agricole
2026-10-07,Patrick Sappa,@cascina_resta,Cascina Resta,Vittuone (MI),azienda agricola con bottega e cucina,primo,2026-10-05-instagram-ricerca-mi-agricole
2026-10-07,Patrick Sappa,@cascinabattivacco,Cascina Battivacco,Milano (MI),azienda agricola risicola con bottega,primo,2026-10-05-instagram-ricerca-mi-agricole
2026-10-07,Patrick Sappa,@cascinacampazzoaziendaagricola,Cascina Campazzo,Milano (MI),azienda agricola con allevamento da latte e bottega,primo,2026-10-05-instagram-ricerca-mi-agricole
2026-10-07,Patrick Sappa,@cascinacortenuova,Cascina Cortenuova,Truccazzano (MI),azienda agricola con allevamento e negozio,primo,2026-10-05-instagram-ricerca-mi-agricole
2026-10-07,Patrick Sappa,@cascinadimezzo,Agriturismo Cascina di Mezzo,Liscate (MI),azienda agricola con bottega e agriturismo,primo,2026-10-05-instagram-ricerca-mi-agricole
2026-10-07,Patrick Sappa,@cascinafemegro,Cascina Femegro,Zibido San Giacomo (MI),azienda agricola con vendita diretta e agriturismo,primo,2026-10-05-instagram-ricerca-mi-agricole
2026-10-07,Patrick Sappa,@cascinapietrasanta,Cascina Pietrasanta (Cooperativa Agricola San Rocco),Magenta (MI),cooperativa agricola con agriturismo,primo,2026-10-05-instagram-ricerca-mi-agricole
2026-10-07,Patrick Sappa,@cascinapizzo,Cascina Pizzo - F.lli Scotti,Mediglia (MI),azienda agricola con bottega e campo dei fiori,primo,2026-10-05-instagram-ricerca-mi-agricole
2026-10-07,Patrick Sappa,@cascinarosio,Agriturismo Cascina Rosio,Albairate (MI),azienda agricola e agrituristica,primo,2026-10-05-instagram-ricerca-mi-agricole
2026-10-07,Patrick Sappa,@cascinaselva,Cascina Selva,Ozzero (MI),azienda agricola con allevamento da latte e caseificio,primo,2026-10-05-instagram-ricerca-mi-agricole
2026-10-07,Patrick Sappa,@cascsandonato,Cascina San Donato,Abbiategrasso (MI),azienda agricola con vendita diretta di frutta e ortaggi,primo,2026-10-05-instagram-ricerca-mi-agricole
2026-10-07,Patrick Sappa,@ceciliachave_wedding,Cecilia Chave Wedding & Event Planner,Milano (MI),wedding planner,primo,2026-10-05-instagram-siti-mi-fioristi
2026-10-07,Patrick Sappa,@centro_finiture_marsano,Centro Finiture Marsano S.r.l.,Nerviano (MI),ingrosso finiture edili,primo,2026-10-05-instagram-ricerca-mi-ingrossi
2026-10-07,Patrick Sappa,@cesi_ceramica,CE.SI. Ceramica di Sirone S.r.l.,Sirone (LC),edilizia e serramenti,primo,2026-10-05-instagram-ricerca-lc-edilizia
2026-10-07,Patrick Sappa,@chez_trilli_events_wp,Chez Trilli Events di Francesca Jacqueline Mele,Gorgonzola (MI),wedding planner,primo,2026-10-05-instagram-siti-mi-fioristi
2026-10-07,Patrick Sappa,@claudia_dogsitterbergamo,"Claudia, educatrice cinofila e dogsitter",Bergamo (BG),toelettature e dog trainer,primo,2026-10-05-instagram-siti-bg-toelettature
2026-10-07,Patrick Sappa,@colombo_costruzioni,Colombo Costruzioni S.p.A.,Lecco (LC),edilizia e serramenti,primo,2026-10-05-instagram-ricerca-lc-edilizia
2026-10-07,Patrick Sappa,@colombolesuperfici,Colombo Le Superfici S.r.l.,Sirtori (LC),edilizia e serramenti,primo,2026-10-05-instagram-ricerca-lc-edilizia
2026-10-07,Patrick Sappa,@colorificio_patricelli,Colorificio Patricelli,Senago (MI),"colorificio, ingrosso e dettaglio vernici",primo,2026-10-05-instagram-ricerca-mi-ingrossi
2026-10-07,Patrick Sappa,@comavicola1956,Comavicola Commerciale Avicola S.p.a.,Milano (MI),distribuzione prodotti ittici surgelati,primo,2026-10-05-instagram-ricerca-mi-ingrossi
2026-10-07,Patrick Sappa,@copromar.it,Copromar S.r.l.,Milano (MI),distribuzione ittica all'ingrosso,primo,2026-10-05-instagram-ricerca-mi-ingrossi
2026-10-07,Patrick Sappa,@costruzionicolombolilliano,Costruzioni Colombo Lilliano S.r.l.,Mandello del Lario (LC),edilizia e serramenti,primo,2026-10-05-instagram-ricerca-lc-edilizia
2026-10-07,Patrick Sappa,@crisaltattoo,Crisaltattoo (Cristian Sala),Brescia (BS),tatuatori e piercing,primo,2026-10-05-instagram-siti-bs-tatuatori
2026-10-07,Patrick Sappa,@crudelia_toelettatura,Crudelia Demon toelettatura,Brusaporto (BG),toelettature e dog trainer,primo,2026-10-05-instagram-siti-bg-toelettature
2026-10-07,Patrick Sappa,@cucciolandia_zogno,Cucciolandia Zogno,Zogno (BG),toelettature e dog trainer,primo,2026-10-05-instagram-siti-bg-toelettature
2026-10-07,Patrick Sappa,@da_claudia_pasticceria,Da Claudia Pasticceria,Abbiategrasso (MI),pasticcerie e cake designer,primo,2026-10-05-instagram-siti-mi-pasticcerie
2026-10-07,Patrick Sappa,@debora.cavalieri,Debora Cavalieri Events,Rho (MI),wedding planner,primo,2026-10-05-instagram-siti-mi-fioristi
2026-10-07,Patrick Sappa,@di.nero.tattoo,Di.Nero Tattoo Shop,Brescia (BS),tatuatori e piercing,primo,2026-10-05-instagram-siti-bs-tatuatori
2026-10-07,Patrick Sappa,@disparitattoo,Dispari Tattoo Studio,Montichiari (BS),tatuatori e piercing,primo,2026-10-05-instagram-siti-bs-tatuatori
2026-10-07,Patrick Sappa,@dl_milanofrutta,D & L Milano Frutta Srls,Milano (MI),ingrosso ortofrutta per ristoranti,primo,2026-10-05-instagram-ricerca-mi-ingrossi
2026-10-07,Patrick Sappa,@dogspace.romano,Dog Space,Romano di Lombardia (BG),toelettature e dog trainer,primo,2026-10-05-instagram-siti-bg-toelettature
2026-10-07,Patrick Sappa,@dogsplanetcernusco,"Dog's Planet, toelettatura e lavaggio self-service",Cernusco sul Naviglio (MI),toelettature e dog trainer,primo,2026-10-05-instagram-siti-mi-toelettature
2026-10-07,Patrick Sappa,@edilizia_binda,Edilizia Binda Srl,Calolziocorte (LC),edilizia e serramenti,primo,2026-10-05-instagram-ricerca-lc-edilizia
2026-10-07,Patrick Sappa,@edilmarketceramiche,Edilmarket S.r.l.,Gavardo (BS),pavimenti e ceramiche,primo,2026-10-05-instagram-ricerca-bs-edilizia
2026-10-07,Patrick Sappa,@edilsolari_srl,Edilsolari Srl,Milano (MI),ingrosso materiali edili,primo,2026-10-05-instagram-ricerca-mi-ingrossi
2026-10-07,Patrick Sappa,@elena_cordaro_,Elena Cordaro wedding & events planner,Cornaredo (MI),wedding planner,primo,2026-10-05-instagram-siti-mi-fioristi
2026-10-07,Patrick Sappa,@famiglia_baroni,Famiglia Baroni Società Agricola,Abbiategrasso (MI),allevamento bovini e capre con spaccio agricolo,primo,2026-10-05-instagram-ricerca-mi-agricole
2026-10-07,Patrick Sappa,@fashion.maternity.milano,"Fashion Maternity Milano, Tania Volobueva",Bresso (MI),fotografi di maternity e newborn,primo,2026-10-05-instagram-siti-mi-fotografi
2026-10-07,Patrick Sappa,@fattoriamaccazzola,Fattoria Maccazzola,Settimo Milanese (MI),"azienda agricola con allevamento, caseificio e negozio",primo,2026-10-05-instagram-ricerca-mi-agricole
2026-10-07,Patrick Sappa,@fcf.it,FCF Forniture Cine Foto,Milano (MI),forniture e noleggio cine foto,primo,2026-10-05-instagram-ricerca-mi-ingrossi
2026-10-07,Patrick Sappa,@fiordiloto_sandonato,Fior di Loto di Gianfreda Marisa,San Donato Milanese (MI),fioristi e wedding planner,primo,2026-10-05-instagram-siti-mi-fioristi
2026-10-07,Patrick Sappa,@fioreria_delle_botteghe,Fioreria delle Botteghe di Perrone Vanina Pamela,Milano (MI),fioristi e wedding planner,primo,2026-10-05-instagram-siti-mi-fioristi
2026-10-07,Patrick Sappa,@fioreriafaby,Fioreria Faby di Fabiana Pini,Legnano (MI),fioristi e wedding planner,primo,2026-10-05-instagram-siti-mi-fioristi
2026-10-07,Patrick Sappa,@fiorinfiorellolecco,Fiorin Fiorello,Lecco (LC),fioristi e wedding planner,primo,2026-10-05-instagram-siti-lc-fioristi
2026-10-07,Patrick Sappa,@fiorista_uggeri,Fiorista Uggeri di Andrea Uggeri,Milano (MI),fioristi e wedding planner,primo,2026-10-05-instagram-siti-mi-fioristi
2026-10-07,Patrick Sappa,@flordelislegnano,Flor De Lis di Jessica Maistrello,Legnano (MI),fioristi e wedding planner,primo,2026-10-05-instagram-siti-mi-fioristi
2026-10-07,Patrick Sappa,@folliefiorite,Follie Fiorite,Lecco (LC),fioristi e wedding planner,primo,2026-10-05-instagram-siti-lc-fioristi
2026-10-07,Patrick Sappa,@foxy_art_tattoo,Foxy Art Tattoo,Travagliato (BS),tatuatori e piercing,primo,2026-10-05-instagram-siti-bs-tatuatori
2026-10-07,Patrick Sappa,@fraa.ph,Francesca Maffioletti fotografa,Milano (MI),fotografi eventi e concerti,primo,2026-10-05-instagram-siti-mi-fotografi
2026-10-07,Patrick Sappa,@frigeriomarmi_official,Frigerio Marmi e Graniti srl,Annone di Brianza (LC),edilizia e serramenti,primo,2026-10-05-instagram-ricerca-lc-edilizia
2026-10-07,Patrick Sappa,@fumagallilaura.fiori,Laura Fumagalli fiori,Colle Brianza (LC),fioristi e wedding planner,primo,2026-10-05-instagram-siti-lc-fioristi
2026-10-07,Patrick Sappa,@gaia.tattooink,Gaia.ink Tattoo,Piancogno (BS),tatuatori e piercing,primo,2026-10-05-instagram-siti-bs-tatuatori
2026-10-07,Patrick Sappa,@gelateriabellidimamma,Belli di Mamma,Sedriano (MI),pasticcerie e cake designer,primo,2026-10-05-instagram-siti-mi-pasticcerie
2026-10-07,Patrick Sappa,@giadaplanning_events,GiaDa Planning,Lainate (MI),wedding planner,primo,2026-10-05-instagram-siti-mi-fioristi
2026-10-07,Patrick Sappa,@greedymonkey_tattoostudio,Greedy Monkey Tattoo Studio,Desenzano del Garda (BS),tatuatori e piercing,primo,2026-10-05-instagram-siti-bs-tatuatori
2026-10-07,Patrick Sappa,@greycat_tattoo_studio,GreyCat Tattoo Studio,Salò (BS),tatuatori e piercing,primo,2026-10-05-instagram-siti-bs-tatuatori
2026-10-07,Patrick Sappa,@hakuna_matata_cv,Toelettatura Hakuna Matata,Costa Volpino (BG),toelettature e dog trainer,primo,2026-10-05-instagram-siti-bg-toelettature
2026-10-07,Patrick Sappa,@herbamonstrum,Herba Monstrum Brewery,Galbiate (LC),birrifici artigianali (alimentari),primo,2026-10-05-instagram-ricerca-lc-alimentari
2026-10-07,Patrick Sappa,@icaarus_asd_centro_cinofilo,ICAARUS ASD Centro Cinofilo,Brembate (BG),toelettature e dog trainer,primo,2026-10-05-instagram-siti-bg-toelettature
2026-10-07,Patrick Sappa,@il_vg,Valerio Grassi Floral Designer,Legnano (MI),fioristi e floral designer,primo,2026-10-05-instagram-siti-mi-fioristi
2026-10-07,Patrick Sappa,@ilfioredistefanoschlegel,Il Fiore di Stefano Schlegel,Legnano (MI),fioristi e wedding planner,primo,2026-10-05-instagram-siti-mi-fioristi
2026-10-07,Patrick Sappa,@ilsecondogirone,Il Secondo Girone,Brescia (BS),tatuatori e piercing,primo,2026-10-05-instagram-siti-bs-tatuatori
2026-10-07,Patrick Sappa,@isol_coperture,Isol Coperture,Verolanuova (BS),coperture e tetti,primo,2026-10-05-instagram-ricerca-bs-edilizia
2026-10-07,Patrick Sappa,@isola_edilizia_abbiategrasso,Isola dell'Edilizia Srl,Abbiategrasso (MI),ingrosso materiali edili e noleggio,primo,2026-10-05-instagram-ricerca-mi-ingrossi
2026-10-07,Patrick Sappa,@jollyrogertattoo.bs,Jolly Roger Tattoo Shop,Brescia (BS),tatuatori e piercing,primo,2026-10-05-instagram-siti-bs-tatuatori
2026-10-07,Patrick Sappa,@la_fioreria_di_gigi_snc,La Fioreria di Gigi snc,Milano (MI),fioristi e wedding planner,primo,2026-10-05-instagram-siti-mi-fioristi
2026-10-07,Patrick Sappa,@la_floreale,La Floreale di Giovanni Boniardi,Melzo (MI),fioristi e wedding planner,primo,2026-10-05-instagram-siti-mi-fioristi
2026-10-07,Patrick Sappa,@la_vecchia_valle,"La Vecchia Valle, allevamento e pensione cani",Peia (BG),toelettature e dog trainer,primo,2026-10-05-instagram-siti-bg-toelettature
2026-10-07,Patrick Sappa,@labohemefioriebonton,La Boheme fiori e bon ton,Oggiono (LC),fioristi e wedding planner,primo,2026-10-05-instagram-siti-lc-fioristi
2026-10-07,Patrick Sappa,@lacascinacornaredo,La Cascina Cornaredo - Azienda Agricola Santoro,Cornaredo (MI),"azienda agricola con orto, banco della spesa e agriturismo",primo,2026-10-05-instagram-ricerca-mi-agricole
2026-10-07,Patrick Sappa,@lagalizia_agriturismo,La Galizia Società Agricola,Cuggiono (MI),azienda agricola con allevamento e agriturismo,primo,2026-10-05-instagram-ricerca-mi-agricole
2026-10-07,Patrick Sappa,@lamodernadueserramenti,La Moderna Due Serramenti,Lecco (LC),edilizia e serramenti,primo,2026-10-05-instagram-ricerca-lc-edilizia
2026-10-07,Patrick Sappa,@laurieflowerdesigner,Laurie Flower Designer,Milano (MI),fioristi e floral designer,primo,2026-10-05-instagram-siti-mi-fioristi
2026-10-07,Patrick Sappa,@legnami_crippa_srl,Legnami Crippa S.r.l.,Cologno Monzese (MI),commercio all'ingrosso di legname,primo,2026-10-05-instagram-ricerca-mi-ingrossi
2026-10-07,Patrick Sappa,@lesdamesdesfleurs,Les Dames des Fleurs,Inveruno (MI),fioristi e wedding planner,primo,2026-10-05-instagram-siti-mi-fioristi
2026-10-07,Patrick Sappa,@lollisstudiotattoo,Lolli's Studio Tattoo,Brescia (BS),tatuatori e piercing,primo,2026-10-05-instagram-siti-bs-tatuatori
2026-10-07,Patrick Sappa,@lombarda_noleggi_srl,Lombarda Noleggi Srl,Garbagnate Milanese (MI),noleggio piattaforme aeree,primo,2026-10-05-instagram-ricerca-mi-ingrossi
2026-10-07,Patrick Sappa,@longospeciality,Longo Un Mondo di Specialità S.r.l.,Legnano (MI),forniture di regali enogastronomici aziendali,primo,2026-10-05-instagram-ricerca-mi-ingrossi
2026-10-07,Patrick Sappa,@lortodijack,L'Orto di Jack S.r.l.,Milano (MI),ortofrutta: distribuzione e rete di negozi,primo,2026-10-05-instagram-ricerca-mi-ingrossi
2026-10-07,Patrick Sappa,@maggionifiori,Maggioni Fiori,Costa Masnaga (LC),fioristi e wedding planner,primo,2026-10-05-instagram-siti-lc-fioristi
2026-10-07,Patrick Sappa,@martacamisanitattoo,Marta Camisani Tattoo,Brescia (BS),tatuatori e piercing,primo,2026-10-05-instagram-siti-bs-tatuatori
2026-10-07,Patrick Sappa,@maya_educatrice_cinofila,"Maya Fanchini, educatrice cinofila",Legnano (MI),toelettature e dog trainer,primo,2026-10-05-instagram-siti-mi-toelettature
2026-10-07,Patrick Sappa,@misterbufo_tattoostudio,Mister Bufo Tattoo Studio,Rodengo Saiano (BS),tatuatori e piercing,primo,2026-10-05-instagram-siti-bs-tatuatori
2026-10-07,Patrick Sappa,@mitril_tattoo_studio,Mitril Tattoo & Piercing,Rovato (BS),tatuatori e piercing,primo,2026-10-05-instagram-siti-bs-tatuatori
2026-10-07,Patrick Sappa,@musofedele,Muso Fedele,Torre Boldone (BG),toelettature e dog trainer,primo,2026-10-05-instagram-siti-bg-toelettature
2026-10-07,Patrick Sappa,@naturalmente_fiori,Naturalmente Fiori,Dolzago (LC),fioristi e wedding planner,primo,2026-10-05-instagram-siti-lc-fioristi
2026-10-07,Patrick Sappa,@neraluce_tattoostudio,Neraluce Tattoo Studio,Brescia (BS),tatuatori e piercing,primo,2026-10-05-instagram-siti-bs-tatuatori
2026-10-07,Patrick Sappa,@ohanaspecialdog.toelettatura,Ohana Special Dog,Levate (BG),toelettature e dog trainer,primo,2026-10-05-instagram-siti-bg-toelettature
2026-10-07,Patrick Sappa,@olga.melnikovafoto,Olga Melnikova fotografa newborn,Milano (MI),fotografi newborn e maternity,primo,2026-10-05-instagram-siti-mi-fotografi
2026-10-07,Patrick Sappa,@orbitcosmetic_,Orbit Cosmetic,Milano (MI),distribuzione e forniture per parrucchieri,primo,2026-10-05-instagram-ricerca-mi-ingrossi
2026-10-07,Patrick Sappa,@ottone_noleggi,Ottone Noleggi Srl,Milano (MI),noleggio piattaforme aeree e autogru,primo,2026-10-05-instagram-ricerca-mi-ingrossi
2026-10-07,Patrick Sappa,@pando_costruzioni,Pando Costruzioni S.r.l.,Chiari (BS),costruzioni e coperture,primo,2026-10-05-instagram-ricerca-bs-edilizia
2026-10-07,Patrick Sappa,@panizzari_,Panizzari Vini e Agriturismo,San Colombano al Lambro (MI),cantina con vigneto e agriturismo,primo,2026-10-05-instagram-ricerca-mi-agricole
2026-10-07,Patrick Sappa,@pasticceria_strada,Pasticceria Strada,Cormano (MI),pasticcerie e cake designer,primo,2026-10-05-instagram-siti-mi-pasticcerie
2026-10-07,Patrick Sappa,@pasticceria_vighi,Pasticceria Vighi,Melzo (MI),pasticcerie e cake designer,primo,2026-10-05-instagram-siti-mi-pasticcerie
2026-10-07,Patrick Sappa,@pasticceriamacale,Pasticceria Macalè,Rho (MI),pasticcerie e cake designer,primo,2026-10-05-instagram-siti-mi-pasticcerie
2026-10-07,Patrick Sappa,@petloverscenter.legnano,"Pet lovers center, toelettatura",Legnano (MI),toelettature e dog trainer,primo,2026-10-05-instagram-siti-mi-toelettature
2026-10-07,Patrick Sappa,@piccolastellatoelettatura,Piccola Stella Toelettatura,Fontanella (BG),toelettature e dog trainer,primo,2026-10-05-instagram-siti-bg-toelettature
2026-10-07,Patrick Sappa,@pix_japanese_tattoo,Pix Japanese Tattoo,Brescia (BS),tatuatori e piercing,primo,2026-10-05-instagram-siti-bs-tatuatori
2026-10-07,Patrick Sappa,@poderi_di_sanpietro,Poderi di San Pietro,San Colombano al Lambro (MI),cantina e vigneti,primo,2026-10-05-instagram-ricerca-mi-agricole
2026-10-07,Patrick Sappa,@prozacbodypiercing,Studio Pro-zac Body Piercing,Darfo Boario Terme (BS),tatuatori e piercing,primo,2026-10-05-instagram-siti-bs-tatuatori
2026-10-07,Patrick Sappa,@ramajfratelli,Fratelli Ramaj Srl,Lecco (LC),edilizia e serramenti,primo,2026-10-05-instagram-ricerca-lc-edilizia
2026-10-07,Patrick Sappa,@regnokan,"Regno Kan, toelettatura e pet shop",Legnano (MI),toelettature e dog trainer,primo,2026-10-05-instagram-siti-mi-toelettature
2026-10-07,Patrick Sappa,@rosapastry.magenta,Rosà Pasticceria Artigianale,Magenta (MI),pasticcerie e cake designer,primo,2026-10-05-instagram-siti-mi-pasticcerie
2026-10-07,Patrick Sappa,@royalnoleggio,Royal Noleggio,San Giuliano Milanese (MI),noleggio attrezzature per eventi,primo,2026-10-05-instagram-ricerca-mi-ingrossi
2026-10-07,Patrick Sappa,@sacrifice__tattoo,Sacrifice Tattoo,Castenedolo (BS),tatuatori e piercing,primo,2026-10-05-instagram-siti-bs-tatuatori
2026-10-07,Patrick Sappa,@sanfrancescosrlsocietaagricola,San Francesco Srl Società Agricola,Cerro al Lambro (MI),allevamento con macello e spaccio agricolo,primo,2026-10-05-instagram-ricerca-mi-agricole
2026-10-07,Patrick Sappa,@saradogtrainer,Sara Dog Trainer,Ambivere (BG),toelettature e dog trainer,primo,2026-10-05-instagram-siti-bg-toelettature
2026-10-07,Patrick Sappa,@smpserramenti,SMP Serramenti,Costa Masnaga (LC),edilizia e serramenti,primo,2026-10-05-instagram-ricerca-lc-edilizia
2026-10-07,Patrick Sappa,@spandrio.srl,Spandrio S.r.l.,Lecco (LC),edilizia e serramenti,primo,2026-10-05-instagram-ricerca-lc-edilizia
2026-10-07,Patrick Sappa,@spazioserserramenti,Spazio Ser Serramenti,Lecco (LC),edilizia e serramenti,primo,2026-10-05-instagram-ricerca-lc-edilizia
2026-10-07,Patrick Sappa,@ste_cat_tattoo,Studio Artistico Stefano Cataldo,Brescia (BS),tatuatori e piercing,primo,2026-10-05-instagram-siti-bs-tatuatori
2026-10-07,Patrick Sappa,@sweetkillertattoostudio,Sweet Killer Tattoo Studio,Montichiari (BS),tatuatori e piercing,primo,2026-10-05-instagram-siti-bs-tatuatori
2026-10-07,Patrick Sappa,@the_good_choice_tattoo_parlor,The Good Choice Tattoo Parlor,Montichiari (BS),tatuatori e piercing,primo,2026-10-05-instagram-siti-bs-tatuatori
2026-10-07,Patrick Sappa,@toelettatura__baulab,"Bau Lab, toelettatura da Graziella",Sovere (BG),toelettature e dog trainer,primo,2026-10-05-instagram-siti-bg-toelettature
2026-10-07,Patrick Sappa,@toelettatura_gliamicidipeter,"Gli amici di Peter, salone per cani",Melzo (MI),toelettature e dog trainer,primo,2026-10-05-instagram-siti-mi-toelettature
2026-10-07,Patrick Sappa,@toelettatura_marley,Toelettatura Marley,Pero (MI),toelettature e dog trainer,primo,2026-10-05-instagram-siti-mi-toelettature
2026-10-07,Patrick Sappa,@toelettaturalillyeilvagabondo,Toelettatura Lilly e il Vagabondo,Gorle (BG),toelettature e dog trainer,primo,2026-10-05-instagram-siti-bg-toelettature
2026-10-07,Patrick Sappa,@toelettaturamollalosso,Molla l'Osso Toelettatura,Lallio (BG),toelettature e dog trainer,primo,2026-10-05-instagram-siti-bg-toelettature
2026-10-07,Patrick Sappa,@toelettaturasoffiodipelo,Toelettatura Soffio di Pelo,Pontida (BG),toelettature e dog trainer,primo,2026-10-05-instagram-siti-bg-toelettature
2026-10-07,Patrick Sappa,@unica_pasticceria,Unica Pasticceria,Cusano Milanino (MI),pasticcerie e cake designer,primo,2026-10-05-instagram-siti-mi-pasticcerie
2026-10-07,Patrick Sappa,@uniontradespa,Uniontrade S.p.a.,Peschiera Borromeo (MI),importazione e distribuzione alimentare,primo,2026-10-05-instagram-ricerca-mi-ingrossi
2026-10-07,Patrick Sappa,@uniqueartstattoobrescia,Unique Arts Tattoo,Brescia (BS),tatuatori e piercing,primo,2026-10-05-instagram-siti-bs-tatuatori
2026-10-07,Patrick Sappa,@vetreriarattigabriele,Vetreria Ratti Gabriele Srl,Lecco (LC),edilizia e serramenti,primo,2026-10-05-instagram-ricerca-lc-edilizia
2026-10-07,Patrick Sappa,@vittybauwash,"Bau Wash, toelettatura",Sesto San Giovanni (MI),toelettature e dog trainer,primo,2026-10-05-instagram-siti-mi-toelettature
2026-10-07,Patrick Sappa,@voodoo_tattoo_bs,Voodoo Tattoo & Piercing,Pralboino (BS),tatuatori e piercing,primo,2026-10-05-instagram-siti-bs-tatuatori
2026-10-07,Patrick Sappa,@whiteliliumphotography,White Lilium Photography,Trezzano sul Naviglio (MI),fotografi di famiglia e maternity,primo,2026-10-05-instagram-siti-mi-fotografi
2026-10-07,Patrick Sappa,@ziaesterina,Zia Esterina,Garbagnate Milanese (MI),pasticcerie e cake designer,primo,2026-10-05-instagram-siti-mi-pasticcerie
2026-10-09,Patrick Sappa,@21clubtattoocusano,21 Club Tattoo,Cusano Milanino (MI),tatuatori e piercing,primo,2026-10-07-instagram-siti-mi-tatuatori
2026-10-09,Patrick Sappa,@_shark_tattoo_,Shark Tattoo,San Giuliano Milanese (MI),tatuatori e piercing,primo,2026-10-07-instagram-siti-mi-tatuatori
2026-10-09,Patrick Sappa,@adfitstudio,AD Fit Studio,Castegnato (BS),"personal trainer, pilates e yoga",primo,2026-10-07-instagram-siti-bs-trainer
2026-10-09,Patrick Sappa,@amiciperunpelo,Toelettatura Amici per un pelo,Codogno (LO),toelettature e dog trainer,primo,2026-10-07-instagram-siti-lo-toelettature
2026-10-09,Patrick Sappa,@area__pilates,Area Pilates,Sarezzo (BS),"personal trainer, pilates e yoga",primo,2026-10-07-instagram-siti-bs-trainer
2026-10-09,Patrick Sappa,@arredamenti_rusconi_srl,Arredamenti Rusconi S.r.l.,Lecco (LC),"falegnameria, arredi e serramenti su misura",primo,2026-10-07-instagram-ricerca-lc-falegnamerie
2026-10-09,Patrick Sappa,@arredamenti_tuttolegno,TuttoLegno Arredamenti,Sabbio Chiese (BS),arredamento con falegnameria interna,primo,2026-10-07-instagram-ricerca-bs-falegnamerie
2026-10-09,Patrick Sappa,@artem.inkshop,Artem Ink Shop,Nerviano (MI),tatuatori e piercing,primo,2026-10-07-instagram-siti-mi-tatuatori
2026-10-09,Patrick Sappa,@ashtangayogabrescia,Ashtanga Yoga Brescia,Ghedi (BS),"personal trainer, pilates e yoga",primo,2026-10-07-instagram-siti-bs-trainer
2026-10-09,Patrick Sappa,@atelierlabelle_chiari,Atelier LaBelle,Chiari (BS),"sartorie, atelier e tappezzieri",primo,2026-10-07-instagram-siti-bs-sartorie
2026-10-09,Patrick Sappa,@autocenterarese,Autocenter Arese,Arese (MI),"vendita usato e assistenza auto, più sedi",primo,2026-10-07-instagram-ricerca-mi-officine
2026-10-09,Patrick Sappa,@autocogliati_spa,Autocogliati S.p.A.,Merate (LC),"concessionaria e assistenza auto, più marchi e sedi",primo,2026-10-07-instagram-ricerca-lc-officine
2026-10-09,Patrick Sappa,@bcgomme,B&C Gomme,Garlate (LC),"gommista, meccanica ed elettrauto",primo,2026-10-07-instagram-ricerca-lc-officine
2026-10-09,Patrick Sappa,@bestoftimes_tattoo,Best of Times Tattoo,Milano (MI),tatuatori e piercing,primo,2026-10-07-instagram-siti-mi-tatuatori
2026-10-09,Patrick Sappa,@carrozzeria_ghezzi,Carrozzeria F.lli Ghezzi,Sirtori (LC),carrozzeria,primo,2026-10-07-instagram-ricerca-lc-officine
2026-10-09,Patrick Sappa,@carrozzeria_zcargiulia,Carrozzeria Zcar Giulia,Settimo Milanese (MI),carrozzeria,primo,2026-10-07-instagram-ricerca-mi-officine
2026-10-09,Patrick Sappa,@carrozzeriaadda,Carrozzeria Adda,Valmadrera (LC),carrozzeria,primo,2026-10-07-instagram-ricerca-lc-officine
2026-10-09,Patrick Sappa,@carrozzeriabottini,Carrozzeria Bottini 1946 Snc,San Giorgio su Legnano (MI),carrozzeria e restauro auto d'epoca,primo,2026-10-07-instagram-ricerca-mi-officine
2026-10-09,Patrick Sappa,@carrozzeriacarpointsrl,Carrozzeria Car Point Srl,Magenta (MI),carrozzeria e riparazione cristalli,primo,2026-10-07-instagram-ricerca-mi-officine
2026-10-09,Patrick Sappa,@carrozzeriacolombo_magenta,Carrozzeria Artigiana Colombo,Magenta (MI),carrozzeria,primo,2026-10-07-instagram-ricerca-mi-officine
2026-10-09,Patrick Sappa,@carrozzeriacomi,Carrozzeria Comi,Robbiate (LC),carrozzeria e centro grandine,primo,2026-10-07-instagram-ricerca-lc-officine
2026-10-09,Patrick Sappa,@carrozzeriaeffe,Carrozzeria EFFE (ex Nava),Senago (MI),carrozzeria auto e veicoli industriali,primo,2026-10-07-instagram-ricerca-mi-officine
2026-10-09,Patrick Sappa,@carsestese,Nuova Carrozzeria Sestese,Sesto San Giovanni (MI),carrozzeria e personalizzazione auto,primo,2026-10-07-instagram-ricerca-mi-officine
2026-10-09,Patrick Sappa,@carsgomme_olginate_,Cars Gomme Srl,Olginate (LC),"gommista auto, moto e mezzi pesanti con officina mobile",primo,2026-10-07-instagram-ricerca-lc-officine
2026-10-09,Patrick Sappa,@cavalsrl_official,Caval S.r.l.,Valmadrera (LC),"distribuzione vini, birre e liquori, regalistica",primo,2026-10-07-instagram-ricerca-lc-ingrossi
2026-10-09,Patrick Sappa,@colorstattoomilano,Colors Tattoo,Milano (MI),tatuatori e piercing,primo,2026-10-07-instagram-siti-mi-tatuatori
2026-10-09,Patrick Sappa,@colpi.di.coda_lodi,"Colpi di Coda, toelettatura e spa",Lodi (LO),toelettature e dog trainer,primo,2026-10-07-instagram-siti-lo-toelettature
2026-10-09,Patrick Sappa,@conessenza,Conessenza (Stefania sartoria),Brescia (BS),"sartorie, atelier e tappezzieri",primo,2026-10-07-instagram-siti-bs-sartorie
2026-10-09,Patrick Sappa,@core_pilateshouse,Core Pilates House,Brescia (BS),"personal trainer, pilates e yoga",primo,2026-10-07-instagram-siti-bs-trainer
2026-10-09,Patrick Sappa,@coverd_bioedilizia,Coverd S.r.l.,Verderio (LC),commercio isolanti in sughero per bioedilizia e acustica,primo,2026-10-07-instagram-ricerca-lc-ingrossi
2026-10-09,Patrick Sappa,@daleotattoo,Daleo Tattoo,Cisliano (MI),tatuatori e piercing,primo,2026-10-07-instagram-siti-mi-tatuatori
2026-10-09,Patrick Sappa,@degiovanettisas,De Giovanetti S.a.s. di De Giovanetti Maurizio & C.,Valmadrera (LC),distribuzione prodotti e arredi per parrucchieri ed estetiste,primo,2026-10-07-instagram-ricerca-lc-ingrossi
2026-10-09,Patrick Sappa,@design.carrozzeria,Design e Carrozzeria Sironi Snc,Bosisio Parini (LC),carrozzeria e verniciatura conto terzi,primo,2026-10-07-instagram-ricerca-lc-officine
2026-10-09,Patrick Sappa,@dharmayoga_franciacorta,Dharma Yoga Franciacorta,Erbusco (BS),"personal trainer, pilates e yoga",primo,2026-10-07-instagram-siti-bs-trainer
2026-10-09,Patrick Sappa,@eli.inyoga,Elisabetta Bertagna Yoga,Brescia (BS),"personal trainer, pilates e yoga",primo,2026-10-07-instagram-siti-bs-trainer
2026-10-09,Patrick Sappa,@elisapilates_studio,Elisa Pilates Studio di Elisa Forloni,Mairano (BS),"personal trainer, pilates e yoga",primo,2026-10-07-instagram-siti-bs-trainer
2026-10-09,Patrick Sappa,@elixirtattoo_corbetta,Elixir Tattoo,Corbetta (MI),tatuatori e piercing,primo,2026-10-07-instagram-siti-mi-tatuatori
2026-10-09,Patrick Sappa,@essenzadinkiostro,Essenza D'Inkiostro,Pieve Emanuele (MI),tatuatori e piercing,primo,2026-10-07-instagram-siti-mi-tatuatori
2026-10-09,Patrick Sappa,@falegnameria_flli_scalvini,Falegnameria F.lli Scalvini S.n.c.,Torbole Casaglia (BS),"falegnameria, mobili su misura",primo,2026-10-07-instagram-ricerca-bs-falegnamerie
2026-10-09,Patrick Sappa,@falegnameria_maffietti,Falegnameria Maffietti,Lonato del Garda (BS),"falegnameria, arredi e serramenti su misura",primo,2026-10-07-instagram-ricerca-bs-falegnamerie
2026-10-09,Patrick Sappa,@falegnameria_zanagnolo,Falegnameria Zanagnolo,Villa Carcina (BS),"falegnameria, arredi su misura",primo,2026-10-07-instagram-ricerca-bs-falegnamerie
2026-10-09,Patrick Sappa,@falegnameriacolangelo,Falegnameria Colangelo,Valmadrera (LC),"falegnameria, mobili su misura",primo,2026-10-07-instagram-ricerca-lc-falegnamerie
2026-10-09,Patrick Sappa,@falegnameriaspini,Falegnameria Spini,Gussago (BS),"falegnameria, arredo su misura",primo,2026-10-07-instagram-ricerca-bs-falegnamerie
2026-10-09,Patrick Sappa,@far_arreda,Far Arreda,Roncadelle (BS),arredamento con falegnameria interna,primo,2026-10-07-instagram-ricerca-bs-falegnamerie
2026-10-09,Patrick Sappa,@federicapiccoli_cinofilia,"Federica Piccoli Cinofilia, educatrice cinofila",Lodi (LO),toelettature e dog trainer,primo,2026-10-07-instagram-siti-lo-toelettature
2026-10-09,Patrick Sappa,@fevalsrl,Feval S.r.l. (Feval Elettroforniture),Lecco (LC),distribuzione materiale elettrico,primo,2026-10-07-instagram-ricerca-lc-ingrossi
2026-10-09,Patrick Sappa,@fly_yoga_garda,Fly Yoga Garda (Olga),Desenzano del Garda (BS),"personal trainer, pilates e yoga",primo,2026-10-07-instagram-siti-bs-trainer
2026-10-09,Patrick Sappa,@fonzy_shower_dog,"Fonzy Shower Dog, toelettatura",Segrate (MI),toelettature e dog trainer,primo,2026-10-07-instagram-siti-mi-toelettature
2026-10-09,Patrick Sappa,@geafloraingrossofiori,Gea Flora di Acerbi Guerrino,Valmadrera (LC),ingrosso fiori recisi e piante per fioristi,primo,2026-10-07-instagram-ricerca-lc-ingrossi
2026-10-09,Patrick Sappa,@gerosaserramenti,Gerosa Serramenti,Oggiono (LC),"serramenti su misura, produzione propria",primo,2026-10-07-instagram-ricerca-lc-falegnamerie
2026-10-09,Patrick Sappa,@golden.dogs_toelettatura,"Golden Dogs, toelettatura",Cervignano d'Adda (LO),toelettature e dog trainer,primo,2026-10-07-instagram-siti-lo-toelettature
2026-10-09,Patrick Sappa,@henbor_officialpage,Henbor di Gianola Antonio & Biagio S.n.c.,Premana (LC),produzione e distribuzione forbici e strumenti per parrucchieri,primo,2026-10-07-instagram-ricerca-lc-ingrossi
2026-10-09,Patrick Sappa,@inspiredpiccolasartoria,Inspired Piccola Sartoria,Adro (BS),"sartorie, atelier e tappezzieri",primo,2026-10-07-instagram-siti-bs-sartorie
2026-10-09,Patrick Sappa,@italianaterricci,Italiana Terricci (Valagussa Ambiente),Merate (LC),"produzione e vendita di terricci, inerti e concimi",primo,2026-10-07-instagram-ricerca-lc-ingrossi
2026-10-09,Patrick Sappa,@jolyetattoo,Jolye,Cormano (MI),tatuatori e piercing,primo,2026-10-07-instagram-siti-mi-tatuatori
2026-10-09,Patrick Sappa,@krinotools,Krino S.r.l.,Monticello Brianza (LC),produzione e distribuzione utensili da taglio,primo,2026-10-07-instagram-ricerca-lc-ingrossi
2026-10-09,Patrick Sappa,@laab.studio.pilates,LAAB Studio Pilates di Barbara Signorelli,Brescia (BS),"personal trainer, pilates e yoga",primo,2026-10-07-instagram-siti-bs-trainer
2026-10-09,Patrick Sappa,@ladyotaku_tattoostudio,Lady Otaku Tattoo Studio,Vittuone (MI),tatuatori e piercing,primo,2026-10-07-instagram-siti-mi-tatuatori
2026-10-09,Patrick Sappa,@lafalegnameriarampini,La Falegnameria Rampini,Manerbio (BS),"falegnameria, arredi per case e negozi",primo,2026-10-07-instagram-ricerca-bs-falegnamerie
2026-10-09,Patrick Sappa,@lavmitattoo,Lav Mì Tattoo,Inzago (MI),tatuatori e piercing,primo,2026-10-07-instagram-siti-mi-tatuatori
2026-10-09,Patrick Sappa,@legnamilano,Legna da Berbiu (legnamilano.com),Osnago (LC),ingrosso e dettaglio legna da ardere e pellet,primo,2026-10-07-instagram-ricerca-lc-ingrossi
2026-10-09,Patrick Sappa,@legnoforniture.srl,Legnoforniture S.r.l.,Lecco (LC),"ingrosso pannelli in legno, porte e articoli per falegnameria",primo,2026-10-07-instagram-ricerca-lc-ingrossi
2026-10-09,Patrick Sappa,@marcobasontrainer,Studio Personal Training Marco Bason,Brescia (BS),"personal trainer, pilates e yoga",primo,2026-10-07-instagram-siti-bs-trainer
2026-10-09,Patrick Sappa,@martacolombo.atelier,Marta Colombo Atelier,Abbiategrasso (MI),"sartorie, atelier e tappezzieri",primo,2026-10-07-instagram-siti-mi-sartorie
2026-10-09,Patrick Sappa,@metaldecorsrl,Metaldecor S.r.l.,Dervio (LC),produzione e distribuzione accessori per ferramenta e mobili,primo,2026-10-07-instagram-ricerca-lc-ingrossi
2026-10-09,Patrick Sappa,@miky_pilates_desenzano,Miky Pilates (Mihaela Sava),Desenzano del Garda (BS),"personal trainer, pilates e yoga",primo,2026-10-07-instagram-siti-bs-trainer
2026-10-09,Patrick Sappa,@milanodogcamp.inzago,"Milano Dog Camp, educazione cinofila",Inzago (MI),toelettature e dog trainer,primo,2026-10-07-instagram-siti-mi-toelettature
2026-10-09,Patrick Sappa,@mobilificiobertoli,Falegnameria Bertoli,Gavardo (BS),"falegnameria, mobili in legno su misura",primo,2026-10-07-instagram-ricerca-bs-falegnamerie
2026-10-09,Patrick Sappa,@monks_suit,Monks Suit,Milano (MI),"sartorie, atelier e tappezzieri",primo,2026-10-07-instagram-siti-mi-sartorie
2026-10-09,Patrick Sappa,@natalia.yoga.brescia,Natalia Yoga e Massaggio,Brescia (BS),"personal trainer, pilates e yoga",primo,2026-10-07-instagram-siti-bs-trainer
2026-10-09,Patrick Sappa,@noveusato,Noveusato S.r.l.,Calco (LC),vendita e noleggio macchine edili e agricole,primo,2026-10-07-instagram-ricerca-lc-ingrossi
2026-10-09,Patrick Sappa,@ottopilates,Otto Pilates Studio (Anna),Brescia (BS),"personal trainer, pilates e yoga",primo,2026-10-07-instagram-siti-bs-trainer
2026-10-09,Patrick Sappa,@otty_and_the_dogs,"Otty and the dogs, toelettatura",Casalpusterlengo (LO),toelettature e dog trainer,primo,2026-10-07-instagram-siti-lo-toelettature
2026-10-09,Patrick Sappa,@painiarredamenti,Paini Arredamenti,Flero (BS),falegnameria e arredamento su misura,primo,2026-10-07-instagram-ricerca-bs-falegnamerie
2026-10-09,Patrick Sappa,@paolagiudici1983,Paola Giudici Yoga,Cividate Camuno (BS),"personal trainer, pilates e yoga",primo,2026-10-07-instagram-siti-bs-trainer
2026-10-09,Patrick Sappa,@pea_wood_design,Pea Wood Design,Rovato (BS),"falegnameria, arredi per case e locali",primo,2026-10-07-instagram-ricerca-bs-falegnamerie
2026-10-09,Patrick Sappa,@petitemaison_toelettatura,Petite Maison Toelettatura & Spa,Milano (MI),toelettature e dog trainer,primo,2026-10-07-instagram-siti-mi-toelettature
2026-10-09,Patrick Sappa,@pilates_by_alisa,Pilates by Alisa,Brescia (BS),"personal trainer, pilates e yoga",primo,2026-10-07-instagram-siti-bs-trainer
2026-10-09,Patrick Sappa,@pilates_for_me_,Pilates For Me,Palazzolo sull'Oglio (BS),"personal trainer, pilates e yoga",primo,2026-10-07-instagram-siti-bs-trainer
2026-10-09,Patrick Sappa,@pilatessuite34,Pilates Suite 34,Brescia (BS),"personal trainer, pilates e yoga",primo,2026-10-07-instagram-siti-bs-trainer
2026-10-09,Patrick Sappa,@pink_carpet_toelettatura,Pink CarPet Toelettatura,Settimo Milanese (MI),toelettature e dog trainer,primo,2026-10-07-instagram-siti-mi-toelettature
2026-10-09,Patrick Sappa,@pirovanowines,Cantine Pirovano S.n.c.,Calco (LC),cantina di affinamento e distribuzione vini,primo,2026-10-07-instagram-ricerca-lc-ingrossi
2026-10-09,Patrick Sappa,@primesoultattoo,Prime Soul Tattoo,Milano (MI),tatuatori e piercing,primo,2026-10-07-instagram-siti-mi-tatuatori
2026-10-09,Patrick Sappa,@revisioni_espinasse_milano,Centro Revisioni Espinasse,Milano (MI),centro revisioni auto e moto,primo,2026-10-07-instagram-ricerca-mi-officine
2026-10-09,Patrick Sappa,@rho_ink,Rho Ink,Rho (MI),tatuatori e piercing,primo,2026-10-07-instagram-siti-mi-tatuatori
2026-10-09,Patrick Sappa,@rideontattoostudio,Ride On Tattoo Studio,Abbiategrasso (MI),tatuatori e piercing,primo,2026-10-07-instagram-siti-mi-tatuatori
2026-10-09,Patrick Sappa,@rigonisrl,Rigoni S.r.l.,Valmadrera (LC),distribuzione bevande per l'Horeca,primo,2026-10-07-instagram-ricerca-lc-ingrossi
2026-10-09,Patrick Sappa,@riversideklantattoo,River Side Klan Tattoo,Milano (MI),tatuatori e piercing,primo,2026-10-07-instagram-siti-mi-tatuatori
2026-10-09,Patrick Sappa,@rocknroll_tattoosenago,Rock'n Roll Tattoo,Senago (MI),tatuatori e piercing,primo,2026-10-07-instagram-siti-mi-tatuatori
2026-10-09,Patrick Sappa,@rondowtattoolab,Rondow Tattoo Lab,Rozzano (MI),tatuatori e piercing,primo,2026-10-07-instagram-siti-mi-tatuatori
2026-10-09,Patrick Sappa,@s74pilates,Studio 74 Pilates,Montichiari (BS),"personal trainer, pilates e yoga",primo,2026-10-07-instagram-siti-bs-trainer
2026-10-09,Patrick Sappa,@salalucianoauto,Sala Luciano Srl,Lecco (LC),concessionaria e officina auto e veicoli commerciali,primo,2026-10-07-instagram-ricerca-lc-officine
2026-10-09,Patrick Sappa,@sartoriabrenna,Sartoria Brenna,Pioltello (MI),"sartorie, atelier e tappezzieri",primo,2026-10-07-instagram-siti-mi-sartorie
2026-10-09,Patrick Sappa,@sartoriafilodilavanda,Sartoria Filo di Lavanda,Lonato del Garda (BS),"sartorie, atelier e tappezzieri",primo,2026-10-07-instagram-siti-bs-sartorie
2026-10-09,Patrick Sappa,@satatttvision,Satatttvision,Milano (MI),tatuatori e piercing,primo,2026-10-07-instagram-siti-mi-tatuatori
2026-10-09,Patrick Sappa,@scaleitalia,Scale Italia,Rezzato (BS),"scale e soppalchi in legno, produzione e posa",primo,2026-10-07-instagram-ricerca-bs-falegnamerie
2026-10-09,Patrick Sappa,@sherpatattoo,Sherpa Tattoo & Piercing Studio,Cuggiono (MI),tatuatori e piercing,primo,2026-10-07-instagram-siti-mi-tatuatori
2026-10-09,Patrick Sappa,@simonepensatotappezziere,Tappezzeria Pensato,Milano (MI),"sartorie, atelier e tappezzieri",primo,2026-10-07-instagram-siti-mi-sartorie
2026-10-09,Patrick Sappa,@sironecarni,Sirone Carni di Minoretti Mario e C. S.n.c.,Sirone (LC),commercio carni per la ristorazione collettiva,primo,2026-10-07-instagram-ricerca-lc-ingrossi
2026-10-09,Patrick Sappa,@sivar_ink_tattoo,Sivar Ink Tattoo,Canegrate (MI),tatuatori e piercing,primo,2026-10-07-instagram-siti-mi-tatuatori
2026-10-09,Patrick Sappa,@solid_tattoo_studio,Solid Tattoo Studio,Cornaredo (MI),tatuatori e piercing,primo,2026-10-07-instagram-siti-mi-tatuatori
2026-10-09,Patrick Sappa,@spazioyoga.desenzano,Spazio Yoga Desenzano (Elisa),Desenzano del Garda (BS),"personal trainer, pilates e yoga",primo,2026-10-07-instagram-siti-bs-trainer
2026-10-09,Patrick Sappa,@studioromano,Studio Romano Pilates,Puegnago del Garda (BS),"personal trainer, pilates e yoga",primo,2026-10-07-instagram-siti-bs-trainer
2026-10-09,Patrick Sappa,@taberna_viridis,Taberna Viridis,Magenta (MI),tatuatori e piercing,primo,2026-10-07-instagram-siti-mi-tatuatori
2026-10-09,Patrick Sappa,@tanjaalessipilates,Millepilates (Tanja Alessi),Desenzano del Garda (BS),"personal trainer, pilates e yoga",primo,2026-10-07-instagram-siti-bs-trainer
2026-10-09,Patrick Sappa,@tecnoct_ferramenta,Tecno C.T. S.r.l.,Colico (LC),ferramenta e utensileria per professionisti,primo,2026-10-07-instagram-ricerca-lc-ingrossi
2026-10-09,Patrick Sappa,@thedandypilates,The Dandy Pilates di Fabio Gambarotto,Montichiari (BS),"personal trainer, pilates e yoga",primo,2026-10-07-instagram-siti-bs-trainer
2026-10-09,Patrick Sappa,@theloftstudio.brescia,The Loft Studio Pilates & Yoga,Brescia (BS),"personal trainer, pilates e yoga",primo,2026-10-07-instagram-siti-bs-trainer
2026-10-09,Patrick Sappa,@toelettatura_il_bagnetto,Toelettatura Il Bagnetto,Somaglia (LO),toelettature e dog trainer,primo,2026-10-07-instagram-siti-lo-toelettature
2026-10-09,Patrick Sappa,@topcarsrl,Top Car Srl,Bulciago (LC),"vendita e noleggio carrelli elevatori, piattaforme e mezzi da cantiere",primo,2026-10-07-instagram-ricerca-lc-ingrossi
2026-10-09,Patrick Sappa,@vale_naturopata,Valentina Tomasoni Naturopatia & Yoga,Brescia (BS),"personal trainer, pilates e yoga",primo,2026-10-07-instagram-siti-bs-trainer
2026-10-09,Patrick Sappa,@venerota,Ferramenta Venerota S.r.l.,Lecco (LC),"ferramenta tecnica, ingrosso e dettaglio",primo,2026-10-07-instagram-ricerca-lc-ingrossi
2026-10-09,Patrick Sappa,@wonderwalltattoostudio_,Wonderwall Tattoo Studio,Vimodrone (MI),tatuatori e piercing,primo,2026-10-07-instagram-siti-mi-tatuatori
2026-10-09,Patrick Sappa,@woodlabsrl,WoodLab S.r.l.,Concesio (BS),"falegnameria, arredi su misura",primo,2026-10-07-instagram-ricerca-bs-falegnamerie
2026-10-09,Patrick Sappa,@youcanvastattoo,You Canvas Tattoo Studio,Trezzano sul Naviglio (MI),tatuatori e piercing,primo,2026-10-07-instagram-siti-mi-tatuatori
2026-10-09,Patrick Sappa,@yumapilates,Yuma Studio Pilates,Brescia (BS),"personal trainer, pilates e yoga",primo,2026-10-07-instagram-siti-bs-trainer
2026-10-09,Patrick Sappa,@zaira_yoga,Zaira Yoga,Gavardo (BS),"personal trainer, pilates e yoga",primo,2026-10-07-instagram-siti-bs-trainer
